** WARNING: connection is not using a post-quantum key exchange algorithm.
** This session may be vulnerable to "store now, decrypt later" attacks.
** The server may need to be upgraded. See https://openssh.com/pq.html
Making install in include
make[1]: Entering directory '/tmp/openzfs-dodb/include'
make[2]: Entering directory '/tmp/openzfs-dodb/include'
make[2]: Nothing to be done for 'install-exec-am'.
 /usr/bin/mkdir -p '/usr/src/zfs-2.2.11/include/linux'
 /usr/bin/install -c -m 644 os/linux/kernel/linux/blkdev_compat.h os/linux/kernel/linux/compiler_compat.h os/linux/kernel/linux/dcache_compat.h os/linux/kernel/linux/kmap_compat.h os/linux/kernel/linux/mm_compat.h os/linux/kernel/linux/mod_compat.h os/linux/kernel/linux/page_compat.h os/linux/kernel/linux/pagemap_compat.h os/linux/kernel/linux/simd.h os/linux/kernel/linux/simd_aarch64.h os/linux/kernel/linux/simd_arm.h os/linux/kernel/linux/simd_powerpc.h os/linux/kernel/linux/simd_x86.h os/linux/kernel/linux/utsname_compat.h os/linux/kernel/linux/vfs_compat.h os/linux/kernel/linux/xattr_compat.h '/usr/src/zfs-2.2.11/include/linux'
 /usr/bin/mkdir -p '/usr/src/zfs-2.2.11/include/spl/sys/ia32'
 /usr/bin/install -c -m 644 os/linux/spl/sys/ia32/asm_linkage.h '/usr/src/zfs-2.2.11/include/spl/sys/ia32'
 /usr/bin/mkdir -p '/usr/src/zfs-2.2.11/include/spl/rpc'
 /usr/bin/install -c -m 644 os/linux/spl/rpc/types.h os/linux/spl/rpc/xdr.h '/usr/src/zfs-2.2.11/include/spl/rpc'
 /usr/bin/mkdir -p '/usr/src/zfs-2.2.11/include/spl/sys'
 /usr/bin/install -c -m 644 os/linux/spl/sys/acl.h os/linux/spl/sys/atomic.h os/linux/spl/sys/byteorder.h os/linux/spl/sys/callb.h os/linux/spl/sys/callo.h os/linux/spl/sys/cmn_err.h os/linux/spl/sys/condvar.h os/linux/spl/sys/cred.h os/linux/spl/sys/ctype.h os/linux/spl/sys/debug.h os/linux/spl/sys/disp.h os/linux/spl/sys/dkio.h os/linux/spl/sys/errno.h os/linux/spl/sys/fcntl.h os/linux/spl/sys/file.h os/linux/spl/sys/inttypes.h os/linux/spl/sys/isa_defs.h os/linux/spl/sys/kmem.h os/linux/spl/sys/kmem_cache.h os/linux/spl/sys/kstat.h os/linux/spl/sys/list.h os/linux/spl/sys/misc.h os/linux/spl/sys/mod_os.h os/linux/spl/sys/mutex.h os/linux/spl/sys/param.h os/linux/spl/sys/proc.h os/linux/spl/sys/processor.h os/linux/spl/sys/procfs_list.h os/linux/spl/sys/random.h os/linux/spl/sys/rwlock.h os/linux/spl/sys/shrinker.h os/linux/spl/sys/sid.h os/linux/spl/sys/signal.h os/linux/spl/sys/simd.h os/linux/spl/sys/stat.h os/linux/spl/sys/string.h os/linux/spl/sys/sunddi.h os/linux/spl/sys/sysmacros.h os/linux/spl/sys/systeminfo.h os/linux/spl/sys/taskq.h '/usr/src/zfs-2.2.11/include/spl/sys'
 /usr/bin/install -c -m 644 os/linux/spl/sys/thread.h os/linux/spl/sys/time.h os/linux/spl/sys/timer.h os/linux/spl/sys/trace.h os/linux/spl/sys/trace_spl.h os/linux/spl/sys/trace_taskq.h os/linux/spl/sys/tsd.h os/linux/spl/sys/types.h os/linux/spl/sys/types32.h os/linux/spl/sys/uio.h os/linux/spl/sys/user.h os/linux/spl/sys/vfs.h os/linux/spl/sys/vmem.h os/linux/spl/sys/vmsystm.h os/linux/spl/sys/vnode.h os/linux/spl/sys/wait.h os/linux/spl/sys/wmsum.h os/linux/spl/sys/zmod.h os/linux/spl/sys/zone.h '/usr/src/zfs-2.2.11/include/spl/sys'
 /usr/bin/mkdir -p '/usr/src/zfs-2.2.11/include/sys'
 /usr/bin/install -c -m 644 os/linux/zfs/sys/abd_os.h os/linux/zfs/sys/abd_impl_os.h os/linux/zfs/sys/policy.h os/linux/zfs/sys/trace_acl.h os/linux/zfs/sys/trace_arc.h os/linux/zfs/sys/trace_common.h os/linux/zfs/sys/trace_dbgmsg.h os/linux/zfs/sys/trace_dbuf.h os/linux/zfs/sys/trace_dmu.h os/linux/zfs/sys/trace_dnode.h os/linux/zfs/sys/trace_multilist.h os/linux/zfs/sys/trace_rrwlock.h os/linux/zfs/sys/trace_txg.h os/linux/zfs/sys/trace_vdev.h os/linux/zfs/sys/trace_zfs.h os/linux/zfs/sys/trace_zil.h os/linux/zfs/sys/trace_zio.h os/linux/zfs/sys/trace_zrlock.h os/linux/zfs/sys/zfs_bootenv_os.h os/linux/zfs/sys/zfs_context_os.h os/linux/zfs/sys/zfs_ctldir.h os/linux/zfs/sys/zfs_dir.h os/linux/zfs/sys/zfs_vfsops_os.h os/linux/zfs/sys/zfs_vnops_os.h os/linux/zfs/sys/zfs_znode_impl.h os/linux/zfs/sys/zpl.h '/usr/src/zfs-2.2.11/include/sys'
 /usr/bin/mkdir -p '/usr/src/zfs-2.2.11/include'
 /usr/bin/mkdir -p '/usr/src/zfs-2.2.11/include/sys'
 /usr/bin/install -c -m 644  sys/abd.h sys/abd_impl.h sys/aggsum.h sys/arc.h sys/arc_impl.h sys/asm_linkage.h sys/avl.h sys/avl_impl.h sys/bitmap.h sys/bitops.h sys/blake3.h sys/blkptr.h sys/bplist.h sys/bpobj.h sys/bptree.h sys/bqueue.h sys/btree.h sys/brt.h sys/brt_impl.h sys/dataset_kstats.h sys/dbuf.h sys/ddt.h sys/dmu.h sys/dmu_impl.h sys/dmu_objset.h sys/dmu_recv.h sys/dmu_redact.h sys/dmu_send.h sys/dmu_traverse.h sys/dmu_tx.h sys/dmu_zfetch.h sys/dnode.h sys/dsl_bookmark.h sys/dsl_crypt.h sys/dsl_dataset.h sys/dsl_deadlist.h sys/dsl_deleg.h sys/dsl_destroy.h sys/dsl_dir.h sys/dsl_pool.h '/usr/src/zfs-2.2.11/include/sys'
 /usr/bin/mkdir -p '/usr/src/zfs-2.2.11/include/sys'
 /usr/bin/install -c -m 644  sys/dsl_prop.h sys/dsl_scan.h sys/dsl_synctask.h sys/dsl_userhold.h sys/edonr.h sys/efi_partition.h sys/frame.h sys/hkdf.h sys/metaslab.h sys/metaslab_impl.h sys/mmp.h sys/mntent.h sys/mod.h sys/multilist.h sys/nvpair.h sys/nvpair_impl.h sys/objlist.h sys/pathname.h sys/qat.h sys/range_tree.h sys/rrwlock.h sys/sa.h sys/sa_impl.h sys/sha2.h sys/skein.h sys/spa.h sys/spa_checkpoint.h sys/spa_checksum.h sys/spa_impl.h sys/spa_log_spacemap.h sys/space_map.h sys/space_reftree.h sys/sysevent.h sys/txg.h sys/txg_impl.h sys/u8_textprep.h sys/u8_textprep_data.h sys/uberblock.h sys/uberblock_impl.h sys/uio_impl.h '/usr/src/zfs-2.2.11/include/sys'
 /usr/bin/mkdir -p '/usr/src/zfs-2.2.11/include/sys'
 /usr/bin/install -c -m 644  sys/unique.h sys/uuid.h sys/vdev.h sys/vdev_disk.h sys/vdev_draid.h sys/vdev_file.h sys/vdev_impl.h sys/vdev_indirect_births.h sys/vdev_indirect_mapping.h sys/vdev_initialize.h sys/vdev_raidz.h sys/vdev_raidz_impl.h sys/vdev_rebuild.h sys/vdev_removal.h sys/vdev_trim.h sys/xvattr.h sys/zap.h sys/zap_impl.h sys/zap_leaf.h sys/zcp.h sys/zcp_global.h sys/zcp_iter.h sys/zcp_prop.h sys/zcp_set.h sys/zfeature.h sys/zfs_acl.h sys/zfs_bootenv.h sys/zfs_chksum.h sys/zfs_context.h sys/zfs_debug.h sys/zfs_delay.h sys/zfs_file.h sys/zfs_fuid.h sys/zfs_impl.h sys/zfs_project.h sys/zfs_quota.h sys/zfs_racct.h sys/zfs_ratelimit.h sys/zfs_refcount.h sys/zfs_rlock.h '/usr/src/zfs-2.2.11/include/sys'
 /usr/bin/mkdir -p '/usr/src/zfs-2.2.11/include/sys/zstd'
 /usr/bin/install -c -m 644  sys/zstd/zstd.h '/usr/src/zfs-2.2.11/include/sys/zstd'
 /usr/bin/mkdir -p '/usr/src/zfs-2.2.11/include/sys/fs'
 /usr/bin/install -c -m 644  sys/fs/zfs.h '/usr/src/zfs-2.2.11/include/sys/fs'
 /usr/bin/mkdir -p '/usr/src/zfs-2.2.11/include/sys/fm/fs'
 /usr/bin/install -c -m 644  sys/fm/fs/zfs.h '/usr/src/zfs-2.2.11/include/sys/fm/fs'
 /usr/bin/mkdir -p '/usr/src/zfs-2.2.11/include/sys'
 /usr/bin/install -c -m 644  sys/zfs_sa.h sys/zfs_stat.h sys/zfs_sysfs.h sys/zfs_vfsops.h sys/zfs_vnops.h sys/zfs_znode.h sys/zil.h sys/zil_impl.h sys/zio.h sys/zio_checksum.h sys/zio_compress.h sys/zio_crypt.h sys/zio_impl.h sys/zio_priority.h sys/zrlock.h sys/zthr.h sys/zfs_ioctl.h sys/zfs_ioctl_impl.h sys/zfs_onexit.h sys/zvol.h sys/zvol_impl.h '/usr/src/zfs-2.2.11/include/sys'
 /usr/bin/mkdir -p '/usr/src/zfs-2.2.11/include/sys/fm'
 /usr/bin/install -c -m 644  sys/fm/protocol.h sys/fm/util.h '/usr/src/zfs-2.2.11/include/sys/fm'
 /usr/bin/install -c -m 644  cityhash.h zfeature_common.h zfs_comutil.h zfs_deleg.h zfs_fletcher.h zfs_namecheck.h zfs_prop.h zfs_valstr.h '/usr/src/zfs-2.2.11/include/.'
 /usr/bin/mkdir -p '/usr/src/zfs-2.2.11/include/sys/lua'
 /usr/bin/install -c -m 644  sys/lua/lauxlib.h sys/lua/lua.h sys/lua/luaconf.h sys/lua/lualib.h '/usr/src/zfs-2.2.11/include/sys/lua'
 /usr/bin/mkdir -p '/usr/src/zfs-2.2.11/include/sys/sysevent'
 /usr/bin/install -c -m 644  sys/sysevent/dev.h sys/sysevent/eventdefs.h '/usr/src/zfs-2.2.11/include/sys/sysevent'
 /usr/bin/mkdir -p '/usr/src/zfs-2.2.11/include/sys/crypto'
 /usr/bin/install -c -m 644  sys/crypto/api.h sys/crypto/common.h sys/crypto/icp.h '/usr/src/zfs-2.2.11/include/sys/crypto'
 /usr/bin/mkdir -p '/usr/include/libzfs'
 /usr/bin/mkdir -p '/usr/include/libzfs/sys'
 /usr/bin/install -c -m 644  sys/abd.h sys/abd_impl.h sys/aggsum.h sys/arc.h sys/arc_impl.h sys/asm_linkage.h sys/avl.h sys/avl_impl.h sys/bitmap.h sys/bitops.h sys/blake3.h sys/blkptr.h sys/bplist.h sys/bpobj.h sys/bptree.h sys/bqueue.h sys/btree.h sys/brt.h sys/brt_impl.h sys/dataset_kstats.h sys/dbuf.h sys/ddt.h sys/dmu.h sys/dmu_impl.h sys/dmu_objset.h sys/dmu_recv.h sys/dmu_redact.h sys/dmu_send.h sys/dmu_traverse.h sys/dmu_tx.h sys/dmu_zfetch.h sys/dnode.h sys/dsl_bookmark.h sys/dsl_crypt.h sys/dsl_dataset.h sys/dsl_deadlist.h sys/dsl_deleg.h sys/dsl_destroy.h sys/dsl_dir.h sys/dsl_pool.h '/usr/include/libzfs/sys'
 /usr/bin/mkdir -p '/usr/include/libzfs/sys'
 /usr/bin/install -c -m 644  sys/dsl_prop.h sys/dsl_scan.h sys/dsl_synctask.h sys/dsl_userhold.h sys/edonr.h sys/efi_partition.h sys/frame.h sys/hkdf.h sys/metaslab.h sys/metaslab_impl.h sys/mmp.h sys/mntent.h sys/mod.h sys/multilist.h sys/nvpair.h sys/nvpair_impl.h sys/objlist.h sys/pathname.h sys/qat.h sys/range_tree.h sys/rrwlock.h sys/sa.h sys/sa_impl.h sys/sha2.h sys/skein.h sys/spa.h sys/spa_checkpoint.h sys/spa_checksum.h sys/spa_impl.h sys/spa_log_spacemap.h sys/space_map.h sys/space_reftree.h sys/sysevent.h sys/txg.h sys/txg_impl.h sys/u8_textprep.h sys/u8_textprep_data.h sys/uberblock.h sys/uberblock_impl.h sys/uio_impl.h '/usr/include/libzfs/sys'
 /usr/bin/mkdir -p '/usr/include/libzfs/sys'
 /usr/bin/install -c -m 644  sys/unique.h sys/uuid.h sys/vdev.h sys/vdev_disk.h sys/vdev_draid.h sys/vdev_file.h sys/vdev_impl.h sys/vdev_indirect_births.h sys/vdev_indirect_mapping.h sys/vdev_initialize.h sys/vdev_raidz.h sys/vdev_raidz_impl.h sys/vdev_rebuild.h sys/vdev_removal.h sys/vdev_trim.h sys/xvattr.h sys/zap.h sys/zap_impl.h sys/zap_leaf.h sys/zcp.h sys/zcp_global.h sys/zcp_iter.h sys/zcp_prop.h sys/zcp_set.h sys/zfeature.h sys/zfs_acl.h sys/zfs_bootenv.h sys/zfs_chksum.h sys/zfs_context.h sys/zfs_debug.h sys/zfs_delay.h sys/zfs_file.h sys/zfs_fuid.h sys/zfs_impl.h sys/zfs_project.h sys/zfs_quota.h sys/zfs_racct.h sys/zfs_ratelimit.h sys/zfs_refcount.h sys/zfs_rlock.h '/usr/include/libzfs/sys'
 /usr/bin/mkdir -p '/usr/include/libzfs/sys/zstd'
 /usr/bin/install -c -m 644  sys/zstd/zstd.h '/usr/include/libzfs/sys/zstd'
 /usr/bin/mkdir -p '/usr/include/libzfs/sys/fs'
 /usr/bin/install -c -m 644  sys/fs/zfs.h '/usr/include/libzfs/sys/fs'
 /usr/bin/mkdir -p '/usr/include/libzfs/sys/fm/fs'
 /usr/bin/install -c -m 644  sys/fm/fs/zfs.h '/usr/include/libzfs/sys/fm/fs'
 /usr/bin/mkdir -p '/usr/include/libzfs/sys'
 /usr/bin/install -c -m 644  sys/zfs_sa.h sys/zfs_stat.h sys/zfs_sysfs.h sys/zfs_vfsops.h sys/zfs_vnops.h sys/zfs_znode.h sys/zil.h sys/zil_impl.h sys/zio.h sys/zio_checksum.h sys/zio_compress.h sys/zio_crypt.h sys/zio_impl.h sys/zio_priority.h sys/zrlock.h sys/zthr.h '/usr/include/libzfs/sys'
 /usr/bin/mkdir -p '/usr/include/libzfs/sys/fm'
 /usr/bin/install -c -m 644  sys/fm/protocol.h sys/fm/util.h '/usr/include/libzfs/sys/fm'
 /usr/bin/install -c -m 644  cityhash.h zfeature_common.h zfs_comutil.h zfs_deleg.h zfs_fletcher.h zfs_namecheck.h zfs_prop.h zfs_valstr.h libnvpair.h libuutil.h libuutil_common.h libuutil_impl.h libzfs.h libzfs_core.h libzfsbootenv.h libzutil.h thread_pool.h '/usr/include/libzfs/.'
 /usr/bin/mkdir -p '/usr/include/libzfs/sys/lua'
 /usr/bin/install -c -m 644  sys/lua/lauxlib.h sys/lua/lua.h sys/lua/luaconf.h sys/lua/lualib.h '/usr/include/libzfs/sys/lua'
 /usr/bin/mkdir -p '/usr/include/libzfs/sys/sysevent'
 /usr/bin/install -c -m 644  sys/sysevent/dev.h sys/sysevent/eventdefs.h '/usr/include/libzfs/sys/sysevent'
 /usr/bin/mkdir -p '/usr/include/libzfs/sys/crypto'
 /usr/bin/install -c -m 644  sys/crypto/api.h sys/crypto/common.h sys/crypto/icp.h '/usr/include/libzfs/sys/crypto'
make[2]: Leaving directory '/tmp/openzfs-dodb/include'
make[1]: Leaving directory '/tmp/openzfs-dodb/include'
Making install in tests/zfs-tests/tests
make[1]: Entering directory '/tmp/openzfs-dodb/tests/zfs-tests/tests'
make[2]: Entering directory '/tmp/openzfs-dodb/tests/zfs-tests/tests'
make[2]: Nothing to be done for 'install-exec-am'.
 /usr/bin/mkdir -p '/usr/share/zfs/zfs-tests/tests'
 /usr/bin/mkdir -p '/usr/share/zfs/zfs-tests/tests/functional/cli_root/zpool_upgrade/blockfiles'
 /usr/bin/install -c -m 644  functional/cli_root/zpool_upgrade/blockfiles/zfs-broken-mirror1.dat.bz2 functional/cli_root/zpool_upgrade/blockfiles/zfs-broken-mirror2.dat.bz2 functional/cli_root/zpool_upgrade/blockfiles/zfs-pool-v10.dat.bz2 functional/cli_root/zpool_upgrade/blockfiles/zfs-pool-v11.dat.bz2 functional/cli_root/zpool_upgrade/blockfiles/zfs-pool-v12.dat.bz2 functional/cli_root/zpool_upgrade/blockfiles/zfs-pool-v13.dat.bz2 functional/cli_root/zpool_upgrade/blockfiles/zfs-pool-v14.dat.bz2 functional/cli_root/zpool_upgrade/blockfiles/zfs-pool-v15.dat.bz2 functional/cli_root/zpool_upgrade/blockfiles/zfs-pool-v1.dat.bz2 functional/cli_root/zpool_upgrade/blockfiles/zfs-pool-v1mirror1.dat.bz2 functional/cli_root/zpool_upgrade/blockfiles/zfs-pool-v1mirror2.dat.bz2 functional/cli_root/zpool_upgrade/blockfiles/zfs-pool-v1mirror3.dat.bz2 functional/cli_root/zpool_upgrade/blockfiles/zfs-pool-v1raidz1.dat.bz2 functional/cli_root/zpool_upgrade/blockfiles/zfs-pool-v1raidz2.dat.bz2 functional/cli_root/zpool_upgrade/blockfiles/zfs-pool-v1raidz3.dat.bz2 functional/cli_root/zpool_upgrade/blockfiles/zfs-pool-v1stripe1.dat.bz2 functional/cli_root/zpool_upgrade/blockfiles/zfs-pool-v1stripe2.dat.bz2 functional/cli_root/zpool_upgrade/blockfiles/zfs-pool-v1stripe3.dat.bz2 functional/cli_root/zpool_upgrade/blockfiles/zfs-pool-v2.dat.bz2 functional/cli_root/zpool_upgrade/blockfiles/zfs-pool-v2mirror1.dat.bz2 functional/cli_root/zpool_upgrade/blockfiles/zfs-pool-v2mirror2.dat.bz2 functional/cli_root/zpool_upgrade/blockfiles/zfs-pool-v2mirror3.dat.bz2 functional/cli_root/zpool_upgrade/blockfiles/zfs-pool-v2raidz1.dat.bz2 functional/cli_root/zpool_upgrade/blockfiles/zfs-pool-v2raidz2.dat.bz2 functional/cli_root/zpool_upgrade/blockfiles/zfs-pool-v2raidz3.dat.bz2 functional/cli_root/zpool_upgrade/blockfiles/zfs-pool-v2stripe1.dat.bz2 functional/cli_root/zpool_upgrade/blockfiles/zfs-pool-v2stripe2.dat.bz2 functional/cli_root/zpool_upgrade/blockfiles/zfs-pool-v2stripe3.dat.bz2 functional/cli_root/zpool_upgrade/blockfiles/zfs-pool-v3.dat.bz2 functional/cli_root/zpool_upgrade/blockfiles/zfs-pool-v3hotspare1.dat.bz2 functional/cli_root/zpool_upgrade/blockfiles/zfs-pool-v3hotspare2.dat.bz2 functional/cli_root/zpool_upgrade/blockfiles/zfs-pool-v3hotspare3.dat.bz2 functional/cli_root/zpool_upgrade/blockfiles/zfs-pool-v3mirror1.dat.bz2 functional/cli_root/zpool_upgrade/blockfiles/zfs-pool-v3mirror2.dat.bz2 functional/cli_root/zpool_upgrade/blockfiles/zfs-pool-v3mirror3.dat.bz2 functional/cli_root/zpool_upgrade/blockfiles/zfs-pool-v3raidz1.dat.bz2 functional/cli_root/zpool_upgrade/blockfiles/zfs-pool-v3raidz21.dat.bz2 functional/cli_root/zpool_upgrade/blockfiles/zfs-pool-v3raidz22.dat.bz2 functional/cli_root/zpool_upgrade/blockfiles/zfs-pool-v3raidz23.dat.bz2 functional/cli_root/zpool_upgrade/blockfiles/zfs-pool-v3raidz2.dat.bz2 '/usr/share/zfs/zfs-tests/tests/functional/cli_root/zpool_upgrade/blockfiles'
 /usr/bin/mkdir -p '/usr/share/zfs/zfs-tests/tests/functional/inheritance'
 /usr/bin/install -c -m 644  functional/inheritance/config001.cfg functional/inheritance/config002.cfg functional/inheritance/config003.cfg functional/inheritance/config004.cfg functional/inheritance/config005.cfg functional/inheritance/config006.cfg functional/inheritance/config007.cfg functional/inheritance/config008.cfg functional/inheritance/config009.cfg functional/inheritance/config010.cfg functional/inheritance/config011.cfg functional/inheritance/config012.cfg functional/inheritance/config013.cfg functional/inheritance/config014.cfg functional/inheritance/config015.cfg functional/inheritance/config016.cfg functional/inheritance/config017.cfg functional/inheritance/config018.cfg functional/inheritance/config019.cfg functional/inheritance/config020.cfg functional/inheritance/config021.cfg functional/inheritance/config022.cfg functional/inheritance/config023.cfg functional/inheritance/config024.cfg functional/inheritance/inherit.kshlib functional/inheritance/README.config functional/inheritance/README.state functional/inheritance/state001.cfg functional/inheritance/state002.cfg functional/inheritance/state003.cfg functional/inheritance/state004.cfg functional/inheritance/state005.cfg functional/inheritance/state006.cfg functional/inheritance/state007.cfg functional/inheritance/state008.cfg functional/inheritance/state009.cfg functional/inheritance/state010.cfg functional/inheritance/state011.cfg functional/inheritance/state012.cfg functional/inheritance/state013.cfg '/usr/share/zfs/zfs-tests/tests/functional/inheritance'
 /usr/bin/mkdir -p '/usr/share/zfs/zfs-tests/tests/functional/upgrade'
 /usr/bin/install -c -m 644  functional/upgrade/upgrade_common.kshlib '/usr/share/zfs/zfs-tests/tests/functional/upgrade'
 /usr/bin/mkdir -p '/usr/share/zfs/zfs-tests/tests/functional/cli_root/zpool_resilver'
 /usr/bin/install -c -m 644  functional/cli_root/zpool_resilver/zpool_resilver.cfg '/usr/share/zfs/zfs-tests/tests/functional/cli_root/zpool_resilver'
 /usr/bin/mkdir -p '/usr/share/zfs/zfs-tests/tests/functional/redundancy'
 /usr/bin/install -c -m 644  functional/redundancy/redundancy.cfg functional/redundancy/redundancy.kshlib '/usr/share/zfs/zfs-tests/tests/functional/redundancy'
 /usr/bin/mkdir -p '/usr/share/zfs/zfs-tests/tests/functional/cli_root/zfs_rollback'
 /usr/bin/install -c -m 644  functional/cli_root/zfs_rollback/zfs_rollback.cfg functional/cli_root/zfs_rollback/zfs_rollback_common.kshlib '/usr/share/zfs/zfs-tests/tests/functional/cli_root/zfs_rollback'
 /usr/bin/mkdir -p '/usr/share/zfs/zfs-tests/tests/functional/online_offline'
 /usr/bin/install -c -m 644  functional/online_offline/online_offline.cfg '/usr/share/zfs/zfs-tests/tests/functional/online_offline'
 /usr/bin/mkdir -p '/usr/share/zfs/zfs-tests/tests/functional/cli_root/zhack'
 /usr/bin/install -c -m 644  functional/cli_root/zhack/library.kshlib '/usr/share/zfs/zfs-tests/tests/functional/cli_root/zhack'
 /usr/bin/mkdir -p '/usr/share/zfs/zfs-tests/tests/functional/cli_root/zfs_create'
 /usr/bin/install -c -m 644  functional/cli_root/zfs_create/properties.kshlib functional/cli_root/zfs_create/zfs_create.cfg functional/cli_root/zfs_create/zfs_create_common.kshlib '/usr/share/zfs/zfs-tests/tests/functional/cli_root/zfs_create'
 /usr/bin/mkdir -p '/usr/share/zfs/zfs-tests/tests/functional/cli_root/zpool_import/blockfiles'
 /usr/bin/install -c -m 644  functional/cli_root/zpool_import/blockfiles/cryptv0.dat.bz2 functional/cli_root/zpool_import/blockfiles/missing_ivset.dat.bz2 functional/cli_root/zpool_import/blockfiles/unclean_export.dat.bz2 '/usr/share/zfs/zfs-tests/tests/functional/cli_root/zpool_import/blockfiles'
 /usr/bin/mkdir -p '/usr/share/zfs/zfs-tests/tests/functional/alloc_class'
 /usr/bin/install -c -m 644  functional/alloc_class/alloc_class.cfg functional/alloc_class/alloc_class.kshlib '/usr/share/zfs/zfs-tests/tests/functional/alloc_class'
 /usr/bin/mkdir -p '/usr/share/zfs/zfs-tests/tests/functional/zvol'
 /usr/bin/install -c -m 644  functional/zvol/zvol.cfg functional/zvol/zvol_common.shlib '/usr/share/zfs/zfs-tests/tests/functional/zvol'
 /usr/bin/mkdir -p '/usr/share/zfs/zfs-tests/tests/functional/projectquota'
 /usr/bin/install -c -m 644  functional/projectquota/projectquota.cfg functional/projectquota/projectquota_common.kshlib '/usr/share/zfs/zfs-tests/tests/functional/projectquota'
 /usr/bin/mkdir -p '/usr/share/zfs/zfs-tests/tests/functional/cli_root/zpool_create'
 /usr/bin/install -c -m 644  functional/cli_root/zpool_create/draidcfg.gz functional/cli_root/zpool_create/zpool_create.cfg functional/cli_root/zpool_create/zpool_create.shlib '/usr/share/zfs/zfs-tests/tests/functional/cli_root/zpool_create'
 /usr/bin/mkdir -p '/usr/share/zfs/zfs-tests/tests/functional/channel_program/synctask_core'
 /usr/bin/install -c -m 644  functional/channel_program/synctask_core/tst.bookmark.copy.zcp functional/channel_program/synctask_core/tst.bookmark.create.zcp functional/channel_program/synctask_core/tst.get_index_props.out functional/channel_program/synctask_core/tst.get_index_props.zcp functional/channel_program/synctask_core/tst.get_number_props.out functional/channel_program/synctask_core/tst.get_number_props.zcp functional/channel_program/synctask_core/tst.get_string_props.out functional/channel_program/synctask_core/tst.get_string_props.zcp functional/channel_program/synctask_core/tst.promote_conflict.zcp functional/channel_program/synctask_core/tst.set_props.zcp functional/channel_program/synctask_core/tst.snapshot_destroy.zcp functional/channel_program/synctask_core/tst.snapshot_neg.zcp functional/channel_program/synctask_core/tst.snapshot_recursive.zcp functional/channel_program/synctask_core/tst.snapshot_rename.zcp functional/channel_program/synctask_core/tst.snapshot_simple.zcp '/usr/share/zfs/zfs-tests/tests/functional/channel_program/synctask_core'
 /usr/bin/mkdir -p '/usr/share/zfs/zfs-tests/tests/functional/cli_root/zfs_unmount'
 /usr/bin/install -c -m 644  functional/cli_root/zfs_unmount/zfs_unmount.cfg functional/cli_root/zfs_unmount/zfs_unmount.kshlib '/usr/share/zfs/zfs-tests/tests/functional/cli_root/zfs_unmount'
 /usr/bin/mkdir -p '/usr/share/zfs/zfs-tests/tests/functional/block_cloning'
 /usr/bin/install -c -m 644  functional/block_cloning/block_cloning.kshlib '/usr/share/zfs/zfs-tests/tests/functional/block_cloning'
 /usr/bin/mkdir -p '/usr/share/zfs/zfs-tests/tests/functional/io'
 /usr/bin/install -c -m 644  functional/io/io.cfg '/usr/share/zfs/zfs-tests/tests/functional/io'
 /usr/bin/mkdir -p '/usr/share/zfs/zfs-tests/tests/functional/removal'
 /usr/bin/install -c -m 644  functional/removal/removal.kshlib '/usr/share/zfs/zfs-tests/tests/functional/removal'
 /usr/bin/mkdir -p '/usr/share/zfs/zfs-tests/tests/functional/casenorm'
 /usr/bin/install -c -m 644  functional/casenorm/casenorm.cfg functional/casenorm/casenorm.kshlib '/usr/share/zfs/zfs-tests/tests/functional/casenorm'
 /usr/bin/mkdir -p '/usr/share/zfs/zfs-tests/tests/functional/truncate'
 /usr/bin/install -c -m 644  functional/truncate/truncate.cfg '/usr/share/zfs/zfs-tests/tests/functional/truncate'
 /usr/bin/mkdir -p '/usr/share/zfs/zfs-tests/tests/functional/cli_root/zpool_events'
 /usr/bin/install -c -m 644  functional/cli_root/zpool_events/zpool_events.cfg functional/cli_root/zpool_events/zpool_events.kshlib '/usr/share/zfs/zfs-tests/tests/functional/cli_root/zpool_events'
 /usr/bin/mkdir -p '/usr/share/zfs/zfs-tests/tests/functional/cli_root/zfs_receive'
 /usr/bin/install -c -m 644  functional/cli_root/zfs_receive/zstd_test_data.txt '/usr/share/zfs/zfs-tests/tests/functional/cli_root/zfs_receive'
 /usr/bin/mkdir -p '/usr/share/zfs/zfs-tests/tests/functional/channel_program'
 /usr/bin/install -c -m 644  functional/channel_program/channel_common.kshlib '/usr/share/zfs/zfs-tests/tests/functional/channel_program'
 /usr/bin/mkdir -p '/usr/share/zfs/zfs-tests/tests/functional/compression'
 /usr/bin/install -c -m 644  functional/compression/compress.cfg functional/compression/testpool_zstd.tar.gz '/usr/share/zfs/zfs-tests/tests/functional/compression'
 /usr/bin/mkdir -p '/usr/share/zfs/zfs-tests/tests/perf/fio'
 /usr/bin/install -c -m 644  perf/fio/mkfiles.fio perf/fio/random_reads.fio perf/fio/random_readwrite.fio perf/fio/random_readwrite_fixed.fio perf/fio/random_writes.fio perf/fio/sequential_reads.fio perf/fio/sequential_readwrite.fio perf/fio/sequential_writes.fio '/usr/share/zfs/zfs-tests/tests/perf/fio'
 /usr/bin/mkdir -p '/usr/share/zfs/zfs-tests/tests/functional/device_access'
 /usr/bin/install -c -m 644  functional/device_access/device_access.kshlib '/usr/share/zfs/zfs-tests/tests/functional/device_access'
 /usr/bin/mkdir -p '/usr/share/zfs/zfs-tests/tests/functional/scrub_mirror'
 /usr/bin/install -c -m 644  functional/scrub_mirror/default.cfg functional/scrub_mirror/scrub_mirror_common.kshlib '/usr/share/zfs/zfs-tests/tests/functional/scrub_mirror'
 /usr/bin/mkdir -p '/usr/share/zfs/zfs-tests/tests/functional/quota'
 /usr/bin/install -c -m 644  functional/quota/quota.cfg functional/quota/quota.kshlib '/usr/share/zfs/zfs-tests/tests/functional/quota'
 /usr/bin/mkdir -p '/usr/share/zfs/zfs-tests/tests/functional/cli_root/zpool_upgrade'
 /usr/bin/install -c -m 644  functional/cli_root/zpool_upgrade/zpool_upgrade.cfg functional/cli_root/zpool_upgrade/zpool_upgrade.kshlib '/usr/share/zfs/zfs-tests/tests/functional/cli_root/zpool_upgrade'
 /usr/bin/mkdir -p '/usr/share/zfs/zfs-tests/tests/functional/cli_root/zfs_promote'
 /usr/bin/install -c -m 644  functional/cli_root/zfs_promote/zfs_promote.cfg '/usr/share/zfs/zfs-tests/tests/functional/cli_root/zfs_promote'
 /usr/bin/mkdir -p '/usr/share/zfs/zfs-tests/tests/functional/zvol/zvol_ENOSPC'
 /usr/bin/install -c -m 644  functional/zvol/zvol_ENOSPC/zvol_ENOSPC.cfg '/usr/share/zfs/zfs-tests/tests/functional/zvol/zvol_ENOSPC'
 /usr/bin/mkdir -p '/usr/share/zfs/zfs-tests/tests/functional/rsend'
 /usr/bin/install -c -m 644  functional/rsend/dedup_encrypted_zvol.bz2 functional/rsend/dedup_encrypted_zvol.zsend.bz2 functional/rsend/dedup.zsend.bz2 functional/rsend/fs.tar.gz functional/rsend/rsend.cfg functional/rsend/rsend.kshlib '/usr/share/zfs/zfs-tests/tests/functional/rsend'
 /usr/bin/mkdir -p '/usr/share/zfs/zfs-tests/tests/perf'
 /usr/bin/install -c -m 644  perf/nfs-sample.cfg perf/perf.shlib '/usr/share/zfs/zfs-tests/tests/perf'
 /usr/bin/mkdir -p '/usr/share/zfs/zfs-tests/tests/functional/idmap_mount'
 /usr/bin/install -c -m 644  functional/idmap_mount/idmap_mount.cfg functional/idmap_mount/idmap_mount_common.kshlib '/usr/share/zfs/zfs-tests/tests/functional/idmap_mount'
 /usr/bin/mkdir -p '/usr/share/zfs/zfs-tests/tests/functional/cli_root/zfs_snapshot'
 /usr/bin/install -c -m 644  functional/cli_root/zfs_snapshot/zfs_snapshot.cfg '/usr/share/zfs/zfs-tests/tests/functional/cli_root/zfs_snapshot'
 /usr/bin/mkdir -p '/usr/share/zfs/zfs-tests/tests/functional/replacement'
 /usr/bin/install -c -m 644  functional/replacement/replacement.cfg '/usr/share/zfs/zfs-tests/tests/functional/replacement'
 /usr/bin/mkdir -p '/usr/share/zfs/zfs-tests/tests/functional/cli_root/zfs_get'
 /usr/bin/install -c -m 644  functional/cli_root/zfs_get/zfs_get_common.kshlib functional/cli_root/zfs_get/zfs_get_list_d.kshlib '/usr/share/zfs/zfs-tests/tests/functional/cli_root/zfs_get'
 /usr/bin/mkdir -p '/usr/share/zfs/zfs-tests/tests/functional/cli_root/zpool_export'
 /usr/bin/install -c -m 644  functional/cli_root/zpool_export/zpool_export.cfg functional/cli_root/zpool_export/zpool_export.kshlib '/usr/share/zfs/zfs-tests/tests/functional/cli_root/zpool_export'
 /usr/bin/mkdir -p '/usr/share/zfs/zfs-tests/tests/functional/cli_root/zfs_jail'
 /usr/bin/install -c -m 644  functional/cli_root/zfs_jail/jail.conf '/usr/share/zfs/zfs-tests/tests/functional/cli_root/zfs_jail'
 /usr/bin/mkdir -p '/usr/share/zfs/zfs-tests/tests/functional/channel_program/lua_core'
 /usr/bin/install -c -m 644  functional/channel_program/lua_core/tst.args_to_lua.out functional/channel_program/lua_core/tst.args_to_lua.zcp functional/channel_program/lua_core/tst.divide_by_zero.err functional/channel_program/lua_core/tst.divide_by_zero.zcp functional/channel_program/lua_core/tst.exists.zcp functional/channel_program/lua_core/tst.large_prog.out functional/channel_program/lua_core/tst.large_prog.zcp functional/channel_program/lua_core/tst.lib_base.lua functional/channel_program/lua_core/tst.lib_coroutine.lua functional/channel_program/lua_core/tst.lib_strings.lua functional/channel_program/lua_core/tst.lib_table.lua functional/channel_program/lua_core/tst.nested_neg.zcp functional/channel_program/lua_core/tst.nested_pos.zcp functional/channel_program/lua_core/tst.recursive.zcp functional/channel_program/lua_core/tst.return_large.zcp functional/channel_program/lua_core/tst.return_recursive_table.zcp functional/channel_program/lua_core/tst.stack_gsub.err functional/channel_program/lua_core/tst.stack_gsub.zcp functional/channel_program/lua_core/tst.timeout.zcp '/usr/share/zfs/zfs-tests/tests/functional/channel_program/lua_core'
 /usr/bin/mkdir -p '/usr/share/zfs/zfs-tests/tests/functional/cli_root/zfs_copies'
 /usr/bin/install -c -m 644  functional/cli_root/zfs_copies/zfs_copies.cfg functional/cli_root/zfs_copies/zfs_copies.kshlib '/usr/share/zfs/zfs-tests/tests/functional/cli_root/zfs_copies'
 /usr/bin/mkdir -p '/usr/share/zfs/zfs-tests/tests/functional/cli_root/zfs_destroy'
 /usr/bin/install -c -m 644  functional/cli_root/zfs_destroy/zfs_destroy.cfg functional/cli_root/zfs_destroy/zfs_destroy_common.kshlib '/usr/share/zfs/zfs-tests/tests/functional/cli_root/zfs_destroy'
 /usr/bin/mkdir -p '/usr/share/zfs/zfs-tests/tests/functional/cli_root/zpool_get'
 /usr/bin/install -c -m 644  functional/cli_root/zpool_get/vdev_get.cfg functional/cli_root/zpool_get/zpool_get.cfg functional/cli_root/zpool_get/zpool_get_parsable.cfg '/usr/share/zfs/zfs-tests/tests/functional/cli_root/zpool_get'
 /usr/bin/mkdir -p '/usr/share/zfs/zfs-tests/tests/functional/atime'
 /usr/bin/install -c -m 644  functional/atime/atime.cfg functional/atime/atime_common.kshlib '/usr/share/zfs/zfs-tests/tests/functional/atime'
 /usr/bin/mkdir -p '/usr/share/zfs/zfs-tests/tests/functional/cli_user/misc'
 /usr/bin/install -c -m 644  functional/cli_user/misc/misc.cfg '/usr/share/zfs/zfs-tests/tests/functional/cli_user/misc'
 /usr/bin/mkdir -p '/usr/share/zfs/zfs-tests/tests/functional/cli_root/zfs_rename'
 /usr/bin/install -c -m 644  functional/cli_root/zfs_rename/zfs_rename.cfg functional/cli_root/zfs_rename/zfs_rename.kshlib '/usr/share/zfs/zfs-tests/tests/functional/cli_root/zfs_rename'
 /usr/bin/mkdir -p '/usr/share/zfs/zfs-tests/tests/functional/mmap'
 /usr/bin/install -c -m 644  functional/mmap/mmap.cfg '/usr/share/zfs/zfs-tests/tests/functional/mmap'
 /usr/bin/mkdir -p '/usr/share/zfs/zfs-tests/tests/functional/delegate'
 /usr/bin/install -c -m 644  functional/delegate/delegate.cfg functional/delegate/delegate_common.kshlib '/usr/share/zfs/zfs-tests/tests/functional/delegate'
 /usr/bin/mkdir -p '/usr/share/zfs/zfs-tests/tests/functional/cli_root/zpool_add'
 /usr/bin/install -c -m 644  functional/cli_root/zpool_add/zpool_add.cfg functional/cli_root/zpool_add/zpool_add.kshlib '/usr/share/zfs/zfs-tests/tests/functional/cli_root/zpool_add'
 /usr/bin/mkdir -p '/usr/share/zfs/zfs-tests/tests/functional/sparse'
 /usr/bin/install -c -m 644  functional/sparse/sparse.cfg '/usr/share/zfs/zfs-tests/tests/functional/sparse'
 /usr/bin/mkdir -p '/usr/share/zfs/zfs-tests/tests/functional/redacted_send'
 /usr/bin/install -c -m 644  functional/redacted_send/redacted.cfg functional/redacted_send/redacted.kshlib '/usr/share/zfs/zfs-tests/tests/functional/redacted_send'
 /usr/bin/mkdir -p '/usr/share/zfs/zfs-tests/tests/functional/events'
 /usr/bin/install -c -m 644  functional/events/events.cfg functional/events/events_common.kshlib '/usr/share/zfs/zfs-tests/tests/functional/events'
 /usr/bin/mkdir -p '/usr/share/zfs/zfs-tests/tests/functional/history'
 /usr/bin/install -c -m 644  functional/history/history.cfg functional/history/history_common.kshlib functional/history/i386.migratedpool.DAT.Z functional/history/i386.orig_history.txt functional/history/sparc.migratedpool.DAT.Z functional/history/sparc.orig_history.txt functional/history/zfs-pool-v4.dat.Z '/usr/share/zfs/zfs-tests/tests/functional/history'
 /usr/bin/mkdir -p '/usr/share/zfs/zfs-tests/tests/functional/cli_root/zfs_mount'
 /usr/bin/install -c -m 644  functional/cli_root/zfs_mount/zfs_mount.cfg functional/cli_root/zfs_mount/zfs_mount.kshlib '/usr/share/zfs/zfs-tests/tests/functional/cli_root/zfs_mount'
 /usr/bin/mkdir -p '/usr/share/zfs/zfs-tests/tests/functional/cli_root/zfs_load-key'
 /usr/bin/install -c -m 644  functional/cli_root/zfs_load-key/HEXKEY functional/cli_root/zfs_load-key/PASSPHRASE functional/cli_root/zfs_load-key/RAWKEY functional/cli_root/zfs_load-key/zfs_load-key.cfg functional/cli_root/zfs_load-key/zfs_load-key_common.kshlib '/usr/share/zfs/zfs-tests/tests/functional/cli_root/zfs_load-key'
 /usr/bin/mkdir -p '/usr/share/zfs/zfs-tests/tests/functional/cli_root/zpool_remove'
 /usr/bin/install -c -m 644  functional/cli_root/zpool_remove/zpool_remove.cfg '/usr/share/zfs/zfs-tests/tests/functional/cli_root/zpool_remove'
 /usr/bin/mkdir -p '/usr/share/zfs/zfs-tests/tests/functional/inheritance'
 /usr/bin/install -c -m 644  functional/inheritance/state014.cfg functional/inheritance/state015.cfg functional/inheritance/state016.cfg functional/inheritance/state017.cfg functional/inheritance/state018.cfg functional/inheritance/state019.cfg functional/inheritance/state020.cfg functional/inheritance/state021.cfg functional/inheritance/state022.cfg functional/inheritance/state023.cfg functional/inheritance/state024.cfg '/usr/share/zfs/zfs-tests/tests/functional/inheritance'
 /usr/bin/mkdir -p '/usr/share/zfs/zfs-tests/tests/functional/pool_checkpoint'
 /usr/bin/install -c -m 644  functional/pool_checkpoint/pool_checkpoint.kshlib '/usr/share/zfs/zfs-tests/tests/functional/pool_checkpoint'
 /usr/bin/mkdir -p '/usr/share/zfs/zfs-tests/tests/functional/cli_root/zpool_labelclear'
 /usr/bin/install -c -m 644  functional/cli_root/zpool_labelclear/labelclear.cfg '/usr/share/zfs/zfs-tests/tests/functional/cli_root/zpool_labelclear'
 /usr/bin/mkdir -p '/usr/share/zfs/zfs-tests/tests/functional/vdev_zaps'
 /usr/bin/install -c -m 644  functional/vdev_zaps/vdev_zaps.kshlib '/usr/share/zfs/zfs-tests/tests/functional/vdev_zaps'
 /usr/bin/mkdir -p '/usr/share/zfs/zfs-tests/tests/functional/no_space'
 /usr/bin/install -c -m 644  functional/no_space/enospc.cfg '/usr/share/zfs/zfs-tests/tests/functional/no_space'
 /usr/bin/mkdir -p '/usr/share/zfs/zfs-tests/tests/functional/mv_files'
 /usr/bin/install -c -m 644  functional/mv_files/mv_files.cfg functional/mv_files/mv_files_common.kshlib '/usr/share/zfs/zfs-tests/tests/functional/mv_files'
 /usr/bin/mkdir -p '/usr/share/zfs/zfs-tests/tests/functional/fault'
 /usr/bin/install -c -m 644  functional/fault/fault.cfg '/usr/share/zfs/zfs-tests/tests/functional/fault'
 /usr/bin/mkdir -p '/usr/share/zfs/zfs-tests/tests/functional/cli_root/zpool_reopen'
 /usr/bin/install -c -m 644  functional/cli_root/zpool_reopen/zpool_reopen.cfg functional/cli_root/zpool_reopen/zpool_reopen.shlib '/usr/share/zfs/zfs-tests/tests/functional/cli_root/zpool_reopen'
 /usr/bin/mkdir -p '/usr/share/zfs/zfs-tests/tests/functional/refreserv'
 /usr/bin/install -c -m 644  functional/refreserv/refreserv.cfg '/usr/share/zfs/zfs-tests/tests/functional/refreserv'
 /usr/bin/mkdir -p '/usr/share/zfs/zfs-tests/tests/functional/userquota'
 /usr/bin/install -c -m 644  functional/userquota/13709_reproducer.bz2 functional/userquota/userquota.cfg functional/userquota/userquota_common.kshlib '/usr/share/zfs/zfs-tests/tests/functional/userquota'
 /usr/bin/mkdir -p '/usr/share/zfs/zfs-tests/tests/functional/cli_root/zpool_initialize'
 /usr/bin/install -c -m 644  functional/cli_root/zpool_initialize/zpool_initialize.kshlib '/usr/share/zfs/zfs-tests/tests/functional/cli_root/zpool_initialize'
 /usr/bin/mkdir -p '/usr/share/zfs/zfs-tests/tests/functional/cli_root/zpool_clear'
 /usr/bin/install -c -m 644  functional/cli_root/zpool_clear/zpool_clear.cfg '/usr/share/zfs/zfs-tests/tests/functional/cli_root/zpool_clear'
 /usr/bin/mkdir -p '/usr/share/zfs/zfs-tests/tests/functional/cli_root/zpool_destroy'
 /usr/bin/install -c -m 644  functional/cli_root/zpool_destroy/zpool_destroy.cfg '/usr/share/zfs/zfs-tests/tests/functional/cli_root/zpool_destroy'
 /usr/bin/mkdir -p '/usr/share/zfs/zfs-tests/tests/functional/grow'
 /usr/bin/install -c -m 644  functional/grow/grow.cfg '/usr/share/zfs/zfs-tests/tests/functional/grow'
 /usr/bin/mkdir -p '/usr/share/zfs/zfs-tests/tests/functional/devices'
 /usr/bin/install -c -m 644  functional/devices/devices.cfg functional/devices/devices_common.kshlib '/usr/share/zfs/zfs-tests/tests/functional/devices'
 /usr/bin/mkdir -p '/usr/share/zfs/zfs-tests/tests/functional/largest_pool'
 /usr/bin/install -c -m 644  functional/largest_pool/largest_pool.cfg '/usr/share/zfs/zfs-tests/tests/functional/largest_pool'
 /usr/bin/mkdir -p '/usr/share/zfs/zfs-tests/tests/functional/deadman'
 /usr/bin/install -c -m 644  functional/deadman/deadman.cfg '/usr/share/zfs/zfs-tests/tests/functional/deadman'
 /usr/bin/mkdir -p '/usr/share/zfs/zfs-tests/tests/functional/cli_root/zfs_share'
 /usr/bin/install -c -m 644  functional/cli_root/zfs_share/zfs_share.cfg '/usr/share/zfs/zfs-tests/tests/functional/cli_root/zfs_share'
 /usr/bin/mkdir -p '/usr/share/zfs/zfs-tests/tests/functional/mmp'
 /usr/bin/install -c -m 644  functional/mmp/mmp.cfg functional/mmp/mmp.kshlib '/usr/share/zfs/zfs-tests/tests/functional/mmp'
 /usr/bin/mkdir -p '/usr/share/zfs/zfs-tests/tests/functional/zvol/zvol_swap'
 /usr/bin/install -c -m 644  functional/zvol/zvol_swap/zvol_swap.cfg '/usr/share/zfs/zfs-tests/tests/functional/zvol/zvol_swap'
 /usr/bin/mkdir -p '/usr/share/zfs/zfs-tests/tests/functional/snapused'
 /usr/bin/install -c -m 644  functional/snapused/snapused.kshlib '/usr/share/zfs/zfs-tests/tests/functional/snapused'
 /usr/bin/mkdir -p '/usr/share/zfs/zfs-tests/tests/functional/cli_root/zpool_upgrade/blockfiles'
 /usr/bin/install -c -m 644  functional/cli_root/zpool_upgrade/blockfiles/zfs-pool-v3raidz3.dat.bz2 functional/cli_root/zpool_upgrade/blockfiles/zfs-pool-v3stripe1.dat.bz2 functional/cli_root/zpool_upgrade/blockfiles/zfs-pool-v3stripe2.dat.bz2 functional/cli_root/zpool_upgrade/blockfiles/zfs-pool-v3stripe3.dat.bz2 functional/cli_root/zpool_upgrade/blockfiles/zfs-pool-v4.dat.bz2 functional/cli_root/zpool_upgrade/blockfiles/zfs-pool-v5.dat.bz2 functional/cli_root/zpool_upgrade/blockfiles/zfs-pool-v6.dat.bz2 functional/cli_root/zpool_upgrade/blockfiles/zfs-pool-v7.dat.bz2 functional/cli_root/zpool_upgrade/blockfiles/zfs-pool-v8.dat.bz2 functional/cli_root/zpool_upgrade/blockfiles/zfs-pool-v999.dat.bz2 functional/cli_root/zpool_upgrade/blockfiles/zfs-pool-v9.dat.bz2 functional/cli_root/zpool_upgrade/blockfiles/zfs-pool-vBROKEN.dat.bz2 '/usr/share/zfs/zfs-tests/tests/functional/cli_root/zpool_upgrade/blockfiles'
 /usr/bin/mkdir -p '/usr/share/zfs/zfs-tests/tests/functional/slog'
 /usr/bin/install -c -m 644  functional/slog/slog.cfg functional/slog/slog.kshlib '/usr/share/zfs/zfs-tests/tests/functional/slog'
 /usr/bin/mkdir -p '/usr/share/zfs/zfs-tests/tests/functional/cli_root'
 /usr/bin/install -c -m 644  functional/cli_root/cli_common.kshlib '/usr/share/zfs/zfs-tests/tests/functional/cli_root'
 /usr/bin/mkdir -p '/usr/share/zfs/zfs-tests/tests/functional/acl'
 /usr/bin/install -c -m 644  functional/acl/acl.cfg functional/acl/acl_common.kshlib '/usr/share/zfs/zfs-tests/tests/functional/acl'
 /usr/bin/mkdir -p '/usr/share/zfs/zfs-tests/tests/functional/cli_root/zfs_send'
 /usr/bin/install -c -m 644  functional/cli_root/zfs_send/zfs_send.cfg '/usr/share/zfs/zfs-tests/tests/functional/cli_root/zfs_send'
 /usr/bin/mkdir -p '/usr/share/zfs/zfs-tests/tests/functional/zvol/zvol_misc'
 /usr/bin/install -c -m 644  functional/zvol/zvol_misc/zvol_misc_common.kshlib '/usr/share/zfs/zfs-tests/tests/functional/zvol/zvol_misc'
 /usr/bin/mkdir -p '/usr/share/zfs/zfs-tests/tests/functional/zvol/zvol_cli'
 /usr/bin/install -c -m 644  functional/zvol/zvol_cli/zvol_cli.cfg '/usr/share/zfs/zfs-tests/tests/functional/zvol/zvol_cli'
 /usr/bin/mkdir -p '/usr/share/zfs/zfs-tests/tests/functional/reservation'
 /usr/bin/install -c -m 644  functional/reservation/reservation.cfg functional/reservation/reservation.shlib '/usr/share/zfs/zfs-tests/tests/functional/reservation'
 /usr/bin/mkdir -p '/usr/share/zfs/zfs-tests/tests/functional/xattr'
 /usr/bin/install -c -m 644  functional/xattr/xattr.cfg functional/xattr/xattr_common.kshlib '/usr/share/zfs/zfs-tests/tests/functional/xattr'
 /usr/bin/mkdir -p '/usr/share/zfs/zfs-tests/tests/functional/bclone'
 /usr/bin/install -c -m 644  functional/bclone/bclone.cfg functional/bclone/bclone_common.kshlib functional/bclone/bclone_corner_cases.kshlib '/usr/share/zfs/zfs-tests/tests/functional/bclone'
 /usr/bin/mkdir -p '/usr/share/zfs/zfs-tests/tests/functional/migration'
 /usr/bin/install -c -m 644  functional/migration/migration.cfg functional/migration/migration.kshlib '/usr/share/zfs/zfs-tests/tests/functional/migration'
 /usr/bin/mkdir -p '/usr/share/zfs/zfs-tests/tests/functional/cli_root/zfs_wait'
 /usr/bin/install -c -m 644  functional/cli_root/zfs_wait/zfs_wait.kshlib '/usr/share/zfs/zfs-tests/tests/functional/cli_root/zfs_wait'
 /usr/bin/mkdir -p '/usr/share/zfs/zfs-tests/tests/functional/cli_root/zfs_upgrade'
 /usr/bin/install -c -m 644  functional/cli_root/zfs_upgrade/zfs_upgrade.kshlib '/usr/share/zfs/zfs-tests/tests/functional/cli_root/zfs_upgrade'
 /usr/bin/mkdir -p '/usr/share/zfs/zfs-tests/tests/functional/trim'
 /usr/bin/install -c -m 644  functional/trim/trim.cfg functional/trim/trim.kshlib '/usr/share/zfs/zfs-tests/tests/functional/trim'
 /usr/bin/mkdir -p '/usr/share/zfs/zfs-tests/tests/functional/cachefile'
 /usr/bin/install -c -m 644  functional/cachefile/cachefile.cfg functional/cachefile/cachefile.kshlib '/usr/share/zfs/zfs-tests/tests/functional/cachefile'
 /usr/bin/mkdir -p '/usr/share/zfs/zfs-tests/tests/functional/l2arc'
 /usr/bin/install -c -m 644  functional/l2arc/l2arc.cfg '/usr/share/zfs/zfs-tests/tests/functional/l2arc'
 /usr/bin/mkdir -p '/usr/share/zfs/zfs-tests/tests/functional/nopwrite'
 /usr/bin/install -c -m 644  functional/nopwrite/nopwrite.shlib '/usr/share/zfs/zfs-tests/tests/functional/nopwrite'
 /usr/bin/mkdir -p '/usr/share/zfs/zfs-tests/tests/functional/cli_root/zpool_split'
 /usr/bin/install -c -m 644  functional/cli_root/zpool_split/zpool_split.cfg '/usr/share/zfs/zfs-tests/tests/functional/cli_root/zpool_split'
 /usr/bin/mkdir -p '/usr/share/zfs/zfs-tests/tests/functional/cli_user/zfs_list'
 /usr/bin/install -c -m 644  functional/cli_user/zfs_list/zfs_list.cfg functional/cli_user/zfs_list/zfs_list.kshlib '/usr/share/zfs/zfs-tests/tests/functional/cli_user/zfs_list'
 /usr/bin/mkdir -p '/usr/share/zfs/zfs-tests/tests/functional/inuse'
 /usr/bin/install -c -m 644  functional/inuse/inuse.cfg '/usr/share/zfs/zfs-tests/tests/functional/inuse'
 /usr/bin/mkdir -p '/usr/share/zfs/zfs-tests/tests/functional/clean_mirror'
 /usr/bin/install -c -m 644  functional/clean_mirror/clean_mirror_common.kshlib functional/clean_mirror/default.cfg '/usr/share/zfs/zfs-tests/tests/functional/clean_mirror'
 /usr/bin/mkdir -p '/usr/share/zfs/zfs-tests/tests/functional/cli_root/zpool_wait'
 /usr/bin/install -c -m 644  functional/cli_root/zpool_wait/zpool_wait.kshlib '/usr/share/zfs/zfs-tests/tests/functional/cli_root/zpool_wait'
 /usr/bin/mkdir -p '/usr/share/zfs/zfs-tests/tests/functional/cli_root/zpool_trim'
 /usr/bin/install -c -m 644  functional/cli_root/zpool_trim/zpool_trim.kshlib '/usr/share/zfs/zfs-tests/tests/functional/cli_root/zpool_trim'
 /usr/bin/mkdir -p '/usr/share/zfs/zfs-tests/tests/functional/user_namespace'
 /usr/bin/install -c -m 644  functional/user_namespace/user_namespace.cfg functional/user_namespace/user_namespace_common.kshlib '/usr/share/zfs/zfs-tests/tests/functional/user_namespace'
 /usr/bin/mkdir -p '/usr/share/zfs/zfs-tests/tests/functional/cli_root/zfs_set'
 /usr/bin/install -c -m 644  functional/cli_root/zfs_set/zfs_set_common.kshlib '/usr/share/zfs/zfs-tests/tests/functional/cli_root/zfs_set'
 /usr/bin/mkdir -p '/usr/share/zfs/zfs-tests/tests/functional/cli_root/zpool_scrub'
 /usr/bin/install -c -m 644  functional/cli_root/zpool_scrub/zpool_scrub.cfg '/usr/share/zfs/zfs-tests/tests/functional/cli_root/zpool_scrub'
 /usr/bin/mkdir -p '/usr/share/zfs/zfs-tests/tests/functional/checksum'
 /usr/bin/install -c -m 644  functional/checksum/default.cfg '/usr/share/zfs/zfs-tests/tests/functional/checksum'
 /usr/bin/mkdir -p '/usr/share/zfs/zfs-tests/tests/functional/cli_root/zpool_expand'
 /usr/bin/install -c -m 644  functional/cli_root/zpool_expand/zpool_expand.cfg '/usr/share/zfs/zfs-tests/tests/functional/cli_root/zpool_expand'
 /usr/bin/mkdir -p '/usr/share/zfs/zfs-tests/tests/functional/snapshot'
 /usr/bin/install -c -m 644  functional/snapshot/snapshot.cfg '/usr/share/zfs/zfs-tests/tests/functional/snapshot'
 /usr/bin/mkdir -p '/usr/share/zfs/zfs-tests/tests/functional/cli_root/zpool_import'
 /usr/bin/install -c -m 644  functional/cli_root/zpool_import/zpool_import.cfg functional/cli_root/zpool_import/zpool_import.kshlib '/usr/share/zfs/zfs-tests/tests/functional/cli_root/zpool_import'
 /usr/bin/mkdir -p '/usr/share/zfs/zfs-tests/tests/functional/cache'
 /usr/bin/install -c -m 644  functional/cache/cache.cfg functional/cache/cache.kshlib '/usr/share/zfs/zfs-tests/tests/functional/cache'
 /usr/bin/mkdir -p '/usr/share/zfs/zfs-tests/tests'
 /usr/bin/mkdir -p '/usr/share/zfs/zfs-tests/tests/perf/regression/'
 /usr/bin/mkdir -p '/usr/share/zfs/zfs-tests/tests/perf/scripts/'
 /usr/bin/mkdir -p '/usr/share/zfs/zfs-tests/tests/functional/simd/'
 /usr/bin/mkdir -p '/usr/share/zfs/zfs-tests/tests/functional/tmpfile/'
 /usr/bin/mkdir -p '/usr/share/zfs/zfs-tests/tests/functional/luks/'
 /usr/bin/mkdir -p '/usr/share/zfs/zfs-tests/tests/functional/acl/off/'
 /usr/bin/mkdir -p '/usr/share/zfs/zfs-tests/tests/functional/acl/posix/'
 /usr/bin/mkdir -p '/usr/share/zfs/zfs-tests/tests/functional/acl/posix-sa/'
 /usr/bin/mkdir -p '/usr/share/zfs/zfs-tests/tests/functional/alloc_class/'
 /usr/bin/mkdir -p '/usr/share/zfs/zfs-tests/tests/functional/append/'
 /usr/bin/mkdir -p '/usr/share/zfs/zfs-tests/tests/functional/arc/'
 /usr/bin/mkdir -p '/usr/share/zfs/zfs-tests/tests/functional/atime/'
 /usr/bin/mkdir -p '/usr/share/zfs/zfs-tests/tests/functional/bclone/'
 /usr/bin/mkdir -p '/usr/share/zfs/zfs-tests/tests/functional/block_cloning/'
 /usr/bin/mkdir -p '/usr/share/zfs/zfs-tests/tests/functional/bootfs/'
 /usr/bin/mkdir -p '/usr/share/zfs/zfs-tests/tests/functional/btree/'
 /usr/bin/mkdir -p '/usr/share/zfs/zfs-tests/tests/functional/cache/'
 /usr/bin/mkdir -p '/usr/share/zfs/zfs-tests/tests/functional/cachefile/'
 /usr/bin/mkdir -p '/usr/share/zfs/zfs-tests/tests/functional/casenorm/'
 /usr/bin/mkdir -p '/usr/share/zfs/zfs-tests/tests/functional/channel_program/lua_core/'
 /usr/bin/mkdir -p '/usr/share/zfs/zfs-tests/tests/functional/channel_program/synctask_core/'
 /usr/bin/mkdir -p '/usr/share/zfs/zfs-tests/tests/functional/chattr/'
 /usr/bin/mkdir -p '/usr/share/zfs/zfs-tests/tests/functional/checksum/'
 /usr/bin/mkdir -p '/usr/share/zfs/zfs-tests/tests/functional/clean_mirror/'
 /usr/bin/mkdir -p '/usr/share/zfs/zfs-tests/tests/functional/cli_root/zdb/'
 /usr/bin/mkdir -p '/usr/share/zfs/zfs-tests/tests/functional/cli_root/zfs_bookmark/'
 /usr/bin/mkdir -p '/usr/share/zfs/zfs-tests/tests/functional/cli_root/zfs_change-key/'
 /usr/bin/mkdir -p '/usr/share/zfs/zfs-tests/tests/functional/cli_root/zfs/'
 /usr/bin/mkdir -p '/usr/share/zfs/zfs-tests/tests/functional/cli_root/zfs_clone/'
 /usr/bin/mkdir -p '/usr/share/zfs/zfs-tests/tests/functional/cli_root/zfs_copies/'
 /usr/bin/mkdir -p '/usr/share/zfs/zfs-tests/tests/functional/cli_root/zfs_create/'
 /usr/bin/mkdir -p '/usr/share/zfs/zfs-tests/tests/functional/cli_root/zfs_destroy/'
 /usr/bin/mkdir -p '/usr/share/zfs/zfs-tests/tests/functional/cli_root/zfs_diff/'
 /usr/bin/mkdir -p '/usr/share/zfs/zfs-tests/tests/functional/cli_root/zfs_get/'
 /usr/bin/mkdir -p '/usr/share/zfs/zfs-tests/tests/functional/cli_root/zfs_ids_to_path/'
 /usr/bin/mkdir -p '/usr/share/zfs/zfs-tests/tests/functional/cli_root/zfs_inherit/'
 /usr/bin/mkdir -p '/usr/share/zfs/zfs-tests/tests/functional/cli_root/zfs_jail/'
 /usr/bin/mkdir -p '/usr/share/zfs/zfs-tests/tests/functional/cli_root/zfs_load-key/'
 /usr/bin/mkdir -p '/usr/share/zfs/zfs-tests/tests/functional/cli_root/zfs_mount/'
 /usr/bin/mkdir -p '/usr/share/zfs/zfs-tests/tests/functional/cli_root/zfs_program/'
 /usr/bin/mkdir -p '/usr/share/zfs/zfs-tests/tests/functional/cli_root/zfs_promote/'
 /usr/bin/mkdir -p '/usr/share/zfs/zfs-tests/tests/functional/cli_root/zfs_property/'
 /usr/bin/mkdir -p '/usr/share/zfs/zfs-tests/tests/functional/cli_root/zfs_receive/'
 /usr/bin/mkdir -p '/usr/share/zfs/zfs-tests/tests/functional/cli_root/zfs_rename/'
 /usr/bin/mkdir -p '/usr/share/zfs/zfs-tests/tests/functional/cli_root/zfs_reservation/'
 /usr/bin/mkdir -p '/usr/share/zfs/zfs-tests/tests/functional/cli_root/zfs_rollback/'
 /usr/bin/mkdir -p '/usr/share/zfs/zfs-tests/tests/functional/cli_root/zfs_send/'
 /usr/bin/mkdir -p '/usr/share/zfs/zfs-tests/tests/functional/cli_root/zfs_set/'
 /usr/bin/mkdir -p '/usr/share/zfs/zfs-tests/tests/functional/cli_root/zfs_share/'
 /usr/bin/mkdir -p '/usr/share/zfs/zfs-tests/tests/functional/cli_root/zfs_snapshot/'
 /usr/bin/mkdir -p '/usr/share/zfs/zfs-tests/tests/functional/cli_root/zfs_sysfs/'
 /usr/bin/mkdir -p '/usr/share/zfs/zfs-tests/tests/functional/cli_root/zfs_unload-key/'
 /usr/bin/mkdir -p '/usr/share/zfs/zfs-tests/tests/functional/cli_root/zfs_unmount/'
 /usr/bin/mkdir -p '/usr/share/zfs/zfs-tests/tests/functional/cli_root/zfs_unshare/'
 /usr/bin/mkdir -p '/usr/share/zfs/zfs-tests/tests/functional/cli_root/zfs_upgrade/'
 /usr/bin/mkdir -p '/usr/share/zfs/zfs-tests/tests/functional/cli_root/zfs_wait/'
 /usr/bin/mkdir -p '/usr/share/zfs/zfs-tests/tests/functional/cli_root/zhack/'
 /usr/bin/mkdir -p '/usr/share/zfs/zfs-tests/tests/functional/cli_root/zpool_add/'
 /usr/bin/mkdir -p '/usr/share/zfs/zfs-tests/tests/functional/cli_root/zpool_attach/'
 /usr/bin/mkdir -p '/usr/share/zfs/zfs-tests/tests/functional/cli_root/zpool/'
 /usr/bin/mkdir -p '/usr/share/zfs/zfs-tests/tests/functional/cli_root/zpool_clear/'
 /usr/bin/mkdir -p '/usr/share/zfs/zfs-tests/tests/functional/cli_root/zpool_create/'
 /usr/bin/install -c functional/cli_root/zpool_create/cleanup.ksh functional/cli_root/zpool_create/create-o_ashift.ksh functional/cli_root/zpool_create/setup.ksh functional/cli_root/zpool_create/zpool_create_001_pos.ksh functional/cli_root/zpool_create/zpool_create_002_pos.ksh functional/cli_root/zpool_create/zpool_create_003_pos.ksh functional/cli_root/zpool_create/zpool_create_004_pos.ksh functional/cli_root/zpool_create/zpool_create_005_pos.ksh functional/cli_root/zpool_create/zpool_create_006_pos.ksh functional/cli_root/zpool_create/zpool_create_007_neg.ksh functional/cli_root/zpool_create/zpool_create_008_pos.ksh functional/cli_root/zpool_create/zpool_create_009_neg.ksh functional/cli_root/zpool_create/zpool_create_010_neg.ksh functional/cli_root/zpool_create/zpool_create_011_neg.ksh functional/cli_root/zpool_create/zpool_create_012_neg.ksh functional/cli_root/zpool_create/zpool_create_014_neg.ksh functional/cli_root/zpool_create/zpool_create_015_neg.ksh functional/cli_root/zpool_create/zpool_create_016_pos.ksh functional/cli_root/zpool_create/zpool_create_017_neg.ksh functional/cli_root/zpool_create/zpool_create_018_pos.ksh functional/cli_root/zpool_create/zpool_create_019_pos.ksh functional/cli_root/zpool_create/zpool_create_020_pos.ksh functional/cli_root/zpool_create/zpool_create_021_pos.ksh functional/cli_root/zpool_create/zpool_create_022_pos.ksh functional/cli_root/zpool_create/zpool_create_023_neg.ksh functional/cli_root/zpool_create/zpool_create_024_pos.ksh functional/cli_root/zpool_create/zpool_create_crypt_combos.ksh functional/cli_root/zpool_create/zpool_create_draid_001_pos.ksh functional/cli_root/zpool_create/zpool_create_draid_002_pos.ksh functional/cli_root/zpool_create/zpool_create_draid_003_pos.ksh functional/cli_root/zpool_create/zpool_create_draid_004_pos.ksh functional/cli_root/zpool_create/zpool_create_dryrun_output.ksh functional/cli_root/zpool_create/zpool_create_encrypted.ksh functional/cli_root/zpool_create/zpool_create_features_001_pos.ksh functional/cli_root/zpool_create/zpool_create_features_002_pos.ksh functional/cli_root/zpool_create/zpool_create_features_003_pos.ksh functional/cli_root/zpool_create/zpool_create_features_004_neg.ksh functional/cli_root/zpool_create/zpool_create_features_005_pos.ksh functional/cli_root/zpool_create/zpool_create_features_006_pos.ksh functional/cli_root/zpool_create/zpool_create_features_007_pos.ksh '/usr/share/zfs/zfs-tests/tests/functional/cli_root/zpool_create/'
 /usr/bin/mkdir -p '/usr/share/zfs/zfs-tests/tests/functional/cli_root/zpool_destroy/'
 /usr/bin/mkdir -p '/usr/share/zfs/zfs-tests/tests/functional/cli_root/zpool_detach/'
 /usr/bin/mkdir -p '/usr/share/zfs/zfs-tests/tests/functional/cli_root/zpool_events/'
 /usr/bin/mkdir -p '/usr/share/zfs/zfs-tests/tests/functional/cli_root/zpool_expand/'
 /usr/bin/mkdir -p '/usr/share/zfs/zfs-tests/tests/functional/cli_root/zpool_export/'
 /usr/bin/mkdir -p '/usr/share/zfs/zfs-tests/tests/functional/cli_root/zpool_get/'
 /usr/bin/mkdir -p '/usr/share/zfs/zfs-tests/tests/functional/cli_root/zpool_history/'
 /usr/bin/mkdir -p '/usr/share/zfs/zfs-tests/tests/functional/cli_root/zpool_import/'
 /usr/bin/install -c functional/cli_root/zpool_import/cleanup.ksh functional/cli_root/zpool_import/import_cachefile_device_added.ksh functional/cli_root/zpool_import/import_cachefile_device_removed.ksh functional/cli_root/zpool_import/import_cachefile_device_replaced.ksh functional/cli_root/zpool_import/import_cachefile_mirror_attached.ksh functional/cli_root/zpool_import/import_cachefile_mirror_detached.ksh functional/cli_root/zpool_import/import_cachefile_paths_changed.ksh functional/cli_root/zpool_import/import_cachefile_shared_device.ksh functional/cli_root/zpool_import/import_devices_missing.ksh functional/cli_root/zpool_import/import_log_missing.ksh functional/cli_root/zpool_import/import_paths_changed.ksh functional/cli_root/zpool_import/import_rewind_config_changed.ksh functional/cli_root/zpool_import/import_rewind_device_replaced.ksh functional/cli_root/zpool_import/setup.ksh functional/cli_root/zpool_import/zpool_import_001_pos.ksh functional/cli_root/zpool_import/zpool_import_002_pos.ksh functional/cli_root/zpool_import/zpool_import_003_pos.ksh functional/cli_root/zpool_import/zpool_import_004_pos.ksh functional/cli_root/zpool_import/zpool_import_005_pos.ksh functional/cli_root/zpool_import/zpool_import_006_pos.ksh functional/cli_root/zpool_import/zpool_import_007_pos.ksh functional/cli_root/zpool_import/zpool_import_008_pos.ksh functional/cli_root/zpool_import/zpool_import_009_neg.ksh functional/cli_root/zpool_import/zpool_import_010_pos.ksh functional/cli_root/zpool_import/zpool_import_011_neg.ksh functional/cli_root/zpool_import/zpool_import_012_pos.ksh functional/cli_root/zpool_import/zpool_import_013_neg.ksh functional/cli_root/zpool_import/zpool_import_014_pos.ksh functional/cli_root/zpool_import/zpool_import_015_pos.ksh functional/cli_root/zpool_import/zpool_import_016_pos.ksh functional/cli_root/zpool_import/zpool_import_017_pos.ksh functional/cli_root/zpool_import/zpool_import_all_001_pos.ksh functional/cli_root/zpool_import/zpool_import_encrypted.ksh functional/cli_root/zpool_import/zpool_import_encrypted_load.ksh functional/cli_root/zpool_import/zpool_import_errata3.ksh functional/cli_root/zpool_import/zpool_import_errata4.ksh functional/cli_root/zpool_import/zpool_import_features_001_pos.ksh functional/cli_root/zpool_import/zpool_import_features_002_neg.ksh functional/cli_root/zpool_import/zpool_import_features_003_pos.ksh functional/cli_root/zpool_import/zpool_import_hostid_changed.ksh '/usr/share/zfs/zfs-tests/tests/functional/cli_root/zpool_import/'
 /usr/bin/mkdir -p '/usr/share/zfs/zfs-tests/tests/functional/cli_root/zpool_initialize/'
 /usr/bin/mkdir -p '/usr/share/zfs/zfs-tests/tests/functional/cli_root/zpool_labelclear/'
 /usr/bin/mkdir -p '/usr/share/zfs/zfs-tests/tests/functional/cli_root/zpool_offline/'
 /usr/bin/mkdir -p '/usr/share/zfs/zfs-tests/tests/functional/cli_root/zpool_online/'
 /usr/bin/mkdir -p '/usr/share/zfs/zfs-tests/tests/functional/cli_root/zpool_remove/'
 /usr/bin/mkdir -p '/usr/share/zfs/zfs-tests/tests/functional/cli_root/zpool_reopen/'
 /usr/bin/mkdir -p '/usr/share/zfs/zfs-tests/tests/functional/cli_root/zpool_replace/'
 /usr/bin/mkdir -p '/usr/share/zfs/zfs-tests/tests/functional/cli_root/zpool_resilver/'
 /usr/bin/mkdir -p '/usr/share/zfs/zfs-tests/tests/functional/cli_root/zpool_scrub/'
 /usr/bin/mkdir -p '/usr/share/zfs/zfs-tests/tests/functional/cli_root/zpool_set/'
 /usr/bin/mkdir -p '/usr/share/zfs/zfs-tests/tests/functional/cli_root/zpool_split/'
 /usr/bin/mkdir -p '/usr/share/zfs/zfs-tests/tests/functional/cli_root/zpool_status/'
 /usr/bin/mkdir -p '/usr/share/zfs/zfs-tests/tests/functional/cli_root/zpool_sync/'
 /usr/bin/mkdir -p '/usr/share/zfs/zfs-tests/tests/functional/cli_root/zpool_trim/'
 /usr/bin/mkdir -p '/usr/share/zfs/zfs-tests/tests/functional/cli_root/zpool_upgrade/'
 /usr/bin/mkdir -p '/usr/share/zfs/zfs-tests/tests/functional/cli_root/zpool_wait/'
 /usr/bin/mkdir -p '/usr/share/zfs/zfs-tests/tests/functional/cli_root/zpool_wait/scan/'
 /usr/bin/mkdir -p '/usr/share/zfs/zfs-tests/tests/functional/cli_user/misc/'
 /usr/bin/install -c functional/cli_user/misc/arcstat_001_pos.ksh functional/cli_user/misc/arc_summary_001_pos.ksh functional/cli_user/misc/arc_summary_002_neg.ksh functional/cli_user/misc/zilstat_001_pos.ksh functional/cli_user/misc/cleanup.ksh functional/cli_user/misc/setup.ksh functional/cli_user/misc/zdb_001_neg.ksh functional/cli_user/misc/zfs_001_neg.ksh functional/cli_user/misc/zfs_allow_001_neg.ksh functional/cli_user/misc/zfs_clone_001_neg.ksh functional/cli_user/misc/zfs_create_001_neg.ksh functional/cli_user/misc/zfs_destroy_001_neg.ksh functional/cli_user/misc/zfs_get_001_neg.ksh functional/cli_user/misc/zfs_inherit_001_neg.ksh functional/cli_user/misc/zfs_mount_001_neg.ksh functional/cli_user/misc/zfs_promote_001_neg.ksh functional/cli_user/misc/zfs_receive_001_neg.ksh functional/cli_user/misc/zfs_rename_001_neg.ksh functional/cli_user/misc/zfs_rollback_001_neg.ksh functional/cli_user/misc/zfs_send_001_neg.ksh functional/cli_user/misc/zfs_set_001_neg.ksh functional/cli_user/misc/zfs_share_001_neg.ksh functional/cli_user/misc/zfs_snapshot_001_neg.ksh functional/cli_user/misc/zfs_unallow_001_neg.ksh functional/cli_user/misc/zfs_unmount_001_neg.ksh functional/cli_user/misc/zfs_unshare_001_neg.ksh functional/cli_user/misc/zfs_upgrade_001_neg.ksh functional/cli_user/misc/zpool_001_neg.ksh functional/cli_user/misc/zpool_add_001_neg.ksh functional/cli_user/misc/zpool_attach_001_neg.ksh functional/cli_user/misc/zpool_clear_001_neg.ksh functional/cli_user/misc/zpool_create_001_neg.ksh functional/cli_user/misc/zpool_destroy_001_neg.ksh functional/cli_user/misc/zpool_detach_001_neg.ksh functional/cli_user/misc/zpool_export_001_neg.ksh functional/cli_user/misc/zpool_get_001_neg.ksh functional/cli_user/misc/zpool_history_001_neg.ksh functional/cli_user/misc/zpool_import_001_neg.ksh functional/cli_user/misc/zpool_import_002_neg.ksh functional/cli_user/misc/zpool_offline_001_neg.ksh '/usr/share/zfs/zfs-tests/tests/functional/cli_user/misc/'
 /usr/bin/mkdir -p '/usr/share/zfs/zfs-tests/tests/functional/cli_user/zfs_list/'
 /usr/bin/mkdir -p '/usr/share/zfs/zfs-tests/tests/functional/cli_user/zpool_iostat/'
 /usr/bin/mkdir -p '/usr/share/zfs/zfs-tests/tests/functional/cli_user/zpool_list/'
 /usr/bin/mkdir -p '/usr/share/zfs/zfs-tests/tests/functional/cli_user/zpool_status/'
 /usr/bin/mkdir -p '/usr/share/zfs/zfs-tests/tests/functional/compression/'
 /usr/bin/mkdir -p '/usr/share/zfs/zfs-tests/tests/functional/cp_files/'
 /usr/bin/mkdir -p '/usr/share/zfs/zfs-tests/tests/functional/crtime/'
 /usr/bin/mkdir -p '/usr/share/zfs/zfs-tests/tests/functional/ctime/'
 /usr/bin/mkdir -p '/usr/share/zfs/zfs-tests/tests/functional/deadman/'
 /usr/bin/mkdir -p '/usr/share/zfs/zfs-tests/tests/functional/delegate/'
 /usr/bin/mkdir -p '/usr/share/zfs/zfs-tests/tests/functional/device_access/'
 /usr/bin/mkdir -p '/usr/share/zfs/zfs-tests/tests/functional/devices/'
 /usr/bin/mkdir -p '/usr/share/zfs/zfs-tests/tests/functional/dos_attributes/'
 /usr/bin/mkdir -p '/usr/share/zfs/zfs-tests/tests/functional/events/'
 /usr/bin/mkdir -p '/usr/share/zfs/zfs-tests/tests/functional/exec/'
 /usr/bin/mkdir -p '/usr/share/zfs/zfs-tests/tests/functional/fadvise/'
 /usr/bin/mkdir -p '/usr/share/zfs/zfs-tests/tests/functional/fallocate/'
 /usr/bin/mkdir -p '/usr/share/zfs/zfs-tests/tests/functional/fault/'
 /usr/bin/mkdir -p '/usr/share/zfs/zfs-tests/tests/functional/features/async_destroy/'
 /usr/bin/mkdir -p '/usr/share/zfs/zfs-tests/tests/functional/features/large_dnode/'
 /usr/bin/mkdir -p '/usr/share/zfs/zfs-tests/tests/functional/grow/'
 /usr/bin/mkdir -p '/usr/share/zfs/zfs-tests/tests/functional/history/'
 /usr/bin/mkdir -p '/usr/share/zfs/zfs-tests/tests/functional/inheritance/'
 /usr/bin/mkdir -p '/usr/share/zfs/zfs-tests/tests/functional/inuse/'
 /usr/bin/mkdir -p '/usr/share/zfs/zfs-tests/tests/functional/io/'
 /usr/bin/mkdir -p '/usr/share/zfs/zfs-tests/tests/functional/l2arc/'
 /usr/bin/mkdir -p '/usr/share/zfs/zfs-tests/tests/functional/large_files/'
 /usr/bin/mkdir -p '/usr/share/zfs/zfs-tests/tests/functional/largest_pool/'
 /usr/bin/mkdir -p '/usr/share/zfs/zfs-tests/tests/functional/libzfs/'
 /usr/bin/mkdir -p '/usr/share/zfs/zfs-tests/tests/functional/limits/'
 /usr/bin/mkdir -p '/usr/share/zfs/zfs-tests/tests/functional/link_count/'
 /usr/bin/mkdir -p '/usr/share/zfs/zfs-tests/tests/functional/log_spacemap/'
 /usr/bin/mkdir -p '/usr/share/zfs/zfs-tests/tests/functional/migration/'
 /usr/bin/mkdir -p '/usr/share/zfs/zfs-tests/tests/functional/mmap/'
 /usr/bin/mkdir -p '/usr/share/zfs/zfs-tests/tests/functional/mmp/'
 /usr/bin/mkdir -p '/usr/share/zfs/zfs-tests/tests/functional/mount/'
 /usr/bin/mkdir -p '/usr/share/zfs/zfs-tests/tests/functional/mv_files/'
 /usr/bin/mkdir -p '/usr/share/zfs/zfs-tests/tests/functional/nestedfs/'
 /usr/bin/mkdir -p '/usr/share/zfs/zfs-tests/tests/functional/nopwrite/'
 /usr/bin/mkdir -p '/usr/share/zfs/zfs-tests/tests/functional/no_space/'
 /usr/bin/mkdir -p '/usr/share/zfs/zfs-tests/tests/functional/online_offline/'
 /usr/bin/mkdir -p '/usr/share/zfs/zfs-tests/tests/functional/pam/'
 /usr/bin/mkdir -p '/usr/share/zfs/zfs-tests/tests/functional/pool_checkpoint/'
 /usr/bin/mkdir -p '/usr/share/zfs/zfs-tests/tests/functional/pool_names/'
 /usr/bin/mkdir -p '/usr/share/zfs/zfs-tests/tests/functional/poolversion/'
 /usr/bin/mkdir -p '/usr/share/zfs/zfs-tests/tests/functional/privilege/'
 /usr/bin/mkdir -p '/usr/share/zfs/zfs-tests/tests/functional/procfs/'
 /usr/bin/mkdir -p '/usr/share/zfs/zfs-tests/tests/functional/projectquota/'
 /usr/bin/mkdir -p '/usr/share/zfs/zfs-tests/tests/functional/quota/'
 /usr/bin/mkdir -p '/usr/share/zfs/zfs-tests/tests/functional/raidz/'
 /usr/bin/mkdir -p '/usr/share/zfs/zfs-tests/tests/functional/redacted_send/'
 /usr/bin/mkdir -p '/usr/share/zfs/zfs-tests/tests/functional/redundancy/'
 /usr/bin/mkdir -p '/usr/share/zfs/zfs-tests/tests/functional/refquota/'
 /usr/bin/mkdir -p '/usr/share/zfs/zfs-tests/tests/functional/refreserv/'
 /usr/bin/mkdir -p '/usr/share/zfs/zfs-tests/tests/functional/removal/'
 /usr/bin/mkdir -p '/usr/share/zfs/zfs-tests/tests/functional/rename_dirs/'
 /usr/bin/mkdir -p '/usr/share/zfs/zfs-tests/tests/functional/renameat2/'
 /usr/bin/mkdir -p '/usr/share/zfs/zfs-tests/tests/functional/replacement/'
 /usr/bin/mkdir -p '/usr/share/zfs/zfs-tests/tests/functional/reservation/'
 /usr/bin/mkdir -p '/usr/share/zfs/zfs-tests/tests/functional/rootpool/'
 /usr/bin/mkdir -p '/usr/share/zfs/zfs-tests/tests/functional/rsend/'
 /usr/bin/install -c functional/rsend/cleanup.ksh functional/rsend/recv_dedup_encrypted_zvol.ksh functional/rsend/recv_dedup.ksh functional/rsend/rsend_001_pos.ksh functional/rsend/rsend_002_pos.ksh functional/rsend/rsend_003_pos.ksh functional/rsend/rsend_004_pos.ksh functional/rsend/rsend_005_pos.ksh functional/rsend/rsend_006_pos.ksh functional/rsend/rsend_007_pos.ksh functional/rsend/rsend_008_pos.ksh functional/rsend/rsend_009_pos.ksh functional/rsend/rsend_010_pos.ksh functional/rsend/rsend_011_pos.ksh functional/rsend/rsend_012_pos.ksh functional/rsend/rsend_013_pos.ksh functional/rsend/rsend_014_pos.ksh functional/rsend/rsend_016_neg.ksh functional/rsend/rsend_019_pos.ksh functional/rsend/rsend_020_pos.ksh functional/rsend/rsend_021_pos.ksh functional/rsend/rsend_022_pos.ksh functional/rsend/rsend_024_pos.ksh functional/rsend/rsend_025_pos.ksh functional/rsend/rsend_026_neg.ksh functional/rsend/rsend_027_pos.ksh functional/rsend/rsend_028_neg.ksh functional/rsend/rsend_029_neg.ksh functional/rsend/rsend_030_pos.ksh functional/rsend/rsend_031_pos.ksh functional/rsend/send-c_embedded_blocks.ksh functional/rsend/send-c_incremental.ksh functional/rsend/send-c_lz4_disabled.ksh functional/rsend/send-c_mixed_compression.ksh functional/rsend/send-c_props.ksh functional/rsend/send-c_recv_dedup.ksh functional/rsend/send-c_recv_lz4_disabled.ksh functional/rsend/send-c_resume.ksh functional/rsend/send-c_stream_size_estimate.ksh functional/rsend/send-c_verify_contents.ksh '/usr/share/zfs/zfs-tests/tests/functional/rsend/'
 /usr/bin/mkdir -p '/usr/share/zfs/zfs-tests/tests/functional/scrub_mirror/'
 /usr/bin/mkdir -p '/usr/share/zfs/zfs-tests/tests/functional/slog/'
 /usr/bin/mkdir -p '/usr/share/zfs/zfs-tests/tests/functional/snapshot/'
 /usr/bin/mkdir -p '/usr/share/zfs/zfs-tests/tests/functional/snapused/'
 /usr/bin/mkdir -p '/usr/share/zfs/zfs-tests/tests/functional/sparse/'
 /usr/bin/mkdir -p '/usr/share/zfs/zfs-tests/tests/functional/stat/'
 /usr/bin/mkdir -p '/usr/share/zfs/zfs-tests/tests/functional/syncfs/'
 /usr/bin/mkdir -p '/usr/share/zfs/zfs-tests/tests/functional/suid/'
 /usr/bin/mkdir -p '/usr/share/zfs/zfs-tests/tests/functional/trim/'
 /usr/bin/mkdir -p '/usr/share/zfs/zfs-tests/tests/functional/truncate/'
 /usr/bin/mkdir -p '/usr/share/zfs/zfs-tests/tests/functional/upgrade/'
 /usr/bin/mkdir -p '/usr/share/zfs/zfs-tests/tests/functional/user_namespace/'
 /usr/bin/mkdir -p '/usr/share/zfs/zfs-tests/tests/functional/userquota/'
 /usr/bin/mkdir -p '/usr/share/zfs/zfs-tests/tests/functional/vdev_zaps/'
 /usr/bin/mkdir -p '/usr/share/zfs/zfs-tests/tests/functional/write_dirs/'
 /usr/bin/mkdir -p '/usr/share/zfs/zfs-tests/tests/functional/xattr/'
 /usr/bin/mkdir -p '/usr/share/zfs/zfs-tests/tests/functional/zpool_influxdb/'
 /usr/bin/mkdir -p '/usr/share/zfs/zfs-tests/tests/functional/zvol/zvol_cli/'
 /usr/bin/mkdir -p '/usr/share/zfs/zfs-tests/tests/functional/zvol/zvol_ENOSPC/'
 /usr/bin/mkdir -p '/usr/share/zfs/zfs-tests/tests/functional/zvol/zvol_misc/'
 /usr/bin/mkdir -p '/usr/share/zfs/zfs-tests/tests/functional/zvol/zvol_stress/'
 /usr/bin/mkdir -p '/usr/share/zfs/zfs-tests/tests/functional/zvol/zvol_swap/'
 /usr/bin/mkdir -p '/usr/share/zfs/zfs-tests/tests/functional/idmap_mount/'
 /usr/bin/install -c functional/cli_root/zpool_remove/cleanup.ksh functional/cli_root/zpool_remove/setup.ksh functional/cli_root/zpool_remove/zpool_remove_001_neg.ksh functional/cli_root/zpool_remove/zpool_remove_002_pos.ksh functional/cli_root/zpool_remove/zpool_remove_003_pos.ksh '/usr/share/zfs/zfs-tests/tests/functional/cli_root/zpool_remove/'
 /usr/bin/install -c functional/cli_root/zfs_property/cleanup.ksh functional/cli_root/zfs_property/setup.ksh functional/cli_root/zfs_property/zfs_written_property_001_pos.ksh '/usr/share/zfs/zfs-tests/tests/functional/cli_root/zfs_property/'
 /usr/bin/install -c functional/cli_root/zfs_rollback/cleanup.ksh functional/cli_root/zfs_rollback/setup.ksh functional/cli_root/zfs_rollback/zfs_rollback_001_pos.ksh functional/cli_root/zfs_rollback/zfs_rollback_002_pos.ksh functional/cli_root/zfs_rollback/zfs_rollback_003_neg.ksh functional/cli_root/zfs_rollback/zfs_rollback_004_neg.ksh '/usr/share/zfs/zfs-tests/tests/functional/cli_root/zfs_rollback/'
 /usr/bin/install -c functional/link_count/cleanup.ksh functional/link_count/link_count_001.ksh functional/link_count/link_count_root_inode.ksh functional/link_count/setup.ksh '/usr/share/zfs/zfs-tests/tests/functional/link_count/'
 /usr/bin/install -c functional/cli_root/zfs_promote/cleanup.ksh functional/cli_root/zfs_promote/setup.ksh functional/cli_root/zfs_promote/zfs_promote_001_pos.ksh functional/cli_root/zfs_promote/zfs_promote_002_pos.ksh functional/cli_root/zfs_promote/zfs_promote_003_pos.ksh functional/cli_root/zfs_promote/zfs_promote_004_pos.ksh functional/cli_root/zfs_promote/zfs_promote_005_pos.ksh functional/cli_root/zfs_promote/zfs_promote_006_neg.ksh functional/cli_root/zfs_promote/zfs_promote_007_neg.ksh functional/cli_root/zfs_promote/zfs_promote_008_pos.ksh functional/cli_root/zfs_promote/zfs_promote_encryptionroot.ksh '/usr/share/zfs/zfs-tests/tests/functional/cli_root/zfs_promote/'
 /usr/bin/install -c functional/stat/cleanup.ksh functional/stat/setup.ksh functional/stat/stat_001_pos.ksh '/usr/share/zfs/zfs-tests/tests/functional/stat/'
 /usr/bin/install -c functional/channel_program/lua_core/cleanup.ksh functional/channel_program/lua_core/setup.ksh functional/channel_program/lua_core/tst.args_to_lua.ksh functional/channel_program/lua_core/tst.divide_by_zero.ksh functional/channel_program/lua_core/tst.exists.ksh functional/channel_program/lua_core/tst.integer_illegal.ksh functional/channel_program/lua_core/tst.integer_overflow.ksh functional/channel_program/lua_core/tst.language_functions_neg.ksh functional/channel_program/lua_core/tst.language_functions_pos.ksh functional/channel_program/lua_core/tst.large_prog.ksh functional/channel_program/lua_core/tst.libraries.ksh functional/channel_program/lua_core/tst.memory_limit.ksh functional/channel_program/lua_core/tst.nested_neg.ksh functional/channel_program/lua_core/tst.nested_pos.ksh functional/channel_program/lua_core/tst.nvlist_to_lua.ksh functional/channel_program/lua_core/tst.recursive_neg.ksh functional/channel_program/lua_core/tst.recursive_pos.ksh functional/channel_program/lua_core/tst.return_large.ksh functional/channel_program/lua_core/tst.return_nvlist_neg.ksh functional/channel_program/lua_core/tst.return_nvlist_pos.ksh functional/channel_program/lua_core/tst.return_recursive_table.ksh functional/channel_program/lua_core/tst.stack_gsub.ksh functional/channel_program/lua_core/tst.timeout.ksh '/usr/share/zfs/zfs-tests/tests/functional/channel_program/lua_core/'
 /usr/bin/install -c functional/nopwrite/cleanup.ksh functional/nopwrite/nopwrite_copies.ksh functional/nopwrite/nopwrite_mtime.ksh functional/nopwrite/nopwrite_negative.ksh functional/nopwrite/nopwrite_promoted_clone.ksh functional/nopwrite/nopwrite_recsize.ksh functional/nopwrite/nopwrite_sync.ksh functional/nopwrite/nopwrite_varying_compression.ksh functional/nopwrite/nopwrite_volume.ksh functional/nopwrite/setup.ksh '/usr/share/zfs/zfs-tests/tests/functional/nopwrite/'
 /usr/bin/install -c functional/online_offline/cleanup.ksh functional/online_offline/online_offline_001_pos.ksh functional/online_offline/online_offline_002_neg.ksh functional/online_offline/online_offline_003_neg.ksh functional/online_offline/setup.ksh '/usr/share/zfs/zfs-tests/tests/functional/online_offline/'
 /usr/bin/install -c functional/privilege/cleanup.ksh functional/privilege/privilege_001_pos.ksh functional/privilege/privilege_002_pos.ksh functional/privilege/setup.ksh '/usr/share/zfs/zfs-tests/tests/functional/privilege/'
 /usr/bin/install -c functional/mmap/cleanup.ksh functional/mmap/mmap_libaio_001_pos.ksh functional/mmap/mmap_mixed.ksh functional/mmap/mmap_read_001_pos.ksh functional/mmap/mmap_seek_001_pos.ksh functional/mmap/mmap_sync_001_pos.ksh functional/mmap/mmap_write_001_pos.ksh functional/mmap/setup.ksh '/usr/share/zfs/zfs-tests/tests/functional/mmap/'
 /usr/bin/install -c functional/features/async_destroy/async_destroy_001_pos.ksh functional/features/async_destroy/cleanup.ksh functional/features/async_destroy/setup.ksh '/usr/share/zfs/zfs-tests/tests/functional/features/async_destroy/'
 /usr/bin/install -c functional/cli_root/zpool_get/cleanup.ksh functional/cli_root/zpool_get/setup.ksh functional/cli_root/zpool_get/vdev_get_001_pos.ksh functional/cli_root/zpool_get/zpool_get_001_pos.ksh functional/cli_root/zpool_get/zpool_get_002_pos.ksh functional/cli_root/zpool_get/zpool_get_003_pos.ksh functional/cli_root/zpool_get/zpool_get_004_neg.ksh functional/cli_root/zpool_get/zpool_get_005_pos.ksh '/usr/share/zfs/zfs-tests/tests/functional/cli_root/zpool_get/'
 /usr/bin/install -c functional/cli_root/zfs_change-key/cleanup.ksh functional/cli_root/zfs_change-key/setup.ksh functional/cli_root/zfs_change-key/zfs_change-key_child.ksh functional/cli_root/zfs_change-key/zfs_change-key_clones.ksh functional/cli_root/zfs_change-key/zfs_change-key_format.ksh functional/cli_root/zfs_change-key/zfs_change-key_inherit.ksh functional/cli_root/zfs_change-key/zfs_change-key.ksh functional/cli_root/zfs_change-key/zfs_change-key_load.ksh functional/cli_root/zfs_change-key/zfs_change-key_location.ksh functional/cli_root/zfs_change-key/zfs_change-key_pbkdf2iters.ksh '/usr/share/zfs/zfs-tests/tests/functional/cli_root/zfs_change-key/'
 /usr/bin/install -c functional/vdev_zaps/cleanup.ksh functional/vdev_zaps/setup.ksh functional/vdev_zaps/vdev_zaps_001_pos.ksh functional/vdev_zaps/vdev_zaps_002_pos.ksh functional/vdev_zaps/vdev_zaps_003_pos.ksh functional/vdev_zaps/vdev_zaps_004_pos.ksh functional/vdev_zaps/vdev_zaps_005_pos.ksh functional/vdev_zaps/vdev_zaps_006_pos.ksh functional/vdev_zaps/vdev_zaps_007_pos.ksh '/usr/share/zfs/zfs-tests/tests/functional/vdev_zaps/'
 /usr/bin/install -c functional/removal/cleanup.ksh functional/removal/removal_all_vdev.ksh functional/removal/removal_cancel.ksh functional/removal/removal_check_space.ksh functional/removal/removal_condense_export.ksh functional/removal/removal_multiple_indirection.ksh functional/removal/removal_nopwrite.ksh functional/removal/removal_remap_deadlists.ksh functional/removal/removal_reservation.ksh functional/removal/removal_resume_export.ksh functional/removal/removal_sanity.ksh functional/removal/removal_with_add.ksh functional/removal/removal_with_create_fs.ksh functional/removal/removal_with_dedup.ksh functional/removal/removal_with_errors.ksh functional/removal/removal_with_export.ksh functional/removal/removal_with_faulted.ksh functional/removal/removal_with_ganging.ksh functional/removal/removal_with_indirect.ksh functional/removal/removal_with_remove.ksh functional/removal/removal_with_scrub.ksh functional/removal/removal_with_send.ksh functional/removal/removal_with_send_recv.ksh functional/removal/removal_with_snapshot.ksh functional/removal/removal_with_write.ksh functional/removal/removal_with_zdb.ksh functional/removal/remove_attach_mirror.ksh functional/removal/remove_expanded.ksh functional/removal/remove_indirect.ksh functional/removal/remove_mirror.ksh functional/removal/remove_mirror_sanity.ksh functional/removal/remove_raidz.ksh '/usr/share/zfs/zfs-tests/tests/functional/removal/'
 /usr/bin/install -c functional/cli_root/zpool/cleanup.ksh functional/cli_root/zpool/setup.ksh functional/cli_root/zpool/zpool_001_neg.ksh functional/cli_root/zpool/zpool_002_pos.ksh functional/cli_root/zpool/zpool_003_pos.ksh functional/cli_root/zpool/zpool_colors.ksh '/usr/share/zfs/zfs-tests/tests/functional/cli_root/zpool/'
 /usr/bin/install -c functional/cli_root/zfs_unshare/cleanup.ksh functional/cli_root/zfs_unshare/setup.ksh functional/cli_root/zfs_unshare/zfs_unshare_001_pos.ksh functional/cli_root/zfs_unshare/zfs_unshare_002_pos.ksh functional/cli_root/zfs_unshare/zfs_unshare_003_pos.ksh functional/cli_root/zfs_unshare/zfs_unshare_004_neg.ksh functional/cli_root/zfs_unshare/zfs_unshare_005_neg.ksh functional/cli_root/zfs_unshare/zfs_unshare_006_pos.ksh functional/cli_root/zfs_unshare/zfs_unshare_007_pos.ksh functional/cli_root/zfs_unshare/zfs_unshare_008_pos.ksh '/usr/share/zfs/zfs-tests/tests/functional/cli_root/zfs_unshare/'
 /usr/bin/install -c functional/quota/cleanup.ksh functional/quota/quota_001_pos.ksh functional/quota/quota_002_pos.ksh functional/quota/quota_003_pos.ksh functional/quota/quota_004_pos.ksh functional/quota/quota_005_pos.ksh functional/quota/quota_006_neg.ksh functional/quota/setup.ksh '/usr/share/zfs/zfs-tests/tests/functional/quota/'
 /usr/bin/install -c functional/no_space/cleanup.ksh functional/no_space/enospc_001_pos.ksh functional/no_space/enospc_002_pos.ksh functional/no_space/enospc_003_pos.ksh functional/no_space/enospc_df.ksh functional/no_space/enospc_ganging.ksh functional/no_space/enospc_rm.ksh functional/no_space/setup.ksh '/usr/share/zfs/zfs-tests/tests/functional/no_space/'
 /usr/bin/install -c functional/devices/cleanup.ksh functional/devices/devices_001_pos.ksh functional/devices/devices_002_neg.ksh functional/devices/devices_003_pos.ksh functional/devices/setup.ksh '/usr/share/zfs/zfs-tests/tests/functional/devices/'
 /usr/bin/install -c functional/rsend/send-c_verify_ratio.ksh functional/rsend/send-c_volume.ksh functional/rsend/send-c_zstream_recompress.ksh functional/rsend/send-c_zstreamdump.ksh functional/rsend/send-cpL_varied_recsize.ksh functional/rsend/send_doall.ksh functional/rsend/send_encrypted_incremental.ksh functional/rsend/send_encrypted_files.ksh functional/rsend/send_encrypted_freeobjects.ksh functional/rsend/send_encrypted_hierarchy.ksh functional/rsend/send_encrypted_props.ksh functional/rsend/send_encrypted_truncated_files.ksh functional/rsend/send_freeobjects.ksh functional/rsend/send_holds.ksh functional/rsend/send_hole_birth.ksh functional/rsend/send_invalid.ksh functional/rsend/send_leak_keymaps.ksh functional/rsend/send-L_toggle.ksh functional/rsend/send_mixed_raw.ksh functional/rsend/send_partial_dataset.ksh functional/rsend/send_raw_ashift.ksh functional/rsend/send_raw_spill_block.ksh functional/rsend/send_raw_large_blocks.ksh functional/rsend/send_realloc_dnode_size.ksh functional/rsend/send_realloc_encrypted_files.ksh functional/rsend/send_realloc_files.ksh functional/rsend/send_spill_block.ksh functional/rsend/send-wR_encrypted_zvol.ksh functional/rsend/setup.ksh '/usr/share/zfs/zfs-tests/tests/functional/rsend/'
 /usr/bin/install -c functional/replacement/attach_import.ksh functional/replacement/attach_multiple.ksh functional/replacement/attach_rebuild.ksh functional/replacement/attach_resilver.ksh functional/replacement/cleanup.ksh functional/replacement/detach.ksh functional/replacement/rebuild_disabled_feature.ksh functional/replacement/rebuild_multiple.ksh functional/replacement/rebuild_raidz.ksh functional/replacement/replace_import.ksh functional/replacement/replace_rebuild.ksh functional/replacement/replace_resilver.ksh functional/replacement/resilver_restart_001.ksh functional/replacement/resilver_restart_002.ksh functional/replacement/scrub_cancel.ksh functional/replacement/setup.ksh '/usr/share/zfs/zfs-tests/tests/functional/replacement/'
 /usr/bin/install -c functional/renameat2/cleanup.ksh functional/renameat2/setup.ksh functional/renameat2/renameat2_exchange.ksh functional/renameat2/renameat2_noreplace.ksh functional/renameat2/renameat2_whiteout.ksh '/usr/share/zfs/zfs-tests/tests/functional/renameat2/'
 /usr/bin/install -c functional/cli_root/zpool_add/add_nested_replacing_spare.ksh functional/cli_root/zpool_add/add-o_ashift.ksh functional/cli_root/zpool_add/add_prop_ashift.ksh functional/cli_root/zpool_add/cleanup.ksh functional/cli_root/zpool_add/setup.ksh functional/cli_root/zpool_add/zpool_add--allow-ashift-mismatch.ksh functional/cli_root/zpool_add/zpool_add_001_pos.ksh functional/cli_root/zpool_add/zpool_add_002_pos.ksh functional/cli_root/zpool_add/zpool_add_003_pos.ksh functional/cli_root/zpool_add/zpool_add_004_pos.ksh functional/cli_root/zpool_add/zpool_add_005_pos.ksh functional/cli_root/zpool_add/zpool_add_006_pos.ksh functional/cli_root/zpool_add/zpool_add_007_neg.ksh functional/cli_root/zpool_add/zpool_add_008_neg.ksh functional/cli_root/zpool_add/zpool_add_009_neg.ksh functional/cli_root/zpool_add/zpool_add_warn_create.ksh functional/cli_root/zpool_add/zpool_add_warn_degraded.ksh functional/cli_root/zpool_add/zpool_add_warn_removal.ksh functional/cli_root/zpool_add/zpool_add_dryrun_output.ksh '/usr/share/zfs/zfs-tests/tests/functional/cli_root/zpool_add/'
 /usr/bin/install -c perf/scripts/prefetch_io.sh '/usr/share/zfs/zfs-tests/tests/perf/scripts/'
 /usr/bin/install -c functional/cli_user/zpool_iostat/cleanup.ksh functional/cli_user/zpool_iostat/setup.ksh functional/cli_user/zpool_iostat/zpool_iostat_001_neg.ksh functional/cli_user/zpool_iostat/zpool_iostat_002_pos.ksh functional/cli_user/zpool_iostat/zpool_iostat_003_neg.ksh functional/cli_user/zpool_iostat/zpool_iostat_004_pos.ksh functional/cli_user/zpool_iostat/zpool_iostat_005_pos.ksh functional/cli_user/zpool_iostat/zpool_iostat_-c_disable.ksh functional/cli_user/zpool_iostat/zpool_iostat_-c_homedir.ksh functional/cli_user/zpool_iostat/zpool_iostat_-c_searchpath.ksh '/usr/share/zfs/zfs-tests/tests/functional/cli_user/zpool_iostat/'
 /usr/bin/install -c functional/migration/cleanup.ksh functional/migration/migration_001_pos.ksh functional/migration/migration_002_pos.ksh functional/migration/migration_003_pos.ksh functional/migration/migration_004_pos.ksh functional/migration/migration_005_pos.ksh functional/migration/migration_006_pos.ksh functional/migration/migration_007_pos.ksh functional/migration/migration_008_pos.ksh functional/migration/migration_009_pos.ksh functional/migration/migration_010_pos.ksh functional/migration/migration_011_pos.ksh functional/migration/migration_012_pos.ksh functional/migration/setup.ksh '/usr/share/zfs/zfs-tests/tests/functional/migration/'
 /usr/bin/install -c functional/inuse/inuse_001_pos.ksh functional/inuse/inuse_003_pos.ksh functional/inuse/inuse_004_pos.ksh functional/inuse/inuse_005_pos.ksh functional/inuse/inuse_006_pos.ksh functional/inuse/inuse_007_pos.ksh functional/inuse/inuse_008_pos.ksh functional/inuse/inuse_009_pos.ksh functional/inuse/setup.ksh '/usr/share/zfs/zfs-tests/tests/functional/inuse/'
 /usr/bin/install -c functional/cli_root/zfs_reservation/cleanup.ksh functional/cli_root/zfs_reservation/setup.ksh functional/cli_root/zfs_reservation/zfs_reservation_001_pos.ksh functional/cli_root/zfs_reservation/zfs_reservation_002_pos.ksh '/usr/share/zfs/zfs-tests/tests/functional/cli_root/zfs_reservation/'
 /usr/bin/install -c functional/alloc_class/alloc_class_001_pos.ksh functional/alloc_class/alloc_class_002_neg.ksh functional/alloc_class/alloc_class_003_pos.ksh functional/alloc_class/alloc_class_004_pos.ksh functional/alloc_class/alloc_class_005_pos.ksh functional/alloc_class/alloc_class_006_pos.ksh functional/alloc_class/alloc_class_007_pos.ksh functional/alloc_class/alloc_class_008_pos.ksh functional/alloc_class/alloc_class_009_pos.ksh functional/alloc_class/alloc_class_010_pos.ksh functional/alloc_class/alloc_class_011_neg.ksh functional/alloc_class/alloc_class_012_pos.ksh functional/alloc_class/alloc_class_013_pos.ksh functional/alloc_class/alloc_class_014_neg.ksh functional/alloc_class/alloc_class_015_pos.ksh functional/alloc_class/cleanup.ksh functional/alloc_class/setup.ksh '/usr/share/zfs/zfs-tests/tests/functional/alloc_class/'
 /usr/bin/install -c functional/pam/cleanup.ksh functional/pam/pam_basic.ksh functional/pam/pam_change_unmounted.ksh functional/pam/pam_nounmount.ksh functional/pam/pam_recursive.ksh functional/pam/pam_short_password.ksh functional/pam/setup.ksh '/usr/share/zfs/zfs-tests/tests/functional/pam/'
 /usr/bin/install -c functional/mount/cleanup.ksh functional/mount/setup.ksh functional/mount/mount_loopback.ksh functional/mount/umount_001.ksh functional/mount/umountall_001.ksh functional/mount/umount_unlinked_drain.ksh '/usr/share/zfs/zfs-tests/tests/functional/mount/'
 /usr/bin/install -c functional/cli_root/zpool_reopen/cleanup.ksh functional/cli_root/zpool_reopen/setup.ksh functional/cli_root/zpool_reopen/zpool_reopen_001_pos.ksh functional/cli_root/zpool_reopen/zpool_reopen_002_pos.ksh functional/cli_root/zpool_reopen/zpool_reopen_003_pos.ksh functional/cli_root/zpool_reopen/zpool_reopen_004_pos.ksh functional/cli_root/zpool_reopen/zpool_reopen_005_pos.ksh functional/cli_root/zpool_reopen/zpool_reopen_006_neg.ksh functional/cli_root/zpool_reopen/zpool_reopen_007_pos.ksh '/usr/share/zfs/zfs-tests/tests/functional/cli_root/zpool_reopen/'
 /usr/bin/install -c functional/deadman/deadman_ratelimit.ksh functional/deadman/deadman_sync.ksh functional/deadman/deadman_zio.ksh '/usr/share/zfs/zfs-tests/tests/functional/deadman/'
 /usr/bin/install -c functional/events/cleanup.ksh functional/events/events_001_pos.ksh functional/events/events_002_pos.ksh functional/events/setup.ksh functional/events/zed_cksum_config.ksh functional/events/zed_cksum_reported.ksh functional/events/zed_fd_spill.ksh functional/events/zed_io_config.ksh functional/events/zed_rc_filter.ksh functional/events/zed_slow_io.ksh functional/events/zed_slow_io_many_vdevs.ksh '/usr/share/zfs/zfs-tests/tests/functional/events/'
 /usr/bin/install -c functional/suid/cleanup.ksh functional/suid/setup.ksh functional/suid/suid_write_to_none.ksh functional/suid/suid_write_to_sgid.ksh functional/suid/suid_write_to_suid.ksh functional/suid/suid_write_to_suid_sgid.ksh functional/suid/suid_write_zil_replay.ksh '/usr/share/zfs/zfs-tests/tests/functional/suid/'
 /usr/bin/install -c functional/refreserv/cleanup.ksh functional/refreserv/refreserv_001_pos.ksh functional/refreserv/refreserv_002_pos.ksh functional/refreserv/refreserv_003_pos.ksh functional/refreserv/refreserv_004_pos.ksh functional/refreserv/refreserv_005_pos.ksh functional/refreserv/refreserv_multi_raidz.ksh functional/refreserv/refreserv_raidz.ksh functional/refreserv/setup.ksh '/usr/share/zfs/zfs-tests/tests/functional/refreserv/'
 /usr/bin/install -c functional/cli_root/zpool_status/cleanup.ksh functional/cli_root/zpool_status/setup.ksh functional/cli_root/zpool_status/zpool_status_001_pos.ksh functional/cli_root/zpool_status/zpool_status_002_pos.ksh functional/cli_root/zpool_status/zpool_status_003_pos.ksh functional/cli_root/zpool_status/zpool_status_004_pos.ksh functional/cli_root/zpool_status/zpool_status_005_pos.ksh functional/cli_root/zpool_status/zpool_status_006_pos.ksh functional/cli_root/zpool_status/zpool_status_007_pos.ksh functional/cli_root/zpool_status/zpool_status_008_pos.ksh functional/cli_root/zpool_status/zpool_status_features_001_pos.ksh '/usr/share/zfs/zfs-tests/tests/functional/cli_root/zpool_status/'
 /usr/bin/install -c functional/cli_root/zfs_share/cleanup.ksh functional/cli_root/zfs_share/setup.ksh functional/cli_root/zfs_share/zfs_share_001_pos.ksh functional/cli_root/zfs_share/zfs_share_002_pos.ksh functional/cli_root/zfs_share/zfs_share_003_pos.ksh functional/cli_root/zfs_share/zfs_share_004_pos.ksh functional/cli_root/zfs_share/zfs_share_005_pos.ksh functional/cli_root/zfs_share/zfs_share_006_pos.ksh functional/cli_root/zfs_share/zfs_share_007_neg.ksh functional/cli_root/zfs_share/zfs_share_008_neg.ksh functional/cli_root/zfs_share/zfs_share_009_neg.ksh functional/cli_root/zfs_share/zfs_share_010_neg.ksh functional/cli_root/zfs_share/zfs_share_011_pos.ksh functional/cli_root/zfs_share/zfs_share_012_pos.ksh functional/cli_root/zfs_share/zfs_share_013_pos.ksh functional/cli_root/zfs_share/zfs_share_concurrent_shares.ksh functional/cli_root/zfs_share/zfs_share_after_mount.ksh '/usr/share/zfs/zfs-tests/tests/functional/cli_root/zfs_share/'
 /usr/bin/install -c functional/cli_root/zfs_create/cleanup.ksh functional/cli_root/zfs_create/setup.ksh functional/cli_root/zfs_create/zfs_create_001_pos.ksh functional/cli_root/zfs_create/zfs_create_002_pos.ksh functional/cli_root/zfs_create/zfs_create_003_pos.ksh functional/cli_root/zfs_create/zfs_create_004_pos.ksh functional/cli_root/zfs_create/zfs_create_005_pos.ksh functional/cli_root/zfs_create/zfs_create_006_pos.ksh functional/cli_root/zfs_create/zfs_create_007_pos.ksh functional/cli_root/zfs_create/zfs_create_008_neg.ksh functional/cli_root/zfs_create/zfs_create_009_neg.ksh functional/cli_root/zfs_create/zfs_create_010_neg.ksh functional/cli_root/zfs_create/zfs_create_011_pos.ksh functional/cli_root/zfs_create/zfs_create_012_pos.ksh functional/cli_root/zfs_create/zfs_create_013_pos.ksh functional/cli_root/zfs_create/zfs_create_014_pos.ksh functional/cli_root/zfs_create/zfs_create_crypt_combos.ksh functional/cli_root/zfs_create/zfs_create_dryrun.ksh functional/cli_root/zfs_create/zfs_create_encrypted.ksh functional/cli_root/zfs_create/zfs_create_nomount.ksh functional/cli_root/zfs_create/zfs_create_verbose.ksh '/usr/share/zfs/zfs-tests/tests/functional/cli_root/zfs_create/'
 /usr/bin/install -c functional/l2arc/cleanup.ksh functional/l2arc/l2arc_arcstats_pos.ksh functional/l2arc/l2arc_l2miss_pos.ksh functional/l2arc/l2arc_mfuonly_pos.ksh functional/l2arc/persist_l2arc_001_pos.ksh functional/l2arc/persist_l2arc_002_pos.ksh functional/l2arc/persist_l2arc_003_neg.ksh functional/l2arc/persist_l2arc_004_pos.ksh functional/l2arc/persist_l2arc_005_pos.ksh functional/l2arc/setup.ksh '/usr/share/zfs/zfs-tests/tests/functional/l2arc/'
 /usr/bin/install -c functional/cli_root/zpool_resilver/cleanup.ksh functional/cli_root/zpool_resilver/setup.ksh functional/cli_root/zpool_resilver/zpool_resilver_bad_args.ksh functional/cli_root/zpool_resilver/zpool_resilver_restart.ksh functional/cli_root/zpool_resilver/zpool_resilver_concurrent.ksh '/usr/share/zfs/zfs-tests/tests/functional/cli_root/zpool_resilver/'
 /usr/bin/install -c functional/truncate/cleanup.ksh functional/truncate/setup.ksh functional/truncate/truncate_001_pos.ksh functional/truncate/truncate_002_pos.ksh functional/truncate/truncate_timestamps.ksh '/usr/share/zfs/zfs-tests/tests/functional/truncate/'
 /usr/bin/install -c functional/nestedfs/cleanup.ksh functional/nestedfs/nestedfs_001_pos.ksh functional/nestedfs/setup.ksh '/usr/share/zfs/zfs-tests/tests/functional/nestedfs/'
 /usr/bin/install -c functional/io/cleanup.ksh functional/io/io_uring.ksh functional/io/libaio.ksh functional/io/mmap.ksh functional/io/posixaio.ksh functional/io/psync.ksh functional/io/setup.ksh functional/io/sync.ksh '/usr/share/zfs/zfs-tests/tests/functional/io/'
 /usr/bin/install -c functional/cli_user/zfs_list/cleanup.ksh functional/cli_user/zfs_list/setup.ksh functional/cli_user/zfs_list/zfs_list_001_pos.ksh functional/cli_user/zfs_list/zfs_list_002_pos.ksh functional/cli_user/zfs_list/zfs_list_003_pos.ksh functional/cli_user/zfs_list/zfs_list_004_neg.ksh functional/cli_user/zfs_list/zfs_list_005_neg.ksh functional/cli_user/zfs_list/zfs_list_007_pos.ksh functional/cli_user/zfs_list/zfs_list_008_neg.ksh '/usr/share/zfs/zfs-tests/tests/functional/cli_user/zfs_list/'
 /usr/bin/install -c functional/user_namespace/cleanup.ksh functional/user_namespace/setup.ksh functional/user_namespace/user_namespace_001.ksh functional/user_namespace/user_namespace_002.ksh functional/user_namespace/user_namespace_003.ksh functional/user_namespace/user_namespace_004.ksh functional/user_namespace/user_namespace_secpolicy_sys_config.ksh functional/user_namespace/user_namespace_secpolicy_zinject.ksh '/usr/share/zfs/zfs-tests/tests/functional/user_namespace/'
 /usr/bin/install -c functional/slog/cleanup.ksh functional/slog/setup.ksh functional/slog/slog_001_pos.ksh functional/slog/slog_002_pos.ksh functional/slog/slog_003_pos.ksh functional/slog/slog_004_pos.ksh functional/slog/slog_005_pos.ksh functional/slog/slog_006_pos.ksh functional/slog/slog_007_pos.ksh functional/slog/slog_008_neg.ksh functional/slog/slog_009_neg.ksh functional/slog/slog_010_neg.ksh functional/slog/slog_011_neg.ksh functional/slog/slog_012_neg.ksh functional/slog/slog_013_pos.ksh functional/slog/slog_014_pos.ksh functional/slog/slog_015_neg.ksh functional/slog/slog_016_pos.ksh functional/slog/slog_replay_fs_001.ksh functional/slog/slog_replay_fs_002.ksh functional/slog/slog_replay_volume.ksh '/usr/share/zfs/zfs-tests/tests/functional/slog/'
 /usr/bin/install -c functional/libzfs/cleanup.ksh functional/libzfs/libzfs_input.ksh functional/libzfs/setup.ksh '/usr/share/zfs/zfs-tests/tests/functional/libzfs/'
 /usr/bin/install -c functional/tmpfile/cleanup.ksh functional/tmpfile/setup.ksh '/usr/share/zfs/zfs-tests/tests/functional/tmpfile/'
 /usr/bin/install -c functional/cli_user/zpool_status/cleanup.ksh functional/cli_user/zpool_status/setup.ksh functional/cli_user/zpool_status/zpool_status_003_pos.ksh functional/cli_user/zpool_status/zpool_status_-c_disable.ksh functional/cli_user/zpool_status/zpool_status_-c_homedir.ksh functional/cli_user/zpool_status/zpool_status_-c_searchpath.ksh '/usr/share/zfs/zfs-tests/tests/functional/cli_user/zpool_status/'
 /usr/bin/install -c functional/sparse/cleanup.ksh functional/sparse/setup.ksh functional/sparse/sparse_001_pos.ksh '/usr/share/zfs/zfs-tests/tests/functional/sparse/'
 /usr/bin/install -c functional/cli_root/zfs_wait/cleanup.ksh functional/cli_root/zfs_wait/setup.ksh functional/cli_root/zfs_wait/zfs_wait_deleteq.ksh functional/cli_root/zfs_wait/zfs_wait_getsubopt.ksh '/usr/share/zfs/zfs-tests/tests/functional/cli_root/zfs_wait/'
 /usr/bin/install -c functional/largest_pool/largest_pool_001_pos.ksh '/usr/share/zfs/zfs-tests/tests/functional/largest_pool/'
 /usr/bin/install -c functional/cli_root/zpool_export/cleanup.ksh functional/cli_root/zpool_export/setup.ksh functional/cli_root/zpool_export/zpool_export_001_pos.ksh functional/cli_root/zpool_export/zpool_export_002_pos.ksh functional/cli_root/zpool_export/zpool_export_003_neg.ksh functional/cli_root/zpool_export/zpool_export_004_pos.ksh '/usr/share/zfs/zfs-tests/tests/functional/cli_root/zpool_export/'
 /usr/bin/install -c functional/cli_root/zfs_copies/cleanup.ksh functional/cli_root/zfs_copies/setup.ksh functional/cli_root/zfs_copies/zfs_copies_001_pos.ksh functional/cli_root/zfs_copies/zfs_copies_002_pos.ksh functional/cli_root/zfs_copies/zfs_copies_003_pos.ksh functional/cli_root/zfs_copies/zfs_copies_004_neg.ksh functional/cli_root/zfs_copies/zfs_copies_005_neg.ksh functional/cli_root/zfs_copies/zfs_copies_006_pos.ksh '/usr/share/zfs/zfs-tests/tests/functional/cli_root/zfs_copies/'
 /usr/bin/install -c functional/ctime/cleanup.ksh functional/ctime/ctime_001_pos.ksh functional/ctime/setup.ksh '/usr/share/zfs/zfs-tests/tests/functional/ctime/'
 /usr/bin/install -c functional/cli_root/zfs_ids_to_path/cleanup.ksh functional/cli_root/zfs_ids_to_path/setup.ksh functional/cli_root/zfs_ids_to_path/zfs_ids_to_path_001_pos.ksh '/usr/share/zfs/zfs-tests/tests/functional/cli_root/zfs_ids_to_path/'
 /usr/bin/install -c functional/cli_root/zpool_sync/cleanup.ksh functional/cli_root/zpool_sync/setup.ksh functional/cli_root/zpool_sync/zpool_sync_001_pos.ksh functional/cli_root/zpool_sync/zpool_sync_002_neg.ksh '/usr/share/zfs/zfs-tests/tests/functional/cli_root/zpool_sync/'
 /usr/bin/install -c functional/cli_root/zdb/zdb_002_pos.ksh functional/cli_root/zdb/zdb_003_pos.ksh functional/cli_root/zdb/zdb_004_pos.ksh functional/cli_root/zdb/zdb_005_pos.ksh functional/cli_root/zdb/zdb_006_pos.ksh functional/cli_root/zdb/zdb_args_neg.ksh functional/cli_root/zdb/zdb_args_pos.ksh functional/cli_root/zdb/zdb_backup.ksh functional/cli_root/zdb/zdb_block_size_histogram.ksh functional/cli_root/zdb/zdb_checksum.ksh functional/cli_root/zdb/zdb_decompress.ksh functional/cli_root/zdb/zdb_decompress_zstd.ksh functional/cli_root/zdb/zdb_display_block.ksh functional/cli_root/zdb/zdb_encrypted.ksh functional/cli_root/zdb/zdb_label_checksum.ksh functional/cli_root/zdb/zdb_object_range_neg.ksh functional/cli_root/zdb/zdb_object_range_pos.ksh functional/cli_root/zdb/zdb_objset_id.ksh functional/cli_root/zdb/zdb_recover_2.ksh functional/cli_root/zdb/zdb_recover.ksh '/usr/share/zfs/zfs-tests/tests/functional/cli_root/zdb/'
 /usr/bin/install -c functional/upgrade/cleanup.ksh functional/upgrade/setup.ksh functional/upgrade/upgrade_projectquota_001_pos.ksh functional/upgrade/upgrade_readonly_pool.ksh functional/upgrade/upgrade_userobj_001_pos.ksh '/usr/share/zfs/zfs-tests/tests/functional/upgrade/'
 /usr/bin/install -c functional/cli_user/zpool_list/cleanup.ksh functional/cli_user/zpool_list/setup.ksh functional/cli_user/zpool_list/zpool_list_001_pos.ksh functional/cli_user/zpool_list/zpool_list_002_neg.ksh '/usr/share/zfs/zfs-tests/tests/functional/cli_user/zpool_list/'
 /usr/bin/install -c functional/cli_root/zfs_set/cache_001_pos.ksh functional/cli_root/zfs_set/cache_002_neg.ksh functional/cli_root/zfs_set/canmount_001_pos.ksh functional/cli_root/zfs_set/canmount_002_pos.ksh functional/cli_root/zfs_set/canmount_003_pos.ksh functional/cli_root/zfs_set/canmount_004_pos.ksh functional/cli_root/zfs_set/checksum_001_pos.ksh functional/cli_root/zfs_set/cleanup.ksh functional/cli_root/zfs_set/compression_001_pos.ksh functional/cli_root/zfs_set/mountpoint_001_pos.ksh functional/cli_root/zfs_set/mountpoint_002_pos.ksh functional/cli_root/zfs_set/mountpoint_003_pos.ksh functional/cli_root/zfs_set/onoffs_001_pos.ksh functional/cli_root/zfs_set/property_alias_001_pos.ksh functional/cli_root/zfs_set/readonly_001_pos.ksh functional/cli_root/zfs_set/reservation_001_neg.ksh functional/cli_root/zfs_set/ro_props_001_pos.ksh functional/cli_root/zfs_set/setup.ksh functional/cli_root/zfs_set/share_mount_001_neg.ksh functional/cli_root/zfs_set/snapdir_001_pos.ksh functional/cli_root/zfs_set/user_property_001_pos.ksh functional/cli_root/zfs_set/user_property_002_pos.ksh functional/cli_root/zfs_set/user_property_003_neg.ksh functional/cli_root/zfs_set/user_property_004_pos.ksh functional/cli_root/zfs_set/version_001_neg.ksh functional/cli_root/zfs_set/zfs_set_001_neg.ksh functional/cli_root/zfs_set/zfs_set_002_neg.ksh functional/cli_root/zfs_set/zfs_set_003_neg.ksh functional/cli_root/zfs_set/zfs_set_feature_activation.ksh functional/cli_root/zfs_set/zfs_set_keylocation.ksh functional/cli_root/zfs_set/zfs_set_nomount.ksh '/usr/share/zfs/zfs-tests/tests/functional/cli_root/zfs_set/'
 /usr/bin/install -c functional/cli_root/zpool_events/cleanup.ksh functional/cli_root/zpool_events/setup.ksh functional/cli_root/zpool_events/zpool_events_clear.ksh functional/cli_root/zpool_events/zpool_events_clear_retained.ksh functional/cli_root/zpool_events/zpool_events_cliargs.ksh functional/cli_root/zpool_events/zpool_events_duplicates.ksh functional/cli_root/zpool_events/zpool_events_errors.ksh functional/cli_root/zpool_events/zpool_events_follow.ksh functional/cli_root/zpool_events/zpool_events_poolname.ksh '/usr/share/zfs/zfs-tests/tests/functional/cli_root/zpool_events/'
 /usr/bin/install -c functional/trim/autotrim_config.ksh functional/trim/autotrim_integrity.ksh functional/trim/autotrim_trim_integrity.ksh functional/trim/cleanup.ksh functional/trim/setup.ksh functional/trim/trim_config.ksh functional/trim/trim_integrity.ksh functional/trim/trim_l2arc.ksh '/usr/share/zfs/zfs-tests/tests/functional/trim/'
 /usr/bin/install -c functional/cli_root/zpool_set/cleanup.ksh functional/cli_root/zpool_set/setup.ksh functional/cli_root/zpool_set/vdev_set_001_pos.ksh functional/cli_root/zpool_set/zpool_set_common.kshlib functional/cli_root/zpool_set/zpool_set_001_pos.ksh functional/cli_root/zpool_set/zpool_set_002_neg.ksh functional/cli_root/zpool_set/zpool_set_003_neg.ksh functional/cli_root/zpool_set/zpool_set_ashift.ksh functional/cli_root/zpool_set/user_property_001_pos.ksh functional/cli_root/zpool_set/user_property_002_neg.ksh functional/cli_root/zpool_set/zpool_set_features.ksh '/usr/share/zfs/zfs-tests/tests/functional/cli_root/zpool_set/'
 /usr/bin/install -c functional/arc/arcstats_runtime_tuning.ksh functional/arc/cleanup.ksh functional/arc/dbufstats_001_pos.ksh functional/arc/dbufstats_002_pos.ksh functional/arc/dbufstats_003_pos.ksh functional/arc/setup.ksh '/usr/share/zfs/zfs-tests/tests/functional/arc/'
 /usr/bin/install -c functional/reservation/cleanup.ksh functional/reservation/reservation_001_pos.ksh functional/reservation/reservation_002_pos.ksh functional/reservation/reservation_003_pos.ksh functional/reservation/reservation_004_pos.ksh functional/reservation/reservation_005_pos.ksh functional/reservation/reservation_006_pos.ksh functional/reservation/reservation_007_pos.ksh functional/reservation/reservation_008_pos.ksh functional/reservation/reservation_009_pos.ksh functional/reservation/reservation_010_pos.ksh functional/reservation/reservation_011_pos.ksh functional/reservation/reservation_012_pos.ksh functional/reservation/reservation_013_pos.ksh functional/reservation/reservation_014_pos.ksh functional/reservation/reservation_015_pos.ksh functional/reservation/reservation_016_pos.ksh functional/reservation/reservation_017_pos.ksh functional/reservation/reservation_018_pos.ksh functional/reservation/reservation_019_pos.ksh functional/reservation/reservation_020_pos.ksh functional/reservation/reservation_021_neg.ksh functional/reservation/reservation_022_pos.ksh functional/reservation/setup.ksh '/usr/share/zfs/zfs-tests/tests/functional/reservation/'
 /usr/bin/install -c perf/regression/random_reads.ksh perf/regression/random_readwrite.ksh perf/regression/random_readwrite_fixed.ksh perf/regression/random_writes.ksh perf/regression/random_writes_zil.ksh perf/regression/sequential_reads_arc_cached_clone.ksh perf/regression/sequential_reads_arc_cached.ksh perf/regression/sequential_reads_dbuf_cached.ksh perf/regression/sequential_reads.ksh perf/regression/sequential_writes.ksh perf/regression/setup.ksh '/usr/share/zfs/zfs-tests/tests/perf/regression/'
 /usr/bin/install -c functional/cli_root/zfs_jail/cleanup.ksh functional/cli_root/zfs_jail/setup.ksh functional/cli_root/zfs_jail/zfs_jail_001_pos.ksh '/usr/share/zfs/zfs-tests/tests/functional/cli_root/zfs_jail/'
 /usr/bin/install -c functional/zvol/zvol_swap/cleanup.ksh functional/zvol/zvol_swap/setup.ksh functional/zvol/zvol_swap/zvol_swap_001_pos.ksh functional/zvol/zvol_swap/zvol_swap_002_pos.ksh functional/zvol/zvol_swap/zvol_swap_003_pos.ksh functional/zvol/zvol_swap/zvol_swap_004_pos.ksh functional/zvol/zvol_swap/zvol_swap_005_pos.ksh functional/zvol/zvol_swap/zvol_swap_006_pos.ksh '/usr/share/zfs/zfs-tests/tests/functional/zvol/zvol_swap/'
 /usr/bin/install -c functional/cli_root/zfs_unload-key/cleanup.ksh functional/cli_root/zfs_unload-key/setup.ksh functional/cli_root/zfs_unload-key/zfs_unload-key_all.ksh functional/cli_root/zfs_unload-key/zfs_unload-key.ksh functional/cli_root/zfs_unload-key/zfs_unload-key_recursive.ksh '/usr/share/zfs/zfs-tests/tests/functional/cli_root/zfs_unload-key/'
 /usr/bin/install -c functional/xattr/cleanup.ksh functional/xattr/setup.ksh functional/xattr/xattr_001_pos.ksh functional/xattr/xattr_002_neg.ksh functional/xattr/xattr_003_neg.ksh functional/xattr/xattr_004_pos.ksh functional/xattr/xattr_005_pos.ksh functional/xattr/xattr_006_pos.ksh functional/xattr/xattr_007_neg.ksh functional/xattr/xattr_008_pos.ksh functional/xattr/xattr_009_neg.ksh functional/xattr/xattr_010_neg.ksh functional/xattr/xattr_011_pos.ksh functional/xattr/xattr_012_pos.ksh functional/xattr/xattr_013_pos.ksh functional/xattr/xattr_compat.ksh '/usr/share/zfs/zfs-tests/tests/functional/xattr/'
 /usr/bin/install -c functional/fault/auto_offline_001_pos.ksh functional/fault/auto_online_001_pos.ksh functional/fault/auto_online_002_pos.ksh functional/fault/auto_replace_001_pos.ksh functional/fault/auto_replace_002_pos.ksh functional/fault/auto_spare_001_pos.ksh functional/fault/auto_spare_002_pos.ksh functional/fault/auto_spare_ashift.ksh functional/fault/auto_spare_multiple.ksh functional/fault/auto_spare_shared.ksh functional/fault/cleanup.ksh functional/fault/decompress_fault.ksh functional/fault/decrypt_fault.ksh functional/fault/scrub_after_resilver.ksh functional/fault/suspend_resume_single.ksh functional/fault/setup.ksh functional/fault/zpool_status_-s.ksh '/usr/share/zfs/zfs-tests/tests/functional/fault/'
 /usr/bin/install -c functional/cachefile/cachefile_001_pos.ksh functional/cachefile/cachefile_002_pos.ksh functional/cachefile/cachefile_003_pos.ksh functional/cachefile/cachefile_004_pos.ksh functional/cachefile/cleanup.ksh functional/cachefile/setup.ksh '/usr/share/zfs/zfs-tests/tests/functional/cachefile/'
 /usr/bin/install -c functional/syncfs/syncfs_suspend.ksh '/usr/share/zfs/zfs-tests/tests/functional/syncfs/'
 /usr/bin/install -c functional/grow/grow_pool_001_pos.ksh functional/grow/grow_replicas_001_pos.ksh '/usr/share/zfs/zfs-tests/tests/functional/grow/'
 /usr/bin/install -c functional/device_access/cleanup.ksh functional/device_access/setup.ksh functional/device_access/device_access_create.ksh functional/device_access/device_access_attach.ksh functional/device_access/device_access_add.ksh functional/device_access/device_access_import.ksh '/usr/share/zfs/zfs-tests/tests/functional/device_access/'
 /usr/bin/install -c functional/compression/cleanup.ksh functional/compression/compress_001_pos.ksh functional/compression/compress_002_pos.ksh functional/compression/compress_003_pos.ksh functional/compression/compress_004_pos.ksh functional/compression/compress_zstd_bswap.ksh functional/compression/l2arc_compressed_arc_disabled.ksh functional/compression/l2arc_compressed_arc.ksh functional/compression/l2arc_encrypted.ksh functional/compression/l2arc_encrypted_no_compressed_arc.ksh functional/compression/setup.ksh '/usr/share/zfs/zfs-tests/tests/functional/compression/'
 /usr/bin/install -c functional/cli_root/zpool_import/zpool_import_hostid_changed_unclean_export.ksh functional/cli_root/zpool_import/zpool_import_hostid_changed_cachefile.ksh functional/cli_root/zpool_import/zpool_import_hostid_changed_cachefile_unclean_export.ksh functional/cli_root/zpool_import/zpool_import_missing_001_pos.ksh functional/cli_root/zpool_import/zpool_import_missing_002_pos.ksh functional/cli_root/zpool_import/zpool_import_missing_003_pos.ksh functional/cli_root/zpool_import/zpool_import_rename_001_pos.ksh '/usr/share/zfs/zfs-tests/tests/functional/cli_root/zpool_import/'
 /usr/bin/install -c functional/cli_root/zpool_online/cleanup.ksh functional/cli_root/zpool_online/setup.ksh functional/cli_root/zpool_online/zpool_online_001_pos.ksh functional/cli_root/zpool_online/zpool_online_002_neg.ksh '/usr/share/zfs/zfs-tests/tests/functional/cli_root/zpool_online/'
 /usr/bin/install -c functional/history/cleanup.ksh functional/history/history_001_pos.ksh functional/history/history_002_pos.ksh functional/history/history_003_pos.ksh functional/history/history_004_pos.ksh functional/history/history_005_neg.ksh functional/history/history_006_neg.ksh functional/history/history_007_pos.ksh functional/history/history_008_pos.ksh functional/history/history_009_pos.ksh functional/history/history_010_pos.ksh functional/history/setup.ksh '/usr/share/zfs/zfs-tests/tests/functional/history/'
 /usr/bin/install -c functional/cli_root/zpool_labelclear/zpool_labelclear_active.ksh functional/cli_root/zpool_labelclear/zpool_labelclear_exported.ksh functional/cli_root/zpool_labelclear/zpool_labelclear_removed.ksh functional/cli_root/zpool_labelclear/zpool_labelclear_valid.ksh '/usr/share/zfs/zfs-tests/tests/functional/cli_root/zpool_labelclear/'
 /usr/bin/install -c functional/acl/posix/cleanup.ksh functional/acl/posix/posix_001_pos.ksh functional/acl/posix/posix_002_pos.ksh functional/acl/posix/posix_003_pos.ksh functional/acl/posix/posix_004_pos.ksh functional/acl/posix/setup.ksh '/usr/share/zfs/zfs-tests/tests/functional/acl/posix/'
 /usr/bin/install -c functional/cli_root/zfs_rename/cleanup.ksh functional/cli_root/zfs_rename/setup.ksh functional/cli_root/zfs_rename/zfs_rename_001_pos.ksh functional/cli_root/zfs_rename/zfs_rename_002_pos.ksh functional/cli_root/zfs_rename/zfs_rename_003_pos.ksh functional/cli_root/zfs_rename/zfs_rename_004_neg.ksh functional/cli_root/zfs_rename/zfs_rename_005_neg.ksh functional/cli_root/zfs_rename/zfs_rename_006_pos.ksh functional/cli_root/zfs_rename/zfs_rename_007_pos.ksh functional/cli_root/zfs_rename/zfs_rename_008_pos.ksh functional/cli_root/zfs_rename/zfs_rename_009_neg.ksh functional/cli_root/zfs_rename/zfs_rename_010_neg.ksh functional/cli_root/zfs_rename/zfs_rename_011_pos.ksh functional/cli_root/zfs_rename/zfs_rename_012_neg.ksh functional/cli_root/zfs_rename/zfs_rename_013_pos.ksh functional/cli_root/zfs_rename/zfs_rename_014_neg.ksh functional/cli_root/zfs_rename/zfs_rename_encrypted_child.ksh functional/cli_root/zfs_rename/zfs_rename_mountpoint.ksh functional/cli_root/zfs_rename/zfs_rename_nounmount.ksh functional/cli_root/zfs_rename/zfs_rename_to_encrypted.ksh '/usr/share/zfs/zfs-tests/tests/functional/cli_root/zfs_rename/'
 /usr/bin/install -c functional/large_files/cleanup.ksh functional/large_files/large_files_001_pos.ksh functional/large_files/large_files_002_pos.ksh functional/large_files/setup.ksh '/usr/share/zfs/zfs-tests/tests/functional/large_files/'
 /usr/bin/install -c functional/cli_root/zpool_trim/cleanup.ksh functional/cli_root/zpool_trim/setup.ksh functional/cli_root/zpool_trim/zpool_trim_attach_detach_add_remove.ksh functional/cli_root/zpool_trim/zpool_trim_fault_export_import_online.ksh functional/cli_root/zpool_trim/zpool_trim_import_export.ksh functional/cli_root/zpool_trim/zpool_trim_multiple.ksh functional/cli_root/zpool_trim/zpool_trim_neg.ksh functional/cli_root/zpool_trim/zpool_trim_offline_export_import_online.ksh functional/cli_root/zpool_trim/zpool_trim_online_offline.ksh functional/cli_root/zpool_trim/zpool_trim_partial.ksh functional/cli_root/zpool_trim/zpool_trim_rate.ksh functional/cli_root/zpool_trim/zpool_trim_rate_neg.ksh functional/cli_root/zpool_trim/zpool_trim_secure.ksh functional/cli_root/zpool_trim/zpool_trim_split.ksh functional/cli_root/zpool_trim/zpool_trim_start_and_cancel_neg.ksh functional/cli_root/zpool_trim/zpool_trim_start_and_cancel_pos.ksh functional/cli_root/zpool_trim/zpool_trim_suspend_resume.ksh functional/cli_root/zpool_trim/zpool_trim_unsupported_vdevs.ksh functional/cli_root/zpool_trim/zpool_trim_verify_checksums.ksh functional/cli_root/zpool_trim/zpool_trim_verify_trimmed.ksh '/usr/share/zfs/zfs-tests/tests/functional/cli_root/zpool_trim/'
 /usr/bin/install -c functional/chattr/chattr_001_pos.ksh functional/chattr/chattr_002_neg.ksh functional/chattr/cleanup.ksh functional/chattr/setup.ksh '/usr/share/zfs/zfs-tests/tests/functional/chattr/'
 /usr/bin/install -c functional/mv_files/cleanup.ksh functional/mv_files/mv_files_001_pos.ksh functional/mv_files/mv_files_002_pos.ksh functional/mv_files/random_creation.ksh functional/mv_files/setup.ksh '/usr/share/zfs/zfs-tests/tests/functional/mv_files/'
 /usr/bin/install -c functional/cli_root/zpool_create/zpool_create_features_008_pos.ksh functional/cli_root/zpool_create/zpool_create_features_009_pos.ksh functional/cli_root/zpool_create/zpool_create_tempname.ksh '/usr/share/zfs/zfs-tests/tests/functional/cli_root/zpool_create/'
 /usr/bin/install -c functional/zvol/zvol_misc/cleanup.ksh functional/zvol/zvol_misc/setup.ksh functional/zvol/zvol_misc/zvol_misc_001_neg.ksh functional/zvol/zvol_misc/zvol_misc_002_pos.ksh functional/zvol/zvol_misc/zvol_misc_003_neg.ksh functional/zvol/zvol_misc/zvol_misc_004_pos.ksh functional/zvol/zvol_misc/zvol_misc_005_neg.ksh functional/zvol/zvol_misc/zvol_misc_006_pos.ksh functional/zvol/zvol_misc/zvol_misc_fua.ksh functional/zvol/zvol_misc/zvol_misc_hierarchy.ksh functional/zvol/zvol_misc/zvol_misc_rename_inuse.ksh functional/zvol/zvol_misc/zvol_misc_snapdev.ksh functional/zvol/zvol_misc/zvol_misc_trim.ksh functional/zvol/zvol_misc/zvol_misc_volmode.ksh functional/zvol/zvol_misc/zvol_misc_zil.ksh '/usr/share/zfs/zfs-tests/tests/functional/zvol/zvol_misc/'
 /usr/bin/install -c functional/snapshot/cleanup.ksh functional/snapshot/clone_001_pos.ksh functional/snapshot/rollback_001_pos.ksh functional/snapshot/rollback_002_pos.ksh functional/snapshot/rollback_003_pos.ksh functional/snapshot/setup.ksh functional/snapshot/snapshot_001_pos.ksh functional/snapshot/snapshot_002_pos.ksh functional/snapshot/snapshot_003_pos.ksh functional/snapshot/snapshot_004_pos.ksh functional/snapshot/snapshot_005_pos.ksh functional/snapshot/snapshot_006_pos.ksh functional/snapshot/snapshot_007_pos.ksh functional/snapshot/snapshot_008_pos.ksh functional/snapshot/snapshot_009_pos.ksh functional/snapshot/snapshot_010_pos.ksh functional/snapshot/snapshot_011_pos.ksh functional/snapshot/snapshot_012_pos.ksh functional/snapshot/snapshot_013_pos.ksh functional/snapshot/snapshot_014_pos.ksh functional/snapshot/snapshot_015_pos.ksh functional/snapshot/snapshot_016_pos.ksh functional/snapshot/snapshot_017_pos.ksh functional/snapshot/snapshot_018_pos.ksh '/usr/share/zfs/zfs-tests/tests/functional/snapshot/'
 /usr/bin/install -c functional/block_cloning/cleanup.ksh functional/block_cloning/setup.ksh functional/block_cloning/block_cloning_clone_mmap_cached.ksh functional/block_cloning/block_cloning_clone_mmap_write.ksh functional/block_cloning/block_cloning_copyfilerange_cross_dataset.ksh functional/block_cloning/block_cloning_copyfilerange_fallback.ksh functional/block_cloning/block_cloning_copyfilerange_fallback_same_txg.ksh functional/block_cloning/block_cloning_copyfilerange.ksh functional/block_cloning/block_cloning_copyfilerange_partial.ksh functional/block_cloning/block_cloning_disabled_copyfilerange.ksh functional/block_cloning/block_cloning_disabled_ficlone.ksh functional/block_cloning/block_cloning_disabled_ficlonerange.ksh functional/block_cloning/block_cloning_ficlone.ksh functional/block_cloning/block_cloning_ficlonerange.ksh functional/block_cloning/block_cloning_ficlonerange_partial.ksh functional/block_cloning/block_cloning_cross_enc_dataset.ksh functional/block_cloning/block_cloning_replay.ksh functional/block_cloning/block_cloning_replay_encrypted.ksh functional/block_cloning/block_cloning_lwb_buffer_overflow.ksh functional/block_cloning/block_cloning_rlimit_fsize.ksh '/usr/share/zfs/zfs-tests/tests/functional/block_cloning/'
 /usr/bin/install -c functional/simd/simd_supported.ksh '/usr/share/zfs/zfs-tests/tests/functional/simd/'
 /usr/bin/install -c functional/cli_root/zfs_clone/cleanup.ksh functional/cli_root/zfs_clone/setup.ksh functional/cli_root/zfs_clone/zfs_clone_001_neg.ksh functional/cli_root/zfs_clone/zfs_clone_002_pos.ksh functional/cli_root/zfs_clone/zfs_clone_003_pos.ksh functional/cli_root/zfs_clone/zfs_clone_004_pos.ksh functional/cli_root/zfs_clone/zfs_clone_005_pos.ksh functional/cli_root/zfs_clone/zfs_clone_006_pos.ksh functional/cli_root/zfs_clone/zfs_clone_007_pos.ksh functional/cli_root/zfs_clone/zfs_clone_008_neg.ksh functional/cli_root/zfs_clone/zfs_clone_009_neg.ksh functional/cli_root/zfs_clone/zfs_clone_010_pos.ksh functional/cli_root/zfs_clone/zfs_clone_deeply_nested.ksh functional/cli_root/zfs_clone/zfs_clone_encrypted.ksh functional/cli_root/zfs_clone/zfs_clone_rm_nested.ksh '/usr/share/zfs/zfs-tests/tests/functional/cli_root/zfs_clone/'
 /usr/bin/install -c functional/redacted_send/cleanup.ksh functional/redacted_send/redacted_compressed.ksh functional/redacted_send/redacted_contents.ksh functional/redacted_send/redacted_deleted.ksh functional/redacted_send/redacted_disabled_feature.ksh functional/redacted_send/redacted_embedded.ksh functional/redacted_send/redacted_holes.ksh functional/redacted_send/redacted_incrementals.ksh functional/redacted_send/redacted_largeblocks.ksh functional/redacted_send/redacted_many_clones.ksh functional/redacted_send/redacted_mixed_recsize.ksh functional/redacted_send/redacted_mounts.ksh functional/redacted_send/redacted_negative.ksh functional/redacted_send/redacted_origin.ksh functional/redacted_send/redacted_panic.ksh functional/redacted_send/redacted_props.ksh functional/redacted_send/redacted_resume.ksh functional/redacted_send/redacted_size.ksh functional/redacted_send/redacted_volume.ksh functional/redacted_send/setup.ksh '/usr/share/zfs/zfs-tests/tests/functional/redacted_send/'
 /usr/bin/install -c functional/poolversion/cleanup.ksh functional/poolversion/poolversion_001_pos.ksh functional/poolversion/poolversion_002_pos.ksh functional/poolversion/setup.ksh '/usr/share/zfs/zfs-tests/tests/functional/poolversion/'
 /usr/bin/install -c functional/dos_attributes/cleanup.ksh functional/dos_attributes/read_dos_attrs_001.ksh functional/dos_attributes/setup.ksh functional/dos_attributes/write_dos_attrs_001.ksh '/usr/share/zfs/zfs-tests/tests/functional/dos_attributes/'
 /usr/bin/install -c functional/cli_user/misc/zpool_online_001_neg.ksh functional/cli_user/misc/zpool_remove_001_neg.ksh functional/cli_user/misc/zpool_replace_001_neg.ksh functional/cli_user/misc/zpool_scrub_001_neg.ksh functional/cli_user/misc/zpool_set_001_neg.ksh functional/cli_user/misc/zpool_status_001_neg.ksh functional/cli_user/misc/zpool_upgrade_001_neg.ksh functional/cli_user/misc/zpool_wait_privilege.ksh '/usr/share/zfs/zfs-tests/tests/functional/cli_user/misc/'
 /usr/bin/install -c functional/cli_root/zpool_detach/cleanup.ksh functional/cli_root/zpool_detach/setup.ksh functional/cli_root/zpool_detach/zpool_detach_001_neg.ksh '/usr/share/zfs/zfs-tests/tests/functional/cli_root/zpool_detach/'
 /usr/bin/install -c functional/idmap_mount/cleanup.ksh functional/idmap_mount/setup.ksh functional/idmap_mount/idmap_mount_001.ksh functional/idmap_mount/idmap_mount_002.ksh functional/idmap_mount/idmap_mount_003.ksh functional/idmap_mount/idmap_mount_004.ksh functional/idmap_mount/idmap_mount_005.ksh '/usr/share/zfs/zfs-tests/tests/functional/idmap_mount/'
 /usr/bin/install -c functional/procfs/cleanup.ksh functional/procfs/pool_state.ksh functional/procfs/procfs_list_basic.ksh functional/procfs/procfs_list_concurrent_readers.ksh functional/procfs/procfs_list_stale_read.ksh functional/procfs/setup.ksh '/usr/share/zfs/zfs-tests/tests/functional/procfs/'
 /usr/bin/install -c functional/fallocate/cleanup.ksh functional/fallocate/fallocate_prealloc.ksh functional/fallocate/fallocate_punch-hole.ksh functional/fallocate/fallocate_zero-range.ksh functional/fallocate/setup.ksh '/usr/share/zfs/zfs-tests/tests/functional/fallocate/'
 /usr/bin/install -c functional/btree/btree_negative.ksh functional/btree/btree_positive.ksh '/usr/share/zfs/zfs-tests/tests/functional/btree/'
 /usr/bin/install -c functional/cache/cache_001_pos.ksh functional/cache/cache_002_pos.ksh functional/cache/cache_003_pos.ksh functional/cache/cache_004_neg.ksh functional/cache/cache_005_neg.ksh functional/cache/cache_006_pos.ksh functional/cache/cache_007_neg.ksh functional/cache/cache_008_neg.ksh functional/cache/cache_009_pos.ksh functional/cache/cache_010_pos.ksh functional/cache/cache_011_pos.ksh functional/cache/cache_012_pos.ksh functional/cache/cleanup.ksh functional/cache/setup.ksh '/usr/share/zfs/zfs-tests/tests/functional/cache/'
 /usr/bin/install -c functional/userquota/cleanup.ksh functional/userquota/groupspace_001_pos.ksh functional/userquota/groupspace_002_pos.ksh functional/userquota/groupspace_003_pos.ksh functional/userquota/setup.ksh functional/userquota/userquota_001_pos.ksh functional/userquota/userquota_002_pos.ksh functional/userquota/userquota_003_pos.ksh functional/userquota/userquota_004_pos.ksh functional/userquota/userquota_005_neg.ksh functional/userquota/userquota_006_pos.ksh functional/userquota/userquota_007_pos.ksh functional/userquota/userquota_008_pos.ksh functional/userquota/userquota_009_pos.ksh functional/userquota/userquota_010_pos.ksh functional/userquota/userquota_011_pos.ksh functional/userquota/userquota_012_neg.ksh functional/userquota/userquota_013_pos.ksh functional/userquota/userspace_001_pos.ksh functional/userquota/userspace_002_pos.ksh functional/userquota/userspace_003_pos.ksh functional/userquota/userspace_encrypted.ksh functional/userquota/userspace_send_encrypted.ksh functional/userquota/userspace_encrypted_13709.ksh '/usr/share/zfs/zfs-tests/tests/functional/userquota/'
 /usr/bin/install -c functional/redundancy/cleanup.ksh functional/redundancy/redundancy_draid1.ksh functional/redundancy/redundancy_draid2.ksh functional/redundancy/redundancy_draid3.ksh functional/redundancy/redundancy_draid_damaged1.ksh functional/redundancy/redundancy_draid_damaged2.ksh functional/redundancy/redundancy_draid_degraded1.ksh functional/redundancy/redundancy_draid_degraded2.ksh functional/redundancy/redundancy_draid.ksh functional/redundancy/redundancy_draid_spare1.ksh functional/redundancy/redundancy_draid_spare2.ksh functional/redundancy/redundancy_draid_spare3.ksh functional/redundancy/redundancy_mirror.ksh functional/redundancy/redundancy_raidz1.ksh functional/redundancy/redundancy_raidz2.ksh functional/redundancy/redundancy_raidz3.ksh functional/redundancy/redundancy_raidz.ksh functional/redundancy/redundancy_stripe.ksh functional/redundancy/setup.ksh '/usr/share/zfs/zfs-tests/tests/functional/redundancy/'
 /usr/bin/install -c functional/cli_root/zfs_snapshot/cleanup.ksh functional/cli_root/zfs_snapshot/setup.ksh functional/cli_root/zfs_snapshot/zfs_snapshot_001_neg.ksh functional/cli_root/zfs_snapshot/zfs_snapshot_002_neg.ksh functional/cli_root/zfs_snapshot/zfs_snapshot_003_neg.ksh functional/cli_root/zfs_snapshot/zfs_snapshot_004_neg.ksh functional/cli_root/zfs_snapshot/zfs_snapshot_005_neg.ksh functional/cli_root/zfs_snapshot/zfs_snapshot_006_pos.ksh functional/cli_root/zfs_snapshot/zfs_snapshot_007_neg.ksh functional/cli_root/zfs_snapshot/zfs_snapshot_008_neg.ksh functional/cli_root/zfs_snapshot/zfs_snapshot_009_pos.ksh '/usr/share/zfs/zfs-tests/tests/functional/cli_root/zfs_snapshot/'
 /usr/bin/install -c functional/rootpool/cleanup.ksh functional/rootpool/rootpool_002_neg.ksh functional/rootpool/rootpool_003_neg.ksh functional/rootpool/rootpool_007_pos.ksh functional/rootpool/setup.ksh '/usr/share/zfs/zfs-tests/tests/functional/rootpool/'
 /usr/bin/install -c functional/log_spacemap/log_spacemap_import_logs.ksh '/usr/share/zfs/zfs-tests/tests/functional/log_spacemap/'
 /usr/bin/install -c functional/cli_root/zfs_upgrade/cleanup.ksh functional/cli_root/zfs_upgrade/setup.ksh functional/cli_root/zfs_upgrade/zfs_upgrade_001_pos.ksh functional/cli_root/zfs_upgrade/zfs_upgrade_002_pos.ksh functional/cli_root/zfs_upgrade/zfs_upgrade_003_pos.ksh functional/cli_root/zfs_upgrade/zfs_upgrade_004_pos.ksh functional/cli_root/zfs_upgrade/zfs_upgrade_005_pos.ksh functional/cli_root/zfs_upgrade/zfs_upgrade_006_neg.ksh functional/cli_root/zfs_upgrade/zfs_upgrade_007_neg.ksh '/usr/share/zfs/zfs-tests/tests/functional/cli_root/zfs_upgrade/'
 /usr/bin/install -c functional/cli_root/zpool_offline/cleanup.ksh functional/cli_root/zpool_offline/setup.ksh functional/cli_root/zpool_offline/zpool_offline_001_pos.ksh functional/cli_root/zpool_offline/zpool_offline_002_neg.ksh functional/cli_root/zpool_offline/zpool_offline_003_pos.ksh '/usr/share/zfs/zfs-tests/tests/functional/cli_root/zpool_offline/'
 /usr/bin/install -c functional/exec/cleanup.ksh functional/exec/exec_001_pos.ksh functional/exec/exec_002_neg.ksh functional/exec/setup.ksh '/usr/share/zfs/zfs-tests/tests/functional/exec/'
 /usr/bin/install -c functional/cli_root/zfs_bookmark/cleanup.ksh functional/cli_root/zfs_bookmark/setup.ksh functional/cli_root/zfs_bookmark/zfs_bookmark_cliargs.ksh '/usr/share/zfs/zfs-tests/tests/functional/cli_root/zfs_bookmark/'
 /usr/bin/install -c functional/cli_root/zfs_inherit/cleanup.ksh functional/cli_root/zfs_inherit/setup.ksh functional/cli_root/zfs_inherit/zfs_inherit_001_neg.ksh functional/cli_root/zfs_inherit/zfs_inherit_002_neg.ksh functional/cli_root/zfs_inherit/zfs_inherit_003_pos.ksh functional/cli_root/zfs_inherit/zfs_inherit_mountpoint.ksh '/usr/share/zfs/zfs-tests/tests/functional/cli_root/zfs_inherit/'
 /usr/bin/install -c functional/cli_root/zhack/zhack_label_repair_001.ksh functional/cli_root/zhack/zhack_label_repair_002.ksh functional/cli_root/zhack/zhack_label_repair_003.ksh functional/cli_root/zhack/zhack_label_repair_004.ksh '/usr/share/zfs/zfs-tests/tests/functional/cli_root/zhack/'
 /usr/bin/install -c functional/acl/posix-sa/cleanup.ksh functional/acl/posix-sa/posix_001_pos.ksh functional/acl/posix-sa/posix_002_pos.ksh functional/acl/posix-sa/posix_003_pos.ksh functional/acl/posix-sa/posix_004_pos.ksh functional/acl/posix-sa/setup.ksh '/usr/share/zfs/zfs-tests/tests/functional/acl/posix-sa/'
 /usr/bin/install -c functional/bootfs/bootfs_001_pos.ksh functional/bootfs/bootfs_002_neg.ksh functional/bootfs/bootfs_003_pos.ksh functional/bootfs/bootfs_004_neg.ksh functional/bootfs/bootfs_005_neg.ksh functional/bootfs/bootfs_006_pos.ksh functional/bootfs/bootfs_007_pos.ksh functional/bootfs/bootfs_008_pos.ksh functional/bootfs/cleanup.ksh functional/bootfs/setup.ksh '/usr/share/zfs/zfs-tests/tests/functional/bootfs/'
 /usr/bin/install -c functional/mmp/cleanup.ksh functional/mmp/mmp_active_import.ksh functional/mmp/mmp_exported_import.ksh functional/mmp/mmp_hostid.ksh functional/mmp/mmp_inactive_import.ksh functional/mmp/mmp_interval.ksh functional/mmp/mmp_on_off.ksh functional/mmp/mmp_on_thread.ksh functional/mmp/mmp_on_uberblocks.ksh functional/mmp/mmp_on_zdb.ksh functional/mmp/mmp_reset_interval.ksh functional/mmp/mmp_write_distribution.ksh functional/mmp/mmp_write_slow_disk.ksh functional/mmp/mmp_write_uberblocks.ksh functional/mmp/multihost_history.ksh functional/mmp/setup.ksh '/usr/share/zfs/zfs-tests/tests/functional/mmp/'
 /usr/bin/install -c functional/features/large_dnode/cleanup.ksh functional/features/large_dnode/large_dnode_001_pos.ksh functional/features/large_dnode/large_dnode_002_pos.ksh functional/features/large_dnode/large_dnode_003_pos.ksh functional/features/large_dnode/large_dnode_004_neg.ksh functional/features/large_dnode/large_dnode_005_pos.ksh functional/features/large_dnode/large_dnode_006_pos.ksh functional/features/large_dnode/large_dnode_007_neg.ksh functional/features/large_dnode/large_dnode_008_pos.ksh functional/features/large_dnode/large_dnode_009_pos.ksh functional/features/large_dnode/setup.ksh '/usr/share/zfs/zfs-tests/tests/functional/features/large_dnode/'
 /usr/bin/install -c functional/cli_root/zpool_wait/cleanup.ksh functional/cli_root/zpool_wait/setup.ksh functional/cli_root/zpool_wait/zpool_wait_discard.ksh functional/cli_root/zpool_wait/zpool_wait_freeing.ksh functional/cli_root/zpool_wait/zpool_wait_initialize_basic.ksh functional/cli_root/zpool_wait/zpool_wait_initialize_cancel.ksh functional/cli_root/zpool_wait/zpool_wait_initialize_flag.ksh functional/cli_root/zpool_wait/zpool_wait_multiple.ksh functional/cli_root/zpool_wait/zpool_wait_no_activity.ksh functional/cli_root/zpool_wait/zpool_wait_remove_cancel.ksh functional/cli_root/zpool_wait/zpool_wait_remove.ksh functional/cli_root/zpool_wait/zpool_wait_trim_basic.ksh functional/cli_root/zpool_wait/zpool_wait_trim_cancel.ksh functional/cli_root/zpool_wait/zpool_wait_trim_flag.ksh functional/cli_root/zpool_wait/zpool_wait_usage.ksh '/usr/share/zfs/zfs-tests/tests/functional/cli_root/zpool_wait/'
 /usr/bin/install -c functional/write_dirs/cleanup.ksh functional/write_dirs/setup.ksh functional/write_dirs/write_dirs_001_pos.ksh functional/write_dirs/write_dirs_002_pos.ksh '/usr/share/zfs/zfs-tests/tests/functional/write_dirs/'
 /usr/bin/install -c functional/fadvise/cleanup.ksh functional/fadvise/fadvise_sequential.ksh functional/fadvise/setup.ksh '/usr/share/zfs/zfs-tests/tests/functional/fadvise/'
 /usr/bin/install -c functional/crtime/cleanup.ksh functional/crtime/crtime_001_pos.ksh functional/crtime/setup.ksh '/usr/share/zfs/zfs-tests/tests/functional/crtime/'
 /usr/bin/install -c functional/cp_files/cleanup.ksh functional/cp_files/cp_files_001_pos.ksh functional/cp_files/cp_files_002_pos.ksh functional/cp_files/cp_stress.ksh functional/cp_files/setup.ksh '/usr/share/zfs/zfs-tests/tests/functional/cp_files/'
 /usr/bin/install -c functional/cli_root/zpool_expand/cleanup.ksh functional/cli_root/zpool_expand/setup.ksh functional/cli_root/zpool_expand/zpool_expand_001_pos.ksh functional/cli_root/zpool_expand/zpool_expand_002_pos.ksh functional/cli_root/zpool_expand/zpool_expand_003_neg.ksh functional/cli_root/zpool_expand/zpool_expand_004_pos.ksh functional/cli_root/zpool_expand/zpool_expand_005_pos.ksh '/usr/share/zfs/zfs-tests/tests/functional/cli_root/zpool_expand/'
 /usr/bin/install -c functional/cli_root/zpool_scrub/cleanup.ksh functional/cli_root/zpool_scrub/setup.ksh functional/cli_root/zpool_scrub/zpool_scrub_001_neg.ksh functional/cli_root/zpool_scrub/zpool_scrub_002_pos.ksh functional/cli_root/zpool_scrub/zpool_scrub_003_pos.ksh functional/cli_root/zpool_scrub/zpool_scrub_004_pos.ksh functional/cli_root/zpool_scrub/zpool_scrub_005_pos.ksh functional/cli_root/zpool_scrub/zpool_scrub_encrypted_unloaded.ksh functional/cli_root/zpool_scrub/zpool_scrub_multiple_copies.ksh functional/cli_root/zpool_scrub/zpool_scrub_offline_device.ksh functional/cli_root/zpool_scrub/zpool_scrub_print_repairing.ksh functional/cli_root/zpool_scrub/zpool_error_scrub_001_pos.ksh functional/cli_root/zpool_scrub/zpool_error_scrub_002_pos.ksh functional/cli_root/zpool_scrub/zpool_error_scrub_003_pos.ksh functional/cli_root/zpool_scrub/zpool_error_scrub_004_pos.ksh '/usr/share/zfs/zfs-tests/tests/functional/cli_root/zpool_scrub/'
 /usr/bin/install -c functional/luks/luks_sanity.ksh '/usr/share/zfs/zfs-tests/tests/functional/luks/'
 /usr/bin/install -c functional/cli_root/zpool_replace/cleanup.ksh functional/cli_root/zpool_replace/replace-o_ashift.ksh functional/cli_root/zpool_replace/replace_prop_ashift.ksh functional/cli_root/zpool_replace/setup.ksh functional/cli_root/zpool_replace/zpool_replace_001_neg.ksh '/usr/share/zfs/zfs-tests/tests/functional/cli_root/zpool_replace/'
 /usr/bin/install -c functional/channel_program/synctask_core/cleanup.ksh functional/channel_program/synctask_core/setup.ksh functional/channel_program/synctask_core/tst.bookmark.copy.ksh functional/channel_program/synctask_core/tst.bookmark.create.ksh functional/channel_program/synctask_core/tst.destroy_fs.ksh functional/channel_program/synctask_core/tst.destroy_snap.ksh functional/channel_program/synctask_core/tst.get_count_and_limit.ksh functional/channel_program/synctask_core/tst.get_index_props.ksh functional/channel_program/synctask_core/tst.get_mountpoint.ksh functional/channel_program/synctask_core/tst.get_neg.ksh functional/channel_program/synctask_core/tst.get_number_props.ksh functional/channel_program/synctask_core/tst.get_string_props.ksh functional/channel_program/synctask_core/tst.get_type.ksh functional/channel_program/synctask_core/tst.get_userquota.ksh functional/channel_program/synctask_core/tst.get_written.ksh functional/channel_program/synctask_core/tst.inherit.ksh functional/channel_program/synctask_core/tst.list_bookmarks.ksh functional/channel_program/synctask_core/tst.list_children.ksh functional/channel_program/synctask_core/tst.list_clones.ksh functional/channel_program/synctask_core/tst.list_holds.ksh functional/channel_program/synctask_core/tst.list_snapshots.ksh functional/channel_program/synctask_core/tst.list_system_props.ksh functional/channel_program/synctask_core/tst.list_user_props.ksh functional/channel_program/synctask_core/tst.parse_args_neg.ksh functional/channel_program/synctask_core/tst.promote_conflict.ksh functional/channel_program/synctask_core/tst.promote_multiple.ksh functional/channel_program/synctask_core/tst.promote_simple.ksh functional/channel_program/synctask_core/tst.rollback_mult.ksh functional/channel_program/synctask_core/tst.rollback_one.ksh functional/channel_program/synctask_core/tst.set_props.ksh functional/channel_program/synctask_core/tst.snapshot_destroy.ksh functional/channel_program/synctask_core/tst.snapshot_neg.ksh functional/channel_program/synctask_core/tst.snapshot_recursive.ksh functional/channel_program/synctask_core/tst.snapshot_rename.ksh functional/channel_program/synctask_core/tst.snapshot_simple.ksh functional/channel_program/synctask_core/tst.terminate_by_signal.ksh '/usr/share/zfs/zfs-tests/tests/functional/channel_program/synctask_core/'
 /usr/bin/install -c functional/snapused/cleanup.ksh functional/snapused/setup.ksh functional/snapused/snapused_001_pos.ksh functional/snapused/snapused_002_pos.ksh functional/snapused/snapused_003_pos.ksh functional/snapused/snapused_004_pos.ksh functional/snapused/snapused_005_pos.ksh '/usr/share/zfs/zfs-tests/tests/functional/snapused/'
 /usr/bin/install -c functional/cli_root/zpool_initialize/cleanup.ksh functional/cli_root/zpool_initialize/zpool_initialize_attach_detach_add_remove.ksh functional/cli_root/zpool_initialize/zpool_initialize_fault_export_import_online.ksh functional/cli_root/zpool_initialize/zpool_initialize_import_export.ksh functional/cli_root/zpool_initialize/zpool_initialize_offline_export_import_online.ksh functional/cli_root/zpool_initialize/zpool_initialize_online_offline.ksh functional/cli_root/zpool_initialize/zpool_initialize_split.ksh functional/cli_root/zpool_initialize/zpool_initialize_start_and_cancel_neg.ksh functional/cli_root/zpool_initialize/zpool_initialize_start_and_cancel_pos.ksh functional/cli_root/zpool_initialize/zpool_initialize_suspend_resume.ksh functional/cli_root/zpool_initialize/zpool_initialize_uninit.ksh functional/cli_root/zpool_initialize/zpool_initialize_unsupported_vdevs.ksh functional/cli_root/zpool_initialize/zpool_initialize_verify_checksums.ksh functional/cli_root/zpool_initialize/zpool_initialize_verify_initialized.ksh '/usr/share/zfs/zfs-tests/tests/functional/cli_root/zpool_initialize/'
 /usr/bin/install -c functional/cli_root/zpool_upgrade/cleanup.ksh functional/cli_root/zpool_upgrade/setup.ksh functional/cli_root/zpool_upgrade/zpool_upgrade_001_pos.ksh functional/cli_root/zpool_upgrade/zpool_upgrade_002_pos.ksh functional/cli_root/zpool_upgrade/zpool_upgrade_003_pos.ksh functional/cli_root/zpool_upgrade/zpool_upgrade_004_pos.ksh functional/cli_root/zpool_upgrade/zpool_upgrade_005_neg.ksh functional/cli_root/zpool_upgrade/zpool_upgrade_006_neg.ksh functional/cli_root/zpool_upgrade/zpool_upgrade_007_pos.ksh functional/cli_root/zpool_upgrade/zpool_upgrade_008_pos.ksh functional/cli_root/zpool_upgrade/zpool_upgrade_009_neg.ksh functional/cli_root/zpool_upgrade/zpool_upgrade_features_001_pos.ksh '/usr/share/zfs/zfs-tests/tests/functional/cli_root/zpool_upgrade/'
 /usr/bin/install -c functional/scrub_mirror/cleanup.ksh functional/scrub_mirror/scrub_mirror_001_pos.ksh functional/scrub_mirror/scrub_mirror_002_pos.ksh functional/scrub_mirror/scrub_mirror_003_pos.ksh functional/scrub_mirror/scrub_mirror_004_pos.ksh functional/scrub_mirror/setup.ksh '/usr/share/zfs/zfs-tests/tests/functional/scrub_mirror/'
 /usr/bin/install -c functional/cli_root/zpool_wait/scan/cleanup.ksh functional/cli_root/zpool_wait/scan/setup.ksh functional/cli_root/zpool_wait/scan/zpool_wait_rebuild.ksh functional/cli_root/zpool_wait/scan/zpool_wait_replace_cancel.ksh functional/cli_root/zpool_wait/scan/zpool_wait_replace.ksh functional/cli_root/zpool_wait/scan/zpool_wait_resilver.ksh functional/cli_root/zpool_wait/scan/zpool_wait_scrub_basic.ksh functional/cli_root/zpool_wait/scan/zpool_wait_scrub_cancel.ksh functional/cli_root/zpool_wait/scan/zpool_wait_scrub_flag.ksh '/usr/share/zfs/zfs-tests/tests/functional/cli_root/zpool_wait/scan/'
 /usr/bin/install -c functional/raidz/cleanup.ksh functional/raidz/raidz_001_neg.ksh functional/raidz/raidz_002_pos.ksh functional/raidz/raidz_003_pos.ksh functional/raidz/raidz_004_pos.ksh functional/raidz/setup.ksh '/usr/share/zfs/zfs-tests/tests/functional/raidz/'
 /usr/bin/install -c functional/cli_root/zfs_unmount/cleanup.ksh functional/cli_root/zfs_unmount/setup.ksh functional/cli_root/zfs_unmount/zfs_unmount_001_pos.ksh functional/cli_root/zfs_unmount/zfs_unmount_002_pos.ksh functional/cli_root/zfs_unmount/zfs_unmount_003_pos.ksh functional/cli_root/zfs_unmount/zfs_unmount_004_pos.ksh functional/cli_root/zfs_unmount/zfs_unmount_005_pos.ksh functional/cli_root/zfs_unmount/zfs_unmount_006_pos.ksh functional/cli_root/zfs_unmount/zfs_unmount_007_neg.ksh functional/cli_root/zfs_unmount/zfs_unmount_008_neg.ksh functional/cli_root/zfs_unmount/zfs_unmount_009_pos.ksh functional/cli_root/zfs_unmount/zfs_unmount_all_001_pos.ksh functional/cli_root/zfs_unmount/zfs_unmount_nested.ksh functional/cli_root/zfs_unmount/zfs_unmount_unload_keys.ksh '/usr/share/zfs/zfs-tests/tests/functional/cli_root/zfs_unmount/'
 /usr/bin/install -c functional/cli_root/zfs_load-key/cleanup.ksh functional/cli_root/zfs_load-key/setup.ksh functional/cli_root/zfs_load-key/zfs_load-key_all.ksh functional/cli_root/zfs_load-key/zfs_load-key_file.ksh functional/cli_root/zfs_load-key/zfs_load-key_https.ksh functional/cli_root/zfs_load-key/zfs_load-key.ksh functional/cli_root/zfs_load-key/zfs_load-key_location.ksh functional/cli_root/zfs_load-key/zfs_load-key_noop.ksh functional/cli_root/zfs_load-key/zfs_load-key_recursive.ksh '/usr/share/zfs/zfs-tests/tests/functional/cli_root/zfs_load-key/'
 /usr/bin/install -c functional/atime/atime_001_pos.ksh functional/atime/atime_002_neg.ksh functional/atime/atime_003_pos.ksh functional/atime/cleanup.ksh functional/atime/root_atime_off.ksh functional/atime/root_atime_on.ksh functional/atime/root_relatime_on.ksh functional/atime/setup.ksh '/usr/share/zfs/zfs-tests/tests/functional/atime/'
 /usr/bin/install -c functional/projectquota/cleanup.ksh functional/projectquota/projectid_001_pos.ksh functional/projectquota/projectid_002_pos.ksh functional/projectquota/projectid_003_pos.ksh functional/projectquota/projectquota_001_pos.ksh functional/projectquota/projectquota_002_pos.ksh functional/projectquota/projectquota_003_pos.ksh functional/projectquota/projectquota_004_neg.ksh functional/projectquota/projectquota_005_pos.ksh functional/projectquota/projectquota_006_pos.ksh functional/projectquota/projectquota_007_pos.ksh functional/projectquota/projectquota_008_pos.ksh functional/projectquota/projectquota_009_pos.ksh functional/projectquota/projectspace_001_pos.ksh functional/projectquota/projectspace_002_pos.ksh functional/projectquota/projectspace_003_pos.ksh functional/projectquota/projectspace_004_pos.ksh functional/projectquota/projecttree_001_pos.ksh functional/projectquota/projecttree_002_pos.ksh functional/projectquota/projecttree_003_neg.ksh functional/projectquota/setup.ksh '/usr/share/zfs/zfs-tests/tests/functional/projectquota/'
 /usr/bin/install -c functional/cli_root/zfs/cleanup.ksh functional/cli_root/zfs/setup.ksh functional/cli_root/zfs/zfs_001_neg.ksh functional/cli_root/zfs/zfs_002_pos.ksh functional/cli_root/zfs/zfs_003_neg.ksh '/usr/share/zfs/zfs-tests/tests/functional/cli_root/zfs/'
 /usr/bin/install -c functional/zvol/zvol_ENOSPC/cleanup.ksh functional/zvol/zvol_ENOSPC/setup.ksh functional/zvol/zvol_ENOSPC/zvol_ENOSPC_001_pos.ksh '/usr/share/zfs/zfs-tests/tests/functional/zvol/zvol_ENOSPC/'
 /usr/bin/install -c functional/delegate/cleanup.ksh functional/delegate/setup.ksh functional/delegate/zfs_allow_001_pos.ksh functional/delegate/zfs_allow_002_pos.ksh functional/delegate/zfs_allow_003_pos.ksh functional/delegate/zfs_allow_004_pos.ksh functional/delegate/zfs_allow_005_pos.ksh functional/delegate/zfs_allow_006_pos.ksh functional/delegate/zfs_allow_007_pos.ksh functional/delegate/zfs_allow_008_pos.ksh functional/delegate/zfs_allow_009_neg.ksh functional/delegate/zfs_allow_010_pos.ksh functional/delegate/zfs_allow_011_neg.ksh functional/delegate/zfs_allow_012_neg.ksh functional/delegate/zfs_unallow_001_pos.ksh functional/delegate/zfs_unallow_002_pos.ksh functional/delegate/zfs_unallow_003_pos.ksh functional/delegate/zfs_unallow_004_pos.ksh functional/delegate/zfs_unallow_005_pos.ksh functional/delegate/zfs_unallow_006_pos.ksh functional/delegate/zfs_unallow_007_neg.ksh functional/delegate/zfs_unallow_008_neg.ksh '/usr/share/zfs/zfs-tests/tests/functional/delegate/'
 /usr/bin/install -c functional/checksum/cleanup.ksh functional/checksum/filetest_001_pos.ksh functional/checksum/filetest_002_pos.ksh functional/checksum/run_blake3_test.ksh functional/checksum/run_edonr_test.ksh functional/checksum/run_sha2_test.ksh functional/checksum/run_skein_test.ksh functional/checksum/setup.ksh '/usr/share/zfs/zfs-tests/tests/functional/checksum/'
 /usr/bin/install -c functional/zpool_influxdb/cleanup.ksh functional/zpool_influxdb/setup.ksh functional/zpool_influxdb/zpool_influxdb.ksh '/usr/share/zfs/zfs-tests/tests/functional/zpool_influxdb/'
 /usr/bin/install -c functional/cli_root/zfs_sysfs/cleanup.ksh functional/cli_root/zfs_sysfs/setup.ksh functional/cli_root/zfs_sysfs/zfeature_set_unsupported.ksh functional/cli_root/zfs_sysfs/zfs_get_unsupported.ksh functional/cli_root/zfs_sysfs/zfs_set_unsupported.ksh functional/cli_root/zfs_sysfs/zfs_sysfs_live.ksh functional/cli_root/zfs_sysfs/zpool_get_unsupported.ksh functional/cli_root/zfs_sysfs/zpool_set_unsupported.ksh '/usr/share/zfs/zfs-tests/tests/functional/cli_root/zfs_sysfs/'
 /usr/bin/install -c functional/rename_dirs/cleanup.ksh functional/rename_dirs/rename_dirs_001_pos.ksh functional/rename_dirs/setup.ksh '/usr/share/zfs/zfs-tests/tests/functional/rename_dirs/'
 /usr/bin/install -c functional/cli_root/zfs_receive/cleanup.ksh functional/cli_root/zfs_receive/receive-o-x_props_aliases.ksh functional/cli_root/zfs_receive/receive-o-x_props_override.ksh functional/cli_root/zfs_receive/setup.ksh functional/cli_root/zfs_receive/zfs_receive_001_pos.ksh functional/cli_root/zfs_receive/zfs_receive_002_pos.ksh functional/cli_root/zfs_receive/zfs_receive_003_pos.ksh functional/cli_root/zfs_receive/zfs_receive_004_neg.ksh functional/cli_root/zfs_receive/zfs_receive_005_neg.ksh functional/cli_root/zfs_receive/zfs_receive_006_pos.ksh functional/cli_root/zfs_receive/zfs_receive_007_neg.ksh functional/cli_root/zfs_receive/zfs_receive_008_pos.ksh functional/cli_root/zfs_receive/zfs_receive_009_neg.ksh functional/cli_root/zfs_receive/zfs_receive_010_pos.ksh functional/cli_root/zfs_receive/zfs_receive_011_pos.ksh functional/cli_root/zfs_receive/zfs_receive_012_pos.ksh functional/cli_root/zfs_receive/zfs_receive_013_pos.ksh functional/cli_root/zfs_receive/zfs_receive_014_pos.ksh functional/cli_root/zfs_receive/zfs_receive_015_pos.ksh functional/cli_root/zfs_receive/zfs_receive_016_pos.ksh functional/cli_root/zfs_receive/zfs_receive_-e.ksh functional/cli_root/zfs_receive/zfs_receive_from_encrypted.ksh functional/cli_root/zfs_receive/zfs_receive_from_zstd.ksh functional/cli_root/zfs_receive/zfs_receive_new_props.ksh functional/cli_root/zfs_receive/zfs_receive_raw_-d.ksh functional/cli_root/zfs_receive/zfs_receive_raw_incremental.ksh functional/cli_root/zfs_receive/zfs_receive_raw.ksh functional/cli_root/zfs_receive/zfs_receive_to_encrypted.ksh functional/cli_root/zfs_receive/zfs_receive_-wR-encrypted-mix.ksh functional/cli_root/zfs_receive/zfs_receive_corrective.ksh functional/cli_root/zfs_receive/zfs_receive_compressed_corrective.ksh functional/cli_root/zfs_receive/zfs_receive_large_block_corrective.ksh '/usr/share/zfs/zfs-tests/tests/functional/cli_root/zfs_receive/'
 /usr/bin/install -c functional/append/file_append.ksh functional/append/threadsappend_001_pos.ksh functional/append/cleanup.ksh functional/append/setup.ksh '/usr/share/zfs/zfs-tests/tests/functional/append/'
 /usr/bin/install -c functional/limits/cleanup.ksh functional/limits/filesystem_count.ksh functional/limits/filesystem_limit.ksh functional/limits/setup.ksh functional/limits/snapshot_count.ksh functional/limits/snapshot_limit.ksh '/usr/share/zfs/zfs-tests/tests/functional/limits/'
 /usr/bin/install -c functional/cli_root/zpool_split/cleanup.ksh functional/cli_root/zpool_split/setup.ksh functional/cli_root/zpool_split/zpool_split_cliargs.ksh functional/cli_root/zpool_split/zpool_split_devices.ksh functional/cli_root/zpool_split/zpool_split_dryrun_output.ksh functional/cli_root/zpool_split/zpool_split_encryption.ksh functional/cli_root/zpool_split/zpool_split_indirect.ksh functional/cli_root/zpool_split/zpool_split_props.ksh functional/cli_root/zpool_split/zpool_split_resilver.ksh functional/cli_root/zpool_split/zpool_split_vdevs.ksh functional/cli_root/zpool_split/zpool_split_wholedisk.ksh '/usr/share/zfs/zfs-tests/tests/functional/cli_root/zpool_split/'
 /usr/bin/install -c functional/pool_checkpoint/checkpoint_after_rewind.ksh functional/pool_checkpoint/checkpoint_big_rewind.ksh functional/pool_checkpoint/checkpoint_capacity.ksh functional/pool_checkpoint/checkpoint_conf_change.ksh functional/pool_checkpoint/checkpoint_discard_busy.ksh functional/pool_checkpoint/checkpoint_discard.ksh functional/pool_checkpoint/checkpoint_discard_many.ksh functional/pool_checkpoint/checkpoint_indirect.ksh functional/pool_checkpoint/checkpoint_invalid.ksh functional/pool_checkpoint/checkpoint_lun_expsz.ksh functional/pool_checkpoint/checkpoint_open.ksh functional/pool_checkpoint/checkpoint_removal.ksh functional/pool_checkpoint/checkpoint_rewind.ksh functional/pool_checkpoint/checkpoint_ro_rewind.ksh functional/pool_checkpoint/checkpoint_sm_scale.ksh functional/pool_checkpoint/checkpoint_twice.ksh functional/pool_checkpoint/checkpoint_vdev_add.ksh functional/pool_checkpoint/checkpoint_zdb.ksh functional/pool_checkpoint/checkpoint_zhack_feat.ksh functional/pool_checkpoint/cleanup.ksh functional/pool_checkpoint/setup.ksh '/usr/share/zfs/zfs-tests/tests/functional/pool_checkpoint/'
 /usr/bin/install -c functional/cli_root/zfs_diff/cleanup.ksh functional/cli_root/zfs_diff/setup.ksh functional/cli_root/zfs_diff/zfs_diff_changes.ksh functional/cli_root/zfs_diff/zfs_diff_cliargs.ksh functional/cli_root/zfs_diff/zfs_diff_encrypted.ksh functional/cli_root/zfs_diff/zfs_diff_mangle.ksh functional/cli_root/zfs_diff/zfs_diff_timestamp.ksh functional/cli_root/zfs_diff/zfs_diff_types.ksh '/usr/share/zfs/zfs-tests/tests/functional/cli_root/zfs_diff/'
 /usr/bin/install -c functional/cli_root/zpool_history/cleanup.ksh functional/cli_root/zpool_history/setup.ksh functional/cli_root/zpool_history/zpool_history_001_neg.ksh functional/cli_root/zpool_history/zpool_history_002_pos.ksh '/usr/share/zfs/zfs-tests/tests/functional/cli_root/zpool_history/'
 /usr/bin/install -c functional/acl/off/cleanup.ksh functional/acl/off/dosmode.ksh functional/acl/off/posixmode.ksh functional/acl/off/setup.ksh '/usr/share/zfs/zfs-tests/tests/functional/acl/off/'
 /usr/bin/install -c functional/zvol/zvol_stress/cleanup.ksh functional/zvol/zvol_stress/setup.ksh functional/zvol/zvol_stress/zvol_stress.ksh '/usr/share/zfs/zfs-tests/tests/functional/zvol/zvol_stress/'
 /usr/bin/install -c functional/cli_root/zpool_destroy/zpool_destroy_001_pos.ksh functional/cli_root/zpool_destroy/zpool_destroy_002_pos.ksh functional/cli_root/zpool_destroy/zpool_destroy_003_neg.ksh '/usr/share/zfs/zfs-tests/tests/functional/cli_root/zpool_destroy/'
 /usr/bin/install -c functional/casenorm/case_all_values.ksh functional/casenorm/cleanup.ksh functional/casenorm/insensitive_formd_delete.ksh functional/casenorm/insensitive_formd_lookup.ksh functional/casenorm/insensitive_none_delete.ksh functional/casenorm/insensitive_none_lookup.ksh functional/casenorm/mixed_create_failure.ksh functional/casenorm/mixed_formd_delete.ksh functional/casenorm/mixed_formd_lookup_ci.ksh functional/casenorm/mixed_formd_lookup.ksh functional/casenorm/mixed_none_delete.ksh functional/casenorm/mixed_none_lookup_ci.ksh functional/casenorm/mixed_none_lookup.ksh functional/casenorm/norm_all_values.ksh functional/casenorm/sensitive_formd_delete.ksh functional/casenorm/sensitive_formd_lookup.ksh functional/casenorm/sensitive_none_delete.ksh functional/casenorm/sensitive_none_lookup.ksh functional/casenorm/setup.ksh '/usr/share/zfs/zfs-tests/tests/functional/casenorm/'
 /usr/bin/install -c functional/cli_root/zfs_program/cleanup.ksh functional/cli_root/zfs_program/setup.ksh functional/cli_root/zfs_program/zfs_program_json.ksh '/usr/share/zfs/zfs-tests/tests/functional/cli_root/zfs_program/'
 /usr/bin/install -c functional/cli_root/zfs_get/cleanup.ksh functional/cli_root/zfs_get/setup.ksh functional/cli_root/zfs_get/zfs_get_001_pos.ksh functional/cli_root/zfs_get/zfs_get_002_pos.ksh functional/cli_root/zfs_get/zfs_get_003_pos.ksh functional/cli_root/zfs_get/zfs_get_004_pos.ksh functional/cli_root/zfs_get/zfs_get_005_neg.ksh functional/cli_root/zfs_get/zfs_get_006_neg.ksh functional/cli_root/zfs_get/zfs_get_007_neg.ksh functional/cli_root/zfs_get/zfs_get_008_pos.ksh functional/cli_root/zfs_get/zfs_get_009_pos.ksh functional/cli_root/zfs_get/zfs_get_010_neg.ksh '/usr/share/zfs/zfs-tests/tests/functional/cli_root/zfs_get/'
 /usr/bin/install -c functional/clean_mirror/clean_mirror_001_pos.ksh functional/clean_mirror/clean_mirror_002_pos.ksh functional/clean_mirror/clean_mirror_003_pos.ksh functional/clean_mirror/clean_mirror_004_pos.ksh functional/clean_mirror/cleanup.ksh functional/clean_mirror/setup.ksh '/usr/share/zfs/zfs-tests/tests/functional/clean_mirror/'
 /usr/bin/install -c functional/cli_root/zpool_clear/cleanup.ksh functional/cli_root/zpool_clear/setup.ksh functional/cli_root/zpool_clear/zpool_clear_001_pos.ksh functional/cli_root/zpool_clear/zpool_clear_002_neg.ksh functional/cli_root/zpool_clear/zpool_clear_003_neg.ksh functional/cli_root/zpool_clear/zpool_clear_readonly.ksh '/usr/share/zfs/zfs-tests/tests/functional/cli_root/zpool_clear/'
 /usr/bin/install -c functional/pool_names/pool_names_001_pos.ksh functional/pool_names/pool_names_002_neg.ksh '/usr/share/zfs/zfs-tests/tests/functional/pool_names/'
 /usr/bin/install -c functional/inheritance/cleanup.ksh functional/inheritance/inherit_001_pos.ksh '/usr/share/zfs/zfs-tests/tests/functional/inheritance/'
 /usr/bin/install -c functional/zvol/zvol_cli/cleanup.ksh functional/zvol/zvol_cli/setup.ksh functional/zvol/zvol_cli/zvol_cli_001_pos.ksh functional/zvol/zvol_cli/zvol_cli_002_pos.ksh functional/zvol/zvol_cli/zvol_cli_003_neg.ksh '/usr/share/zfs/zfs-tests/tests/functional/zvol/zvol_cli/'
 /usr/bin/install -c functional/cli_root/zfs_destroy/cleanup.ksh functional/cli_root/zfs_destroy/setup.ksh functional/cli_root/zfs_destroy/zfs_clone_livelist_condense_and_disable.ksh functional/cli_root/zfs_destroy/zfs_clone_livelist_condense_races.ksh functional/cli_root/zfs_destroy/zfs_clone_livelist_dedup.ksh functional/cli_root/zfs_destroy/zfs_destroy_001_pos.ksh functional/cli_root/zfs_destroy/zfs_destroy_002_pos.ksh functional/cli_root/zfs_destroy/zfs_destroy_003_pos.ksh functional/cli_root/zfs_destroy/zfs_destroy_004_pos.ksh functional/cli_root/zfs_destroy/zfs_destroy_005_neg.ksh functional/cli_root/zfs_destroy/zfs_destroy_006_neg.ksh functional/cli_root/zfs_destroy/zfs_destroy_007_neg.ksh functional/cli_root/zfs_destroy/zfs_destroy_008_pos.ksh functional/cli_root/zfs_destroy/zfs_destroy_009_pos.ksh functional/cli_root/zfs_destroy/zfs_destroy_010_pos.ksh functional/cli_root/zfs_destroy/zfs_destroy_011_pos.ksh functional/cli_root/zfs_destroy/zfs_destroy_012_pos.ksh functional/cli_root/zfs_destroy/zfs_destroy_013_neg.ksh functional/cli_root/zfs_destroy/zfs_destroy_014_pos.ksh functional/cli_root/zfs_destroy/zfs_destroy_015_pos.ksh functional/cli_root/zfs_destroy/zfs_destroy_016_pos.ksh functional/cli_root/zfs_destroy/zfs_destroy_clone_livelist.ksh functional/cli_root/zfs_destroy/zfs_destroy_dev_removal_condense.ksh functional/cli_root/zfs_destroy/zfs_destroy_dev_removal.ksh '/usr/share/zfs/zfs-tests/tests/functional/cli_root/zfs_destroy/'
 /usr/bin/install -c functional/cli_root/zfs_mount/cleanup.ksh functional/cli_root/zfs_mount/setup.ksh functional/cli_root/zfs_mount/zfs_mount_001_pos.ksh functional/cli_root/zfs_mount/zfs_mount_002_pos.ksh functional/cli_root/zfs_mount/zfs_mount_003_pos.ksh functional/cli_root/zfs_mount/zfs_mount_004_pos.ksh functional/cli_root/zfs_mount/zfs_mount_005_pos.ksh functional/cli_root/zfs_mount/zfs_mount_006_pos.ksh functional/cli_root/zfs_mount/zfs_mount_007_pos.ksh functional/cli_root/zfs_mount/zfs_mount_008_pos.ksh functional/cli_root/zfs_mount/zfs_mount_009_neg.ksh functional/cli_root/zfs_mount/zfs_mount_010_neg.ksh functional/cli_root/zfs_mount/zfs_mount_011_neg.ksh functional/cli_root/zfs_mount/zfs_mount_012_pos.ksh functional/cli_root/zfs_mount/zfs_mount_013_pos.ksh functional/cli_root/zfs_mount/zfs_mount_014_neg.ksh functional/cli_root/zfs_mount/zfs_mount_all_001_pos.ksh functional/cli_root/zfs_mount/zfs_mount_all_fail.ksh functional/cli_root/zfs_mount/zfs_mount_all_mountpoints.ksh functional/cli_root/zfs_mount/zfs_mount_encrypted.ksh functional/cli_root/zfs_mount/zfs_mount_recursive.ksh functional/cli_root/zfs_mount/zfs_mount_remount.ksh functional/cli_root/zfs_mount/zfs_mount_test_race.ksh functional/cli_root/zfs_mount/zfs_multi_mount.ksh '/usr/share/zfs/zfs-tests/tests/functional/cli_root/zfs_mount/'
 /usr/bin/install -c functional/bclone/bclone_crossfs_corner_cases.ksh functional/bclone/bclone_crossfs_corner_cases_limited.ksh functional/bclone/bclone_crossfs_data.ksh functional/bclone/bclone_crossfs_embedded.ksh functional/bclone/bclone_crossfs_hole.ksh functional/bclone/bclone_diffprops_all.ksh functional/bclone/bclone_diffprops_checksum.ksh functional/bclone/bclone_diffprops_compress.ksh functional/bclone/bclone_diffprops_copies.ksh functional/bclone/bclone_diffprops_recordsize.ksh functional/bclone/bclone_prop_sync.ksh functional/bclone/bclone_samefs_corner_cases.ksh functional/bclone/bclone_samefs_corner_cases_limited.ksh functional/bclone/bclone_samefs_data.ksh functional/bclone/bclone_samefs_embedded.ksh functional/bclone/bclone_samefs_hole.ksh functional/bclone/cleanup.ksh functional/bclone/setup.ksh '/usr/share/zfs/zfs-tests/tests/functional/bclone/'
 /usr/bin/install -c functional/refquota/cleanup.ksh functional/refquota/refquota_001_pos.ksh functional/refquota/refquota_002_pos.ksh functional/refquota/refquota_003_pos.ksh functional/refquota/refquota_004_pos.ksh functional/refquota/refquota_005_pos.ksh functional/refquota/refquota_006_neg.ksh functional/refquota/refquota_007_neg.ksh functional/refquota/refquota_008_neg.ksh functional/refquota/setup.ksh '/usr/share/zfs/zfs-tests/tests/functional/refquota/'
 /usr/bin/install -c functional/cli_root/zpool_attach/attach-o_ashift.ksh functional/cli_root/zpool_attach/cleanup.ksh functional/cli_root/zpool_attach/setup.ksh functional/cli_root/zpool_attach/zpool_attach_001_neg.ksh '/usr/share/zfs/zfs-tests/tests/functional/cli_root/zpool_attach/'
 /usr/bin/install -c functional/cli_root/zfs_send/cleanup.ksh functional/cli_root/zfs_send/setup.ksh functional/cli_root/zfs_send/zfs_send_001_pos.ksh functional/cli_root/zfs_send/zfs_send_002_pos.ksh functional/cli_root/zfs_send/zfs_send_003_pos.ksh functional/cli_root/zfs_send/zfs_send_004_neg.ksh functional/cli_root/zfs_send/zfs_send_005_pos.ksh functional/cli_root/zfs_send/zfs_send_006_pos.ksh functional/cli_root/zfs_send/zfs_send_007_pos.ksh functional/cli_root/zfs_send/zfs_send-b.ksh functional/cli_root/zfs_send/zfs_send_encrypted.ksh functional/cli_root/zfs_send/zfs_send_encrypted_unloaded.ksh functional/cli_root/zfs_send/zfs_send_raw.ksh functional/cli_root/zfs_send/zfs_send_skip_missing.ksh functional/cli_root/zfs_send/zfs_send_sparse.ksh '/usr/share/zfs/zfs-tests/tests/functional/cli_root/zfs_send/'
 /usr/bin/mkdir -p '/usr/share/zfs/zfs-tests/tests'
 /usr/bin/mkdir -p '/usr/share/zfs/zfs-tests/tests/functional/pam'
 /usr/bin/install -c -m 644  functional/pam/utilities.kshlib '/usr/share/zfs/zfs-tests/tests/functional/pam'
 /usr/bin/mkdir -p '/usr/share/zfs/zfs-tests/tests'
 /usr/bin/mkdir -p '/usr/share/zfs/zfs-tests/tests/functional/pyzfs/'
 /usr/bin/install -c functional/pyzfs/pyzfs_unittest.ksh '/usr/share/zfs/zfs-tests/tests/functional/pyzfs/'
make[2]: Leaving directory '/tmp/openzfs-dodb/tests/zfs-tests/tests'
make[1]: Leaving directory '/tmp/openzfs-dodb/tests/zfs-tests/tests'
Making install in module
make[1]: Entering directory '/tmp/openzfs-dodb/module'
rm -f -r /lib/modules/6.12.0-206.104.4.4.el9uek.aarch64/extra/spl/ /lib/modules/6.12.0-206.104.4.4.el9uek.aarch64/extra/avl/ /lib/modules/6.12.0-206.104.4.4.el9uek.aarch64/extra/icp/ /lib/modules/6.12.0-206.104.4.4.el9uek.aarch64/extra/lua/ /lib/modules/6.12.0-206.104.4.4.el9uek.aarch64/extra/nvpair/ /lib/modules/6.12.0-206.104.4.4.el9uek.aarch64/extra/unicode/ /lib/modules/6.12.0-206.104.4.4.el9uek.aarch64/extra/zcommon/ /lib/modules/6.12.0-206.104.4.4.el9uek.aarch64/extra/zfs/ /lib/modules/6.12.0-206.104.4.4.el9uek.aarch64/extra/zstd/
make -C /usr/src/kernels/6.12.0-206.104.4.4.el9uek.aarch64 M="$PWD" modules_install \
	INSTALL_MOD_PATH= \
	INSTALL_MOD_DIR=extra \
	KERNELRELEASE=6.12.0-206.104.4.4.el9uek.aarch64
make[2]: Entering directory '/usr/src/kernels/6.12.0-206.104.4.4.el9uek.aarch64'
  INSTALL /lib/modules/6.12.0-206.104.4.4.el9uek.aarch64/extra/spl.ko
  SIGN    /lib/modules/6.12.0-206.104.4.4.el9uek.aarch64/extra/spl.ko
  INSTALL /lib/modules/6.12.0-206.104.4.4.el9uek.aarch64/extra/zfs.ko
At main.c:171:
- SSL error:FFFFFFFF80000002:system library::No such file or directory: crypto/bio/bss_file.c:67
- SSL error:10000080:BIO routines::no such file: crypto/bio/bss_file.c:75
sign-file: ./certs/signing_key.pem
  SIGN    /lib/modules/6.12.0-206.104.4.4.el9uek.aarch64/extra/zfs.ko
  DEPMOD  /lib/modules/6.12.0-206.104.4.4.el9uek.aarch64
At main.c:171:
- SSL error:FFFFFFFF80000002:system library::No such file or directory: crypto/bio/bss_file.c:67
- SSL error:10000080:BIO routines::no such file: crypto/bio/bss_file.c:75
sign-file: ./certs/signing_key.pem
make[2]: Leaving directory '/usr/src/kernels/6.12.0-206.104.4.4.el9uek.aarch64'
if [ -n "" ]; then \
	find /lib/modules/6.12.0-206.104.4.4.el9uek.aarch64 -name 'modules.*' -delete; \
fi
sysmap=/boot/System.map-6.12.0-206.104.4.4.el9uek.aarch64; \
{ [ -f "$sysmap" ] && [ $(wc -l < "$sysmap") -ge 100 ]; } || \
	sysmap=/usr/lib/debug/boot/System.map-6.12.0-206.104.4.4.el9uek.aarch64; \
if [ -f $sysmap ]; then \
	depmod -ae -F $sysmap 6.12.0-206.104.4.4.el9uek.aarch64; \
fi
cp ../zfs.release ../zfs_config.h Module.symvers //usr/src/zfs-2.2.11/6.12.0-206.104.4.4.el9uek.aarch64
make[1]: Leaving directory '/tmp/openzfs-dodb/module'
make[1]: Entering directory '/tmp/openzfs-dodb'
SCRIPT_COMMON=scripts/common.sh ./scripts/zfs-tests.sh -c
cd contrib/pyzfs && /usr/bin/python3.9 setup.py -q  egg_info -e . build
make[2]: Entering directory '/tmp/openzfs-dodb'
 /usr/bin/mkdir -p '/usr/lib64'
 /bin/sh ./libtool --silent  --mode=install /usr/bin/install -c   libnvpair.la libuutil.la libzfs_core.la libzfs.la libzfsbootenv.la libzpool.la '/usr/lib64'
libtool: warning: relinking 'libzfs_core.la'
libtool: warning: relinking 'libzfs.la'
libtool: warning: relinking 'libzfsbootenv.la'
libtool: warning: relinking 'libzpool.la'
 /usr/bin/mkdir -p '/usr/bin'
  /bin/sh ./libtool --silent  --mode=install /usr/bin/install -c raidz_test '/usr/bin'
 /usr/bin/mkdir -p '/usr/bin'
 /usr/bin/install -c arc_summary arcstat dbufstat zilstat '/usr/bin'
 /usr/bin/mkdir -p '/usr/bin'
 /usr/bin/install -c cmd/zvol_wait '/usr/bin'
 /usr/bin/mkdir -p '/usr/libexec/zfs/zed.d'
 /usr/bin/install -c cmd/zed/zed.d/all-debug.sh cmd/zed/zed.d/all-syslog.sh cmd/zed/zed.d/data-notify.sh cmd/zed/zed.d/deadman-slot_off.sh cmd/zed/zed.d/generic-notify.sh cmd/zed/zed.d/pool_import-led.sh cmd/zed/zed.d/resilver_finish-notify.sh cmd/zed/zed.d/resilver_finish-start-scrub.sh cmd/zed/zed.d/scrub_finish-notify.sh cmd/zed/zed.d/statechange-led.sh cmd/zed/zed.d/statechange-notify.sh cmd/zed/zed.d/statechange-slot_off.sh cmd/zed/zed.d/trim_finish-notify.sh cmd/zed/zed.d/vdev_attach-led.sh cmd/zed/zed.d/vdev_clear-led.sh '/usr/libexec/zfs/zed.d'
 /usr/bin/mkdir -p '/usr/libexec/zfs'
 /usr/bin/install -c scripts/zfs_prepare_disk '/usr/libexec/zfs'
 /usr/bin/mkdir -p '/usr/libexec/zfs/zpool.d'
 /usr/bin/install -c cmd/zpool/zpool.d/ata_err cmd/zpool/zpool.d/cmd_to cmd/zpool/zpool.d/defect cmd/zpool/zpool.d/dm-deps cmd/zpool/zpool.d/enc cmd/zpool/zpool.d/encdev cmd/zpool/zpool.d/fault_led cmd/zpool/zpool.d/health cmd/zpool/zpool.d/hours_on cmd/zpool/zpool.d/iostat cmd/zpool/zpool.d/iostat-10s cmd/zpool/zpool.d/iostat-1s cmd/zpool/zpool.d/label cmd/zpool/zpool.d/locate_led cmd/zpool/zpool.d/lsblk cmd/zpool/zpool.d/media cmd/zpool/zpool.d/model cmd/zpool/zpool.d/nonmed cmd/zpool/zpool.d/nvme_err cmd/zpool/zpool.d/off_ucor cmd/zpool/zpool.d/pend_sec cmd/zpool/zpool.d/pwr_cyc cmd/zpool/zpool.d/r_proc cmd/zpool/zpool.d/r_ucor cmd/zpool/zpool.d/realloc cmd/zpool/zpool.d/rep_ucor cmd/zpool/zpool.d/serial cmd/zpool/zpool.d/ses cmd/zpool/zpool.d/size cmd/zpool/zpool.d/slot cmd/zpool/zpool.d/smart cmd/zpool/zpool.d/smart_test cmd/zpool/zpool.d/smartx cmd/zpool/zpool.d/temp cmd/zpool/zpool.d/test_ended cmd/zpool/zpool.d/test_progress cmd/zpool/zpool.d/test_status cmd/zpool/zpool.d/test_type cmd/zpool/zpool.d/upath cmd/zpool/zpool.d/vendor '/usr/libexec/zfs/zpool.d'
 /usr/bin/install -c cmd/zpool/zpool.d/w_proc cmd/zpool/zpool.d/w_ucor '/usr/libexec/zfs/zpool.d'
cd contrib/pyzfs && /usr/bin/python3.9 setup.py egg_info -e . install \
  --prefix /usr \
  --root / \
  --install-lib /usr/lib/python3.9/site-packages \
  --single-version-externally-managed \
  --verbose
running egg_info
writing pyzfs.egg-info/PKG-INFO
writing dependency_links to pyzfs.egg-info/dependency_links.txt
writing requirements to pyzfs.egg-info/requires.txt
writing top-level names to pyzfs.egg-info/top_level.txt
reading manifest file 'pyzfs.egg-info/SOURCES.txt'
adding license file 'LICENSE'
writing manifest file 'pyzfs.egg-info/SOURCES.txt'
running install
running build
running build_py
running install_lib
creating /usr/lib/python3.9/site-packages/libzfs_core
copying build/lib/libzfs_core/__init__.py -> /usr/lib/python3.9/site-packages/libzfs_core
copying build/lib/libzfs_core/_constants.py -> /usr/lib/python3.9/site-packages/libzfs_core
copying build/lib/libzfs_core/_error_translation.py -> /usr/lib/python3.9/site-packages/libzfs_core
copying build/lib/libzfs_core/_libzfs_core.py -> /usr/lib/python3.9/site-packages/libzfs_core
copying build/lib/libzfs_core/_nvlist.py -> /usr/lib/python3.9/site-packages/libzfs_core
copying build/lib/libzfs_core/ctypes.py -> /usr/lib/python3.9/site-packages/libzfs_core
copying build/lib/libzfs_core/exceptions.py -> /usr/lib/python3.9/site-packages/libzfs_core
creating /usr/lib/python3.9/site-packages/libzfs_core/bindings
copying build/lib/libzfs_core/bindings/__init__.py -> /usr/lib/python3.9/site-packages/libzfs_core/bindings
copying build/lib/libzfs_core/bindings/libnvpair.py -> /usr/lib/python3.9/site-packages/libzfs_core/bindings
copying build/lib/libzfs_core/bindings/libzfs_core.py -> /usr/lib/python3.9/site-packages/libzfs_core/bindings
creating /usr/lib/python3.9/site-packages/libzfs_core/test
copying build/lib/libzfs_core/test/__init__.py -> /usr/lib/python3.9/site-packages/libzfs_core/test
copying build/lib/libzfs_core/test/test_libzfs_core.py -> /usr/lib/python3.9/site-packages/libzfs_core/test
copying build/lib/libzfs_core/test/test_nvlist.py -> /usr/lib/python3.9/site-packages/libzfs_core/test
byte-compiling /usr/lib/python3.9/site-packages/libzfs_core/__init__.py to __init__.cpython-39.pyc
byte-compiling /usr/lib/python3.9/site-packages/libzfs_core/_constants.py to _constants.cpython-39.pyc
byte-compiling /usr/lib/python3.9/site-packages/libzfs_core/_error_translation.py to _error_translation.cpython-39.pyc
byte-compiling /usr/lib/python3.9/site-packages/libzfs_core/_libzfs_core.py to _libzfs_core.cpython-39.pyc
byte-compiling /usr/lib/python3.9/site-packages/libzfs_core/_nvlist.py to _nvlist.cpython-39.pyc
byte-compiling /usr/lib/python3.9/site-packages/libzfs_core/ctypes.py to ctypes.cpython-39.pyc
byte-compiling /usr/lib/python3.9/site-packages/libzfs_core/exceptions.py to exceptions.cpython-39.pyc
byte-compiling /usr/lib/python3.9/site-packages/libzfs_core/bindings/__init__.py to __init__.cpython-39.pyc
byte-compiling /usr/lib/python3.9/site-packages/libzfs_core/bindings/libnvpair.py to libnvpair.cpython-39.pyc
byte-compiling /usr/lib/python3.9/site-packages/libzfs_core/bindings/libzfs_core.py to libzfs_core.cpython-39.pyc
byte-compiling /usr/lib/python3.9/site-packages/libzfs_core/test/__init__.py to __init__.cpython-39.pyc
byte-compiling /usr/lib/python3.9/site-packages/libzfs_core/test/test_libzfs_core.py to test_libzfs_core.cpython-39.pyc
byte-compiling /usr/lib/python3.9/site-packages/libzfs_core/test/test_nvlist.py to test_nvlist.cpython-39.pyc
running install_egg_info
Copying pyzfs.egg-info to /usr/lib/python3.9/site-packages/pyzfs-2.2.11-py3.9.egg-info
running install_scripts
 /usr/bin/mkdir -p '/usr/libexec/zfs/zed.d'
 /usr/bin/install -c cmd/zed/zed.d/history_event-zfs-list-cacher.sh '/usr/libexec/zfs/zed.d'
 /usr/bin/mkdir -p '/usr/sbin'
  /bin/sh ./libtool --silent  --mode=install /usr/bin/install -c zfs_ids_to_path zhack ztest zdb zfs zinject zpool zstream zgenhostid zed '/usr/sbin'
 /usr/bin/mkdir -p '/usr/sbin'
 /usr/bin/install -c fsck.zfs '/usr/sbin'
 /usr/bin/mkdir -p '/usr/libexec/zfs'
  /bin/sh ./libtool --silent  --mode=install /usr/bin/install -c zpool_influxdb '/usr/libexec/zfs'
make  install-exec-hook
make[3]: Entering directory '/tmp/openzfs-dodb'
cd /usr/sbin && ln -s -f zstream zstreamdump
make[3]: Leaving directory '/tmp/openzfs-dodb'
 /usr/bin/mkdir -p '/usr/share/initramfs-tools'
 /usr/bin/install -c contrib/initramfs/zfsunlock '/usr/share/initramfs-tools'
 /usr/bin/mkdir -p '/usr/share/initramfs-tools/conf.d'
 /usr/bin/install -c -m 644 contrib/initramfs/conf.d/zfs '/usr/share/initramfs-tools/conf.d'
 /usr/bin/mkdir -p '/usr/share/initramfs-tools/conf-hooks.d'
 /usr/bin/install -c -m 644 contrib/initramfs/conf-hooks.d/zfs '/usr/share/initramfs-tools/conf-hooks.d'
 /usr/bin/mkdir -p '/usr/share/initramfs-tools/scripts'
 /usr/bin/install -c contrib/initramfs/scripts/zfs '/usr/share/initramfs-tools/scripts'
 /usr/bin/mkdir -p '/usr/share/initramfs-tools/scripts/local-top'
 /usr/bin/install -c contrib/initramfs/scripts/local-top/zfs '/usr/share/initramfs-tools/scripts/local-top'
 /usr/bin/mkdir -p '/usr/lib/modules-load.d'
 /usr/bin/install -c -m 644 etc/modules-load.d/zfs.conf '/usr/lib/modules-load.d'
 /usr/bin/mkdir -p '/usr/share/zfs'
 /usr/bin/install -c scripts/zfs-helpers.sh scripts/zfs-tests.sh scripts/zfs.sh scripts/zimport.sh scripts/zloop.sh '/usr/share/zfs'
 /usr/bin/mkdir -p '/usr/share/zfs/runfiles'
 /usr/bin/install -c -m 644 tests/runfiles/bclone.run tests/runfiles/common.run tests/runfiles/freebsd.run tests/runfiles/linux.run tests/runfiles/longevity.run tests/runfiles/perf-regression.run tests/runfiles/sanity.run tests/runfiles/sunos.run '/usr/share/zfs/runfiles'
 /usr/bin/mkdir -p '/usr/share/zfs/test-runner/include'
 /usr/bin/install -c -m 644 tests/test-runner/include/logapi.shlib '/usr/share/zfs/test-runner/include'
 /usr/bin/mkdir -p '/usr/share/zfs/zfs-tests/callbacks'
 /usr/bin/install -c tests/zfs-tests/callbacks/zfs_dbgmsg.ksh tests/zfs-tests/callbacks/zfs_dmesg.ksh tests/zfs-tests/callbacks/zfs_failsafe.ksh tests/zfs-tests/callbacks/zfs_mmp.ksh '/usr/share/zfs/zfs-tests/callbacks'
 /usr/bin/mkdir -p '/usr/share/zfs/zfs-tests/include'
 /usr/bin/install -c -m 644 tests/zfs-tests/include/blkdev.shlib tests/zfs-tests/include/commands.cfg tests/zfs-tests/include/libtest.shlib tests/zfs-tests/include/math.shlib tests/zfs-tests/include/properties.shlib tests/zfs-tests/include/tunables.cfg tests/zfs-tests/include/zpool_script.shlib '/usr/share/zfs/zfs-tests/include'
 /usr/bin/mkdir -p '/etc/zfs'
 /usr/bin/install -c -m 644 etc/zfs/vdev_id.conf.alias.example etc/zfs/vdev_id.conf.multipath.example etc/zfs/vdev_id.conf.sas_direct.example etc/zfs/vdev_id.conf.sas_switch.example etc/zfs/vdev_id.conf.scsi.example '/etc/zfs'
 /usr/bin/mkdir -p '/usr/lib/systemd/system-preset'
 /usr/bin/install -c -m 644 etc/systemd/system/50-zfs.preset '/usr/lib/systemd/system-preset'
 /usr/bin/mkdir -p '/lib/udev'
 /usr/bin/install -c udev/vdev_id '/lib/udev'
 /usr/bin/mkdir -p '/etc/zfs/zed.d'
 /usr/bin/install -c -m 644 cmd/zed/zed.d/zed-functions.sh cmd/zed/zed.d/zed.rc '/etc/zfs/zed.d'
 /usr/bin/mkdir -p '/usr/share/zfs/compatibility.d'
 /usr/bin/install -c -m 644 cmd/zpool/compatibility.d/compat-2018 cmd/zpool/compatibility.d/compat-2019 cmd/zpool/compatibility.d/compat-2020 cmd/zpool/compatibility.d/compat-2021 cmd/zpool/compatibility.d/freebsd-11.0 cmd/zpool/compatibility.d/freebsd-11.2 cmd/zpool/compatibility.d/freebsd-11.3 cmd/zpool/compatibility.d/freenas-9.10.2 cmd/zpool/compatibility.d/grub2-2.06 cmd/zpool/compatibility.d/grub2-2.12 cmd/zpool/compatibility.d/openzfs-2.0-freebsd cmd/zpool/compatibility.d/openzfs-2.0-linux cmd/zpool/compatibility.d/openzfs-2.1-freebsd cmd/zpool/compatibility.d/openzfs-2.1-linux cmd/zpool/compatibility.d/openzfs-2.2 cmd/zpool/compatibility.d/openzfsonosx-1.7.0 cmd/zpool/compatibility.d/openzfsonosx-1.8.1 cmd/zpool/compatibility.d/openzfsonosx-1.9.3 cmd/zpool/compatibility.d/zol-0.6.1 cmd/zpool/compatibility.d/zol-0.6.4 cmd/zpool/compatibility.d/zol-0.6.5 cmd/zpool/compatibility.d/zol-0.7 cmd/zpool/compatibility.d/zol-0.8 '/usr/share/zfs/compatibility.d'
 /usr/bin/mkdir -p '/usr/src/zfs-2.2.11'
 /usr/bin/install -c -m 644 zfs.release.in zfs_config.h.in '/usr/src/zfs-2.2.11'
 /usr/bin/mkdir -p '/usr/share/initramfs-tools/hooks'
 /usr/bin/install -c contrib/initramfs/hooks/zfs contrib/initramfs/hooks/zfsunlock '/usr/share/initramfs-tools/hooks'
 /usr/bin/mkdir -p '/etc/init.d'
 /usr/bin/install -c etc/init.d/zfs-import etc/init.d/zfs-load-key etc/init.d/zfs-mount etc/init.d/zfs-share etc/init.d/zfs-zed '/etc/init.d'
 /usr/bin/mkdir -p '/etc/sysconfig'
 /usr/bin/install -c -m 644 etc/default/zfs '/etc/sysconfig'
 /usr/bin/mkdir -p '/usr/include/libspl'
 /usr/bin/install -c -m 644 lib/libspl/include/assert.h lib/libspl/include/atomic.h lib/libspl/include/libgen.h lib/libspl/include/libshare.h lib/libspl/include/statcommon.h lib/libspl/include/stdlib.h lib/libspl/include/string.h lib/libspl/include/umem.h lib/libspl/include/unistd.h lib/libspl/include/zone.h '/usr/include/libspl'
 /usr/bin/mkdir -p '/usr/include/libspl/sys/ia32'
 /usr/bin/install -c -m 644 lib/libspl/include/os/linux/sys/ia32/asm_linkage.h '/usr/include/libspl/sys/ia32'
 /usr/bin/mkdir -p '/usr/include/libspl/rpc'
 /usr/bin/install -c -m 644 lib/libspl/include/rpc/xdr.h '/usr/include/libspl/rpc'
 /usr/bin/mkdir -p '/usr/include/libspl/sys'
 /usr/bin/install -c -m 644 lib/libspl/include/sys/acl.h lib/libspl/include/sys/acl_impl.h lib/libspl/include/sys/asm_linkage.h lib/libspl/include/sys/callb.h lib/libspl/include/sys/cmn_err.h lib/libspl/include/sys/cred.h lib/libspl/include/sys/debug.h lib/libspl/include/sys/dkio.h lib/libspl/include/sys/dklabel.h lib/libspl/include/sys/feature_tests.h lib/libspl/include/sys/inttypes.h lib/libspl/include/sys/isa_defs.h lib/libspl/include/sys/kmem.h lib/libspl/include/sys/kstat.h lib/libspl/include/sys/list.h lib/libspl/include/sys/list_impl.h lib/libspl/include/sys/mhd.h lib/libspl/include/sys/mkdev.h lib/libspl/include/sys/policy.h lib/libspl/include/sys/poll.h lib/libspl/include/sys/priv.h lib/libspl/include/sys/processor.h lib/libspl/include/sys/simd.h lib/libspl/include/sys/stack.h lib/libspl/include/sys/stdtypes.h lib/libspl/include/sys/string.h lib/libspl/include/sys/sunddi.h lib/libspl/include/sys/systeminfo.h lib/libspl/include/sys/time.h lib/libspl/include/sys/trace_spl.h lib/libspl/include/sys/trace_zfs.h lib/libspl/include/sys/types.h lib/libspl/include/sys/types32.h lib/libspl/include/sys/uio.h lib/libspl/include/sys/vnode.h lib/libspl/include/sys/wmsum.h lib/libspl/include/sys/zone.h lib/libspl/include/os/linux/sys/byteorder.h lib/libspl/include/os/linux/sys/errno.h lib/libspl/include/os/linux/sys/mnttab.h '/usr/include/libspl/sys'
 /usr/bin/install -c -m 644 lib/libspl/include/os/linux/sys/mount.h lib/libspl/include/os/linux/sys/param.h lib/libspl/include/os/linux/sys/stat.h lib/libspl/include/os/linux/sys/sysmacros.h lib/libspl/include/os/linux/sys/vfs.h lib/libspl/include/os/linux/sys/zfs_context_os.h '/usr/include/libspl/sys'
 /usr/bin/mkdir -p '/usr/include/libspl/sys/dktp'
 /usr/bin/install -c -m 644 lib/libspl/include/sys/dktp/fdisk.h '/usr/include/libspl/sys/dktp'
 /usr/bin/mkdir -p '/usr/include/libzpool'
 /usr/bin/install -c -m 644 lib/libzpool/include/sys/abd_os.h lib/libzpool/include/sys/abd_impl_os.h '/usr/include/libzpool'
 /usr/bin/mkdir -p '/usr/share/man/man1'
 /usr/bin/install -c -m 644 man/man1/arcstat.1 man/man1/raidz_test.1 man/man1/test-runner.1 man/man1/zhack.1 man/man1/ztest.1 man/man1/zvol_wait.1 '/usr/share/man/man1'
 /usr/bin/mkdir -p '/usr/share/man/man4'
 /usr/bin/install -c -m 644 man/man4/spl.4 man/man4/zfs.4 '/usr/share/man/man4'
 /usr/bin/mkdir -p '/usr/share/man/man5'
 /usr/bin/install -c -m 644 man/man5/vdev_id.conf.5 '/usr/share/man/man5'
 /usr/bin/mkdir -p '/usr/share/man/man7'
 /usr/bin/install -c -m 644 man/man7/dracut.zfs.7 man/man7/vdevprops.7 man/man7/zfsconcepts.7 man/man7/zfsprops.7 man/man7/zpool-features.7 man/man7/zpoolconcepts.7 man/man7/zpoolprops.7 '/usr/share/man/man7'
 /usr/bin/mkdir -p '/usr/share/man/man8'
 /usr/bin/install -c -m 644 man/man8/fsck.zfs.8 man/man8/mount.zfs.8 man/man8/vdev_id.8 man/man8/zdb.8 man/man8/zfs.8 man/man8/zfs-allow.8 man/man8/zfs-bookmark.8 man/man8/zfs-change-key.8 man/man8/zfs-clone.8 man/man8/zfs-create.8 man/man8/zfs-destroy.8 man/man8/zfs-diff.8 man/man8/zfs-get.8 man/man8/zfs-groupspace.8 man/man8/zfs-hold.8 man/man8/zfs-inherit.8 man/man8/zfs-list.8 man/man8/zfs-load-key.8 man/man8/zfs-mount.8 man/man8/zfs-program.8 man/man8/zfs-project.8 man/man8/zfs-projectspace.8 man/man8/zfs-promote.8 man/man8/zfs-receive.8 man/man8/zfs-recv.8 man/man8/zfs-redact.8 man/man8/zfs-release.8 man/man8/zfs-rename.8 man/man8/zfs-rollback.8 man/man8/zfs-send.8 man/man8/zfs-set.8 man/man8/zfs-share.8 man/man8/zfs-snapshot.8 man/man8/zfs-unallow.8 man/man8/zfs-unload-key.8 man/man8/zfs-unmount.8 man/man8/zfs-upgrade.8 man/man8/zfs-userspace.8 man/man8/zfs-wait.8 man/man8/zfs_ids_to_path.8 '/usr/share/man/man8'
 /usr/bin/install -c -m 644 man/man8/zgenhostid.8 man/man8/zinject.8 man/man8/zpool.8 man/man8/zpool-add.8 man/man8/zpool-attach.8 man/man8/zpool-checkpoint.8 man/man8/zpool-clear.8 man/man8/zpool-create.8 man/man8/zpool-destroy.8 man/man8/zpool-detach.8 man/man8/zpool-events.8 man/man8/zpool-export.8 man/man8/zpool-get.8 man/man8/zpool-history.8 man/man8/zpool-import.8 man/man8/zpool-initialize.8 man/man8/zpool-iostat.8 man/man8/zpool-labelclear.8 man/man8/zpool-list.8 man/man8/zpool-offline.8 man/man8/zpool-online.8 man/man8/zpool-reguid.8 man/man8/zpool-remove.8 man/man8/zpool-reopen.8 man/man8/zpool-replace.8 man/man8/zpool-resilver.8 man/man8/zpool-scrub.8 man/man8/zpool-set.8 man/man8/zpool-split.8 man/man8/zpool-status.8 man/man8/zpool-sync.8 man/man8/zpool-trim.8 man/man8/zpool-upgrade.8 man/man8/zpool-wait.8 man/man8/zstream.8 man/man8/zstreamdump.8 man/man8/zpool_influxdb.8 man/man8/zfs-unzone.8 man/man8/zfs-zone.8 man/man8/zed.8 '/usr/share/man/man8'
 /usr/bin/install -c -m 644 man/man8/zfs-mount-generator.8 man/man8/zfs_prepare_disk.8 '/usr/share/man/man8'
 /usr/bin/mkdir -p '/sbin'
  /bin/sh ./libtool --silent  --mode=install /usr/bin/install -c mount.zfs '/sbin'
 /usr/bin/mkdir -p '/etc/bash_completion.d'
 /usr/bin/install -c -m 644 contrib/bash_completion.d/zfs contrib/bash_completion.d/zpool '/etc/bash_completion.d'
 /usr/bin/mkdir -p '/usr/share/zfs/zfs-tests/include'
 /usr/bin/install -c -m 644 tests/zfs-tests/include/default.cfg '/usr/share/zfs/zfs-tests/include'
 /usr/bin/mkdir -p '/usr/lib64/pkgconfig'
 /usr/bin/install -c -m 644 lib/libzfs_core/libzfs_core.pc lib/libzfs/libzfs.pc lib/libzfsbootenv/libzfsbootenv.pc '/usr/lib64/pkgconfig'
 /usr/bin/mkdir -p '/usr/share/dracut/modules.d/02zfsexpandknowledge'
 /usr/bin/install -c contrib/dracut/02zfsexpandknowledge/module-setup.sh '/usr/share/dracut/modules.d/02zfsexpandknowledge'
 /usr/bin/mkdir -p '/usr/share/dracut/modules.d/90zfs'
 /usr/bin/install -c -m 644 contrib/dracut/90zfs/zfs-env-bootfs.service contrib/dracut/90zfs/zfs-nonroot-necessities.service contrib/dracut/90zfs/zfs-rollback-bootfs.service contrib/dracut/90zfs/zfs-snapshot-bootfs.service '/usr/share/dracut/modules.d/90zfs'
 /usr/bin/mkdir -p '/usr/share/dracut/modules.d/90zfs'
 /usr/bin/install -c contrib/dracut/90zfs/export-zfs.sh contrib/dracut/90zfs/import-opts-generator.sh contrib/dracut/90zfs/module-setup.sh contrib/dracut/90zfs/mount-zfs.sh contrib/dracut/90zfs/parse-zfs.sh contrib/dracut/90zfs/zfs-generator.sh contrib/dracut/90zfs/zfs-lib.sh contrib/dracut/90zfs/zfs-load-key.sh contrib/dracut/90zfs/zfs-needshutdown.sh '/usr/share/dracut/modules.d/90zfs'
 /usr/bin/mkdir -p '/usr/share/zfs/test-runner/bin'
 /usr/bin/install -c tests/test-runner/bin/test-runner.py tests/test-runner/bin/zts-report.py '/usr/share/zfs/test-runner/bin'
 /usr/bin/mkdir -p '/usr/share/zfs/zfs-tests/bin'
  /bin/sh ./libtool --silent  --mode=install /usr/bin/install -c tests/zfs-tests/cmd/chg_usr_exec tests/zfs-tests/cmd/clonefile tests/zfs-tests/cmd/clone_mmap_cached tests/zfs-tests/cmd/clone_mmap_write tests/zfs-tests/cmd/cp_files tests/zfs-tests/cmd/ctime tests/zfs-tests/cmd/dir_rd_update tests/zfs-tests/cmd/dosmode_readonly_write tests/zfs-tests/cmd/get_diff tests/zfs-tests/cmd/rename_dir tests/zfs-tests/cmd/suid_write_to_file tests/zfs-tests/cmd/truncate_test tests/zfs-tests/cmd/zfs_diff-socket tests/zfs-tests/cmd/badsend tests/zfs-tests/cmd/btree_test tests/zfs-tests/cmd/devname2devid tests/zfs-tests/cmd/draid tests/zfs-tests/cmd/file_append tests/zfs-tests/cmd/file_check tests/zfs-tests/cmd/file_trunc tests/zfs-tests/cmd/file_write tests/zfs-tests/cmd/largest_file tests/zfs-tests/cmd/randwritecomp tests/zfs-tests/cmd/libzfs_input_check tests/zfs-tests/cmd/mkbusy tests/zfs-tests/cmd/mkfile tests/zfs-tests/cmd/mkfiles tests/zfs-tests/cmd/mktree tests/zfs-tests/cmd/mmap_exec tests/zfs-tests/cmd/mmap_seek tests/zfs-tests/cmd/mmap_sync tests/zfs-tests/cmd/mmapwrite tests/zfs-tests/cmd/readmmap tests/zfs-tests/cmd/mmap_libaio tests/zfs-tests/cmd/nvlist_to_lua tests/zfs-tests/cmd/rm_lnkcnt_zero_file tests/zfs-tests/cmd/send_doall tests/zfs-tests/cmd/stride_dd tests/zfs-tests/cmd/threadsappend tests/zfs-tests/cmd/ereports tests/zfs-tests/cmd/edonr_test tests/zfs-tests/cmd/skein_test tests/zfs-tests/cmd/sha2_test tests/zfs-tests/cmd/blake3_test tests/zfs-tests/cmd/getversion tests/zfs-tests/cmd/user_ns_exec tests/zfs-tests/cmd/renameat2 tests/zfs-tests/cmd/xattrtest tests/zfs-tests/cmd/zed_fd_spill-zedlet tests/zfs-tests/cmd/idmap_util tests/zfs-tests/cmd/read_dos_attributes tests/zfs-tests/cmd/write_dos_attributes tests/zfs-tests/cmd/randfree_file tests/zfs-tests/cmd/file_fadvise '/usr/share/zfs/zfs-tests/bin'
 /usr/bin/mkdir -p '/usr/share/zfs/zfs-tests/tests/functional/cp_files'
  /bin/sh ./libtool --silent  --mode=install /usr/bin/install -c tests/zfs-tests/tests/functional/cp_files/seekflood '/usr/share/zfs/zfs-tests/tests/functional/cp_files'
 /usr/bin/mkdir -p '/usr/share/zfs/zfs-tests/tests/functional/hkdf'
  /bin/sh ./libtool --silent  --mode=install /usr/bin/install -c tests/zfs-tests/tests/functional/hkdf/hkdf_test '/usr/share/zfs/zfs-tests/tests/functional/hkdf'
 /usr/bin/mkdir -p '/usr/share/zfs/zfs-tests/tests/functional/libzfs'
  /bin/sh ./libtool --silent  --mode=install /usr/bin/install -c tests/zfs-tests/tests/functional/libzfs/many_fds '/usr/share/zfs/zfs-tests/tests/functional/libzfs'
 /usr/bin/mkdir -p '/usr/share/zfs/zfs-tests/tests/functional/tmpfile'
  /bin/sh ./libtool --silent  --mode=install /usr/bin/install -c tests/zfs-tests/tests/functional/tmpfile/tmpfile_001_pos tests/zfs-tests/tests/functional/tmpfile/tmpfile_002_pos tests/zfs-tests/tests/functional/tmpfile/tmpfile_003_pos tests/zfs-tests/tests/functional/tmpfile/tmpfile_stat_mode tests/zfs-tests/tests/functional/tmpfile/tmpfile_test '/usr/share/zfs/zfs-tests/tests/functional/tmpfile'
 /usr/bin/mkdir -p '/etc/zfs'
 /usr/bin/install -c -m 644 etc/zfs/zfs-functions '/etc/zfs'
 /usr/bin/mkdir -p '/usr/lib/systemd/system-generators'
  /bin/sh ./libtool --silent  --mode=install /usr/bin/install -c etc/systemd/system-generators/zfs-mount-generator '/usr/lib/systemd/system-generators'
 /usr/bin/mkdir -p '/usr/lib/systemd/system'
 /usr/bin/install -c -m 644 etc/systemd/system/zfs-import-cache.service etc/systemd/system/zfs-import-scan.service etc/systemd/system/zfs-import.target etc/systemd/system/zfs-mount.service etc/systemd/system/zfs-scrub-monthly@.timer etc/systemd/system/zfs-scrub-weekly@.timer etc/systemd/system/zfs-scrub@.service etc/systemd/system/zfs-trim-monthly@.timer etc/systemd/system/zfs-trim-weekly@.timer etc/systemd/system/zfs-trim@.service etc/systemd/system/zfs-share.service etc/systemd/system/zfs-volume-wait.service etc/systemd/system/zfs-volumes.target etc/systemd/system/zfs-zed.service etc/systemd/system/zfs.target '/usr/lib/systemd/system'
 /usr/bin/mkdir -p '/lib/udev'
  /bin/sh ./libtool --silent  --mode=install /usr/bin/install -c udev/zvol_id '/lib/udev'
 /usr/bin/mkdir -p '/lib/udev/rules.d'
 /usr/bin/install -c -m 644 udev/rules.d/69-vdev.rules udev/rules.d/60-zvol.rules udev/rules.d/90-zfs.rules '/lib/udev/rules.d'
make  install-data-hook
make[3]: Entering directory '/tmp/openzfs-dodb'
/usr/bin/sed -e '/^export BIN_DIR=/s|$|/usr/bin|' \
	-e '/^export SBIN_DIR=/s|$|/usr/sbin|' \
	-e '/^export LIBEXEC_DIR=/s|$|/usr/libexec/zfs|' \
	-e '/^export ZTS_DIR=/s|$|/usr/share/zfs|' \
	-e '/^export SCRIPT_DIR=/s|$|/usr/share/zfs|' \
	scripts/common.sh.in >/usr/share/zfs/common.sh
/usr/bin/mkdir -p "/etc/zfs/zpool.d"
set -x; for f in dm-deps enc encdev fault_led iostat iostat-1s iostat-10s label locate_led lsblk media model serial ses size slot smart smartx temp health r_proc w_proc r_ucor w_ucor nonmed defect hours_on realloc rep_ucor cmd_to pend_sec off_ucor ata_err nvme_err pwr_cyc upath vendor smart_test test_type test_status test_progress test_ended; do \
  [ -f "/etc/zfs/zpool.d/${f}" ] || \
  [ -L "/etc/zfs/zpool.d/${f}" ] || \
    ln -s "/usr/libexec/zfs/zpool.d/${f}" "/etc/zfs/zpool.d"; \
done
+ for f in dm-deps enc encdev fault_led iostat iostat-1s iostat-10s label locate_led lsblk media model serial ses size slot smart smartx temp health r_proc w_proc r_ucor w_ucor nonmed defect hours_on realloc rep_ucor cmd_to pend_sec off_ucor ata_err nvme_err pwr_cyc upath vendor smart_test test_type test_status test_progress test_ended
+ '[' -f /etc/zfs/zpool.d/dm-deps ']'
+ '[' -L /etc/zfs/zpool.d/dm-deps ']'
+ ln -s /usr/libexec/zfs/zpool.d/dm-deps /etc/zfs/zpool.d
+ for f in dm-deps enc encdev fault_led iostat iostat-1s iostat-10s label locate_led lsblk media model serial ses size slot smart smartx temp health r_proc w_proc r_ucor w_ucor nonmed defect hours_on realloc rep_ucor cmd_to pend_sec off_ucor ata_err nvme_err pwr_cyc upath vendor smart_test test_type test_status test_progress test_ended
+ '[' -f /etc/zfs/zpool.d/enc ']'
+ '[' -L /etc/zfs/zpool.d/enc ']'
+ ln -s /usr/libexec/zfs/zpool.d/enc /etc/zfs/zpool.d
+ for f in dm-deps enc encdev fault_led iostat iostat-1s iostat-10s label locate_led lsblk media model serial ses size slot smart smartx temp health r_proc w_proc r_ucor w_ucor nonmed defect hours_on realloc rep_ucor cmd_to pend_sec off_ucor ata_err nvme_err pwr_cyc upath vendor smart_test test_type test_status test_progress test_ended
+ '[' -f /etc/zfs/zpool.d/encdev ']'
+ '[' -L /etc/zfs/zpool.d/encdev ']'
+ ln -s /usr/libexec/zfs/zpool.d/encdev /etc/zfs/zpool.d
+ for f in dm-deps enc encdev fault_led iostat iostat-1s iostat-10s label locate_led lsblk media model serial ses size slot smart smartx temp health r_proc w_proc r_ucor w_ucor nonmed defect hours_on realloc rep_ucor cmd_to pend_sec off_ucor ata_err nvme_err pwr_cyc upath vendor smart_test test_type test_status test_progress test_ended
+ '[' -f /etc/zfs/zpool.d/fault_led ']'
+ '[' -L /etc/zfs/zpool.d/fault_led ']'
+ ln -s /usr/libexec/zfs/zpool.d/fault_led /etc/zfs/zpool.d
+ for f in dm-deps enc encdev fault_led iostat iostat-1s iostat-10s label locate_led lsblk media model serial ses size slot smart smartx temp health r_proc w_proc r_ucor w_ucor nonmed defect hours_on realloc rep_ucor cmd_to pend_sec off_ucor ata_err nvme_err pwr_cyc upath vendor smart_test test_type test_status test_progress test_ended
+ '[' -f /etc/zfs/zpool.d/iostat ']'
+ '[' -L /etc/zfs/zpool.d/iostat ']'
+ ln -s /usr/libexec/zfs/zpool.d/iostat /etc/zfs/zpool.d
+ for f in dm-deps enc encdev fault_led iostat iostat-1s iostat-10s label locate_led lsblk media model serial ses size slot smart smartx temp health r_proc w_proc r_ucor w_ucor nonmed defect hours_on realloc rep_ucor cmd_to pend_sec off_ucor ata_err nvme_err pwr_cyc upath vendor smart_test test_type test_status test_progress test_ended
+ '[' -f /etc/zfs/zpool.d/iostat-1s ']'
+ '[' -L /etc/zfs/zpool.d/iostat-1s ']'
+ ln -s /usr/libexec/zfs/zpool.d/iostat-1s /etc/zfs/zpool.d
+ for f in dm-deps enc encdev fault_led iostat iostat-1s iostat-10s label locate_led lsblk media model serial ses size slot smart smartx temp health r_proc w_proc r_ucor w_ucor nonmed defect hours_on realloc rep_ucor cmd_to pend_sec off_ucor ata_err nvme_err pwr_cyc upath vendor smart_test test_type test_status test_progress test_ended
+ '[' -f /etc/zfs/zpool.d/iostat-10s ']'
+ '[' -L /etc/zfs/zpool.d/iostat-10s ']'
+ ln -s /usr/libexec/zfs/zpool.d/iostat-10s /etc/zfs/zpool.d
+ for f in dm-deps enc encdev fault_led iostat iostat-1s iostat-10s label locate_led lsblk media model serial ses size slot smart smartx temp health r_proc w_proc r_ucor w_ucor nonmed defect hours_on realloc rep_ucor cmd_to pend_sec off_ucor ata_err nvme_err pwr_cyc upath vendor smart_test test_type test_status test_progress test_ended
+ '[' -f /etc/zfs/zpool.d/label ']'
+ '[' -L /etc/zfs/zpool.d/label ']'
+ ln -s /usr/libexec/zfs/zpool.d/label /etc/zfs/zpool.d
+ for f in dm-deps enc encdev fault_led iostat iostat-1s iostat-10s label locate_led lsblk media model serial ses size slot smart smartx temp health r_proc w_proc r_ucor w_ucor nonmed defect hours_on realloc rep_ucor cmd_to pend_sec off_ucor ata_err nvme_err pwr_cyc upath vendor smart_test test_type test_status test_progress test_ended
+ '[' -f /etc/zfs/zpool.d/locate_led ']'
+ '[' -L /etc/zfs/zpool.d/locate_led ']'
+ ln -s /usr/libexec/zfs/zpool.d/locate_led /etc/zfs/zpool.d
+ for f in dm-deps enc encdev fault_led iostat iostat-1s iostat-10s label locate_led lsblk media model serial ses size slot smart smartx temp health r_proc w_proc r_ucor w_ucor nonmed defect hours_on realloc rep_ucor cmd_to pend_sec off_ucor ata_err nvme_err pwr_cyc upath vendor smart_test test_type test_status test_progress test_ended
+ '[' -f /etc/zfs/zpool.d/lsblk ']'
+ '[' -L /etc/zfs/zpool.d/lsblk ']'
+ ln -s /usr/libexec/zfs/zpool.d/lsblk /etc/zfs/zpool.d
+ for f in dm-deps enc encdev fault_led iostat iostat-1s iostat-10s label locate_led lsblk media model serial ses size slot smart smartx temp health r_proc w_proc r_ucor w_ucor nonmed defect hours_on realloc rep_ucor cmd_to pend_sec off_ucor ata_err nvme_err pwr_cyc upath vendor smart_test test_type test_status test_progress test_ended
+ '[' -f /etc/zfs/zpool.d/media ']'
+ '[' -L /etc/zfs/zpool.d/media ']'
+ ln -s /usr/libexec/zfs/zpool.d/media /etc/zfs/zpool.d
+ for f in dm-deps enc encdev fault_led iostat iostat-1s iostat-10s label locate_led lsblk media model serial ses size slot smart smartx temp health r_proc w_proc r_ucor w_ucor nonmed defect hours_on realloc rep_ucor cmd_to pend_sec off_ucor ata_err nvme_err pwr_cyc upath vendor smart_test test_type test_status test_progress test_ended
+ '[' -f /etc/zfs/zpool.d/model ']'
+ '[' -L /etc/zfs/zpool.d/model ']'
+ ln -s /usr/libexec/zfs/zpool.d/model /etc/zfs/zpool.d
+ for f in dm-deps enc encdev fault_led iostat iostat-1s iostat-10s label locate_led lsblk media model serial ses size slot smart smartx temp health r_proc w_proc r_ucor w_ucor nonmed defect hours_on realloc rep_ucor cmd_to pend_sec off_ucor ata_err nvme_err pwr_cyc upath vendor smart_test test_type test_status test_progress test_ended
+ '[' -f /etc/zfs/zpool.d/serial ']'
+ '[' -L /etc/zfs/zpool.d/serial ']'
+ ln -s /usr/libexec/zfs/zpool.d/serial /etc/zfs/zpool.d
+ for f in dm-deps enc encdev fault_led iostat iostat-1s iostat-10s label locate_led lsblk media model serial ses size slot smart smartx temp health r_proc w_proc r_ucor w_ucor nonmed defect hours_on realloc rep_ucor cmd_to pend_sec off_ucor ata_err nvme_err pwr_cyc upath vendor smart_test test_type test_status test_progress test_ended
+ '[' -f /etc/zfs/zpool.d/ses ']'
+ '[' -L /etc/zfs/zpool.d/ses ']'
+ ln -s /usr/libexec/zfs/zpool.d/ses /etc/zfs/zpool.d
+ for f in dm-deps enc encdev fault_led iostat iostat-1s iostat-10s label locate_led lsblk media model serial ses size slot smart smartx temp health r_proc w_proc r_ucor w_ucor nonmed defect hours_on realloc rep_ucor cmd_to pend_sec off_ucor ata_err nvme_err pwr_cyc upath vendor smart_test test_type test_status test_progress test_ended
+ '[' -f /etc/zfs/zpool.d/size ']'
+ '[' -L /etc/zfs/zpool.d/size ']'
+ ln -s /usr/libexec/zfs/zpool.d/size /etc/zfs/zpool.d
+ for f in dm-deps enc encdev fault_led iostat iostat-1s iostat-10s label locate_led lsblk media model serial ses size slot smart smartx temp health r_proc w_proc r_ucor w_ucor nonmed defect hours_on realloc rep_ucor cmd_to pend_sec off_ucor ata_err nvme_err pwr_cyc upath vendor smart_test test_type test_status test_progress test_ended
+ '[' -f /etc/zfs/zpool.d/slot ']'
+ '[' -L /etc/zfs/zpool.d/slot ']'
+ ln -s /usr/libexec/zfs/zpool.d/slot /etc/zfs/zpool.d
+ for f in dm-deps enc encdev fault_led iostat iostat-1s iostat-10s label locate_led lsblk media model serial ses size slot smart smartx temp health r_proc w_proc r_ucor w_ucor nonmed defect hours_on realloc rep_ucor cmd_to pend_sec off_ucor ata_err nvme_err pwr_cyc upath vendor smart_test test_type test_status test_progress test_ended
+ '[' -f /etc/zfs/zpool.d/smart ']'
+ '[' -L /etc/zfs/zpool.d/smart ']'
+ ln -s /usr/libexec/zfs/zpool.d/smart /etc/zfs/zpool.d
+ for f in dm-deps enc encdev fault_led iostat iostat-1s iostat-10s label locate_led lsblk media model serial ses size slot smart smartx temp health r_proc w_proc r_ucor w_ucor nonmed defect hours_on realloc rep_ucor cmd_to pend_sec off_ucor ata_err nvme_err pwr_cyc upath vendor smart_test test_type test_status test_progress test_ended
+ '[' -f /etc/zfs/zpool.d/smartx ']'
+ '[' -L /etc/zfs/zpool.d/smartx ']'
+ ln -s /usr/libexec/zfs/zpool.d/smartx /etc/zfs/zpool.d
+ for f in dm-deps enc encdev fault_led iostat iostat-1s iostat-10s label locate_led lsblk media model serial ses size slot smart smartx temp health r_proc w_proc r_ucor w_ucor nonmed defect hours_on realloc rep_ucor cmd_to pend_sec off_ucor ata_err nvme_err pwr_cyc upath vendor smart_test test_type test_status test_progress test_ended
+ '[' -f /etc/zfs/zpool.d/temp ']'
+ '[' -L /etc/zfs/zpool.d/temp ']'
+ ln -s /usr/libexec/zfs/zpool.d/temp /etc/zfs/zpool.d
+ for f in dm-deps enc encdev fault_led iostat iostat-1s iostat-10s label locate_led lsblk media model serial ses size slot smart smartx temp health r_proc w_proc r_ucor w_ucor nonmed defect hours_on realloc rep_ucor cmd_to pend_sec off_ucor ata_err nvme_err pwr_cyc upath vendor smart_test test_type test_status test_progress test_ended
set -x; printf '%s\n' "compat-2018		2018" "compat-2019		2019" "compat-2020		2020" "compat-2021		2021" "freebsd-11.0		freebsd-11.1" "freebsd-11.0		freenas-11.0" "freebsd-11.2		freenas-11.2" "freebsd-11.3		freebsd-11.4" "freebsd-11.3		freebsd-12.0" "freebsd-11.3		freebsd-12.1" "freebsd-11.3		freebsd-12.2" "freebsd-11.3		freebsd-12.3" "freebsd-11.3		freebsd-12.4" "grub2-2.12		grub2" "openzfs-2.1-freebsd	freebsd-13.0" "openzfs-2.1-freebsd	freebsd-13.1" "openzfs-2.1-freebsd	freebsd-13.2" "freebsd-11.3		freenas-11.3" "freenas-11.0		freenas-11.1" "openzfsonosx-1.9.3	openzfsonosx-1.9.4" "openzfs-2.0-freebsd	truenas-12.0" "zol-0.7		ubuntu-18.04" "zol-0.8		ubuntu-20.04" "openzfs-2.1-linux	ubuntu-22.04" "openzfs-2.2		openzfs-2.2-linux" "openzfs-2.2		openzfs-2.2-freebsd" | \
while read -r canon alias; do \
	ln -s -f "${canon}" "/usr/share/zfs/compatibility.d/${alias}"; \
done
+ '[' -f /etc/zfs/zpool.d/health ']'
+ '[' -L /etc/zfs/zpool.d/health ']'
+ ln -s /usr/libexec/zfs/zpool.d/health /etc/zfs/zpool.d
+ for f in dm-deps enc encdev fault_led iostat iostat-1s iostat-10s label locate_led lsblk media model serial ses size slot smart smartx temp health r_proc w_proc r_ucor w_ucor nonmed defect hours_on realloc rep_ucor cmd_to pend_sec off_ucor ata_err nvme_err pwr_cyc upath vendor smart_test test_type test_status test_progress test_ended
+ '[' -f /etc/zfs/zpool.d/r_proc ']'
+ '[' -L /etc/zfs/zpool.d/r_proc ']'
+ ln -s /usr/libexec/zfs/zpool.d/r_proc /etc/zfs/zpool.d
+ for f in dm-deps enc encdev fault_led iostat iostat-1s iostat-10s label locate_led lsblk media model serial ses size slot smart smartx temp health r_proc w_proc r_ucor w_ucor nonmed defect hours_on realloc rep_ucor cmd_to pend_sec off_ucor ata_err nvme_err pwr_cyc upath vendor smart_test test_type test_status test_progress test_ended
+ '[' -f /etc/zfs/zpool.d/w_proc ']'
+ '[' -L /etc/zfs/zpool.d/w_proc ']'
+ ln -s /usr/libexec/zfs/zpool.d/w_proc /etc/zfs/zpool.d
+ for f in dm-deps enc encdev fault_led iostat iostat-1s iostat-10s label locate_led lsblk media model serial ses size slot smart smartx temp health r_proc w_proc r_ucor w_ucor nonmed defect hours_on realloc rep_ucor cmd_to pend_sec off_ucor ata_err nvme_err pwr_cyc upath vendor smart_test test_type test_status test_progress test_ended
+ '[' -f /etc/zfs/zpool.d/r_ucor ']'
+ '[' -L /etc/zfs/zpool.d/r_ucor ']'
+ ln -s /usr/libexec/zfs/zpool.d/r_ucor /etc/zfs/zpool.d
+ for f in dm-deps enc encdev fault_led iostat iostat-1s iostat-10s label locate_led lsblk media model serial ses size slot smart smartx temp health r_proc w_proc r_ucor w_ucor nonmed defect hours_on realloc rep_ucor cmd_to pend_sec off_ucor ata_err nvme_err pwr_cyc upath vendor smart_test test_type test_status test_progress test_ended
+ '[' -f /etc/zfs/zpool.d/w_ucor ']'
+ '[' -L /etc/zfs/zpool.d/w_ucor ']'
+ ln -s /usr/libexec/zfs/zpool.d/w_ucor /etc/zfs/zpool.d
+ for f in dm-deps enc encdev fault_led iostat iostat-1s iostat-10s label locate_led lsblk media model serial ses size slot smart smartx temp health r_proc w_proc r_ucor w_ucor nonmed defect hours_on realloc rep_ucor cmd_to pend_sec off_ucor ata_err nvme_err pwr_cyc upath vendor smart_test test_type test_status test_progress test_ended
+ '[' -f /etc/zfs/zpool.d/nonmed ']'
+ '[' -L /etc/zfs/zpool.d/nonmed ']'
+ ln -s /usr/libexec/zfs/zpool.d/nonmed /etc/zfs/zpool.d
+ for f in dm-deps enc encdev fault_led iostat iostat-1s iostat-10s label locate_led lsblk media model serial ses size slot smart smartx temp health r_proc w_proc r_ucor w_ucor nonmed defect hours_on realloc rep_ucor cmd_to pend_sec off_ucor ata_err nvme_err pwr_cyc upath vendor smart_test test_type test_status test_progress test_ended
+ '[' -f /etc/zfs/zpool.d/defect ']'
+ '[' -L /etc/zfs/zpool.d/defect ']'
+ ln -s /usr/libexec/zfs/zpool.d/defect /etc/zfs/zpool.d
+ for f in dm-deps enc encdev fault_led iostat iostat-1s iostat-10s label locate_led lsblk media model serial ses size slot smart smartx temp health r_proc w_proc r_ucor w_ucor nonmed defect hours_on realloc rep_ucor cmd_to pend_sec off_ucor ata_err nvme_err pwr_cyc upath vendor smart_test test_type test_status test_progress test_ended
+ '[' -f /etc/zfs/zpool.d/hours_on ']'
+ '[' -L /etc/zfs/zpool.d/hours_on ']'
+ ln -s /usr/libexec/zfs/zpool.d/hours_on /etc/zfs/zpool.d
+ for f in dm-deps enc encdev fault_led iostat iostat-1s iostat-10s label locate_led lsblk media model serial ses size slot smart smartx temp health r_proc w_proc r_ucor w_ucor nonmed defect hours_on realloc rep_ucor cmd_to pend_sec off_ucor ata_err nvme_err pwr_cyc upath vendor smart_test test_type test_status test_progress test_ended
+ '[' -f /etc/zfs/zpool.d/realloc ']'
+ '[' -L /etc/zfs/zpool.d/realloc ']'
+ ln -s /usr/libexec/zfs/zpool.d/realloc /etc/zfs/zpool.d
+ for f in dm-deps enc encdev fault_led iostat iostat-1s iostat-10s label locate_led lsblk media model serial ses size slot smart smartx temp health r_proc w_proc r_ucor w_ucor nonmed defect hours_on realloc rep_ucor cmd_to pend_sec off_ucor ata_err nvme_err pwr_cyc upath vendor smart_test test_type test_status test_progress test_ended
+ '[' -f /etc/zfs/zpool.d/rep_ucor ']'
+ '[' -L /etc/zfs/zpool.d/rep_ucor ']'
+ ln -s /usr/libexec/zfs/zpool.d/rep_ucor /etc/zfs/zpool.d
+ for f in dm-deps enc encdev fault_led iostat iostat-1s iostat-10s label locate_led lsblk media model serial ses size slot smart smartx temp health r_proc w_proc r_ucor w_ucor nonmed defect hours_on realloc rep_ucor cmd_to pend_sec off_ucor ata_err nvme_err pwr_cyc upath vendor smart_test test_type test_status test_progress test_ended
+ '[' -f /etc/zfs/zpool.d/cmd_to ']'
+ '[' -L /etc/zfs/zpool.d/cmd_to ']'
+ ln -s /usr/libexec/zfs/zpool.d/cmd_to /etc/zfs/zpool.d
+ for f in dm-deps enc encdev fault_led iostat iostat-1s iostat-10s label locate_led lsblk media model serial ses size slot smart smartx temp health r_proc w_proc r_ucor w_ucor nonmed defect hours_on realloc rep_ucor cmd_to pend_sec off_ucor ata_err nvme_err pwr_cyc upath vendor smart_test test_type test_status test_progress test_ended
+ '[' -f /etc/zfs/zpool.d/pend_sec ']'
+ '[' -L /etc/zfs/zpool.d/pend_sec ']'
+ ln -s /usr/libexec/zfs/zpool.d/pend_sec /etc/zfs/zpool.d
+ for f in dm-deps enc encdev fault_led iostat iostat-1s iostat-10s label locate_led lsblk media model serial ses size slot smart smartx temp health r_proc w_proc r_ucor w_ucor nonmed defect hours_on realloc rep_ucor cmd_to pend_sec off_ucor ata_err nvme_err pwr_cyc upath vendor smart_test test_type test_status test_progress test_ended
+ '[' -f /etc/zfs/zpool.d/off_ucor ']'
+ '[' -L /etc/zfs/zpool.d/off_ucor ']'
+ ln -s /usr/libexec/zfs/zpool.d/off_ucor /etc/zfs/zpool.d
+ for f in dm-deps enc encdev fault_led iostat iostat-1s iostat-10s label locate_led lsblk media model serial ses size slot smart smartx temp health r_proc w_proc r_ucor w_ucor nonmed defect hours_on realloc rep_ucor cmd_to pend_sec off_ucor ata_err nvme_err pwr_cyc upath vendor smart_test test_type test_status test_progress test_ended
+ '[' -f /etc/zfs/zpool.d/ata_err ']'
+ '[' -L /etc/zfs/zpool.d/ata_err ']'
+ ln -s /usr/libexec/zfs/zpool.d/ata_err /etc/zfs/zpool.d
+ for f in dm-deps enc encdev fault_led iostat iostat-1s iostat-10s label locate_led lsblk media model serial ses size slot smart smartx temp health r_proc w_proc r_ucor w_ucor nonmed defect hours_on realloc rep_ucor cmd_to pend_sec off_ucor ata_err nvme_err pwr_cyc upath vendor smart_test test_type test_status test_progress test_ended
+ '[' -f /etc/zfs/zpool.d/nvme_err ']'
+ '[' -L /etc/zfs/zpool.d/nvme_err ']'
+ ln -s /usr/libexec/zfs/zpool.d/nvme_err /etc/zfs/zpool.d
+ for f in dm-deps enc encdev fault_led iostat iostat-1s iostat-10s label locate_led lsblk media model serial ses size slot smart smartx temp health r_proc w_proc r_ucor w_ucor nonmed defect hours_on realloc rep_ucor cmd_to pend_sec off_ucor ata_err nvme_err pwr_cyc upath vendor smart_test test_type test_status test_progress test_ended
+ '[' -f /etc/zfs/zpool.d/pwr_cyc ']'
+ '[' -L /etc/zfs/zpool.d/pwr_cyc ']'
+ ln -s /usr/libexec/zfs/zpool.d/pwr_cyc /etc/zfs/zpool.d
+ for f in dm-deps enc encdev fault_led iostat iostat-1s iostat-10s label locate_led lsblk media model serial ses size slot smart smartx temp health r_proc w_proc r_ucor w_ucor nonmed defect hours_on realloc rep_ucor cmd_to pend_sec off_ucor ata_err nvme_err pwr_cyc upath vendor smart_test test_type test_status test_progress test_ended
+ '[' -f /etc/zfs/zpool.d/upath ']'
+ '[' -L /etc/zfs/zpool.d/upath ']'
+ ln -s /usr/libexec/zfs/zpool.d/upath /etc/zfs/zpool.d
+ for f in dm-deps enc encdev fault_led iostat iostat-1s iostat-10s label locate_led lsblk media model serial ses size slot smart smartx temp health r_proc w_proc r_ucor w_ucor nonmed defect hours_on realloc rep_ucor cmd_to pend_sec off_ucor ata_err nvme_err pwr_cyc upath vendor smart_test test_type test_status test_progress test_ended
+ '[' -f /etc/zfs/zpool.d/vendor ']'
+ '[' -L /etc/zfs/zpool.d/vendor ']'
+ ln -s /usr/libexec/zfs/zpool.d/vendor /etc/zfs/zpool.d
+ for f in dm-deps enc encdev fault_led iostat iostat-1s iostat-10s label locate_led lsblk media model serial ses size slot smart smartx temp health r_proc w_proc r_ucor w_ucor nonmed defect hours_on realloc rep_ucor cmd_to pend_sec off_ucor ata_err nvme_err pwr_cyc upath vendor smart_test test_type test_status test_progress test_ended
+ '[' -f /etc/zfs/zpool.d/smart_test ']'
+ '[' -L /etc/zfs/zpool.d/smart_test ']'
+ ln -s /usr/libexec/zfs/zpool.d/smart_test /etc/zfs/zpool.d
+ for f in dm-deps enc encdev fault_led iostat iostat-1s iostat-10s label locate_led lsblk media model serial ses size slot smart smartx temp health r_proc w_proc r_ucor w_ucor nonmed defect hours_on realloc rep_ucor cmd_to pend_sec off_ucor ata_err nvme_err pwr_cyc upath vendor smart_test test_type test_status test_progress test_ended
+ '[' -f /etc/zfs/zpool.d/test_type ']'
+ '[' -L /etc/zfs/zpool.d/test_type ']'
+ ln -s /usr/libexec/zfs/zpool.d/test_type /etc/zfs/zpool.d
+ for f in dm-deps enc encdev fault_led iostat iostat-1s iostat-10s label locate_led lsblk media model serial ses size slot smart smartx temp health r_proc w_proc r_ucor w_ucor nonmed defect hours_on realloc rep_ucor cmd_to pend_sec off_ucor ata_err nvme_err pwr_cyc upath vendor smart_test test_type test_status test_progress test_ended
+ '[' -f /etc/zfs/zpool.d/test_status ']'
+ '[' -L /etc/zfs/zpool.d/test_status ']'
+ ln -s /usr/libexec/zfs/zpool.d/test_status /etc/zfs/zpool.d
+ for f in dm-deps enc encdev fault_led iostat iostat-1s iostat-10s label locate_led lsblk media model serial ses size slot smart smartx temp health r_proc w_proc r_ucor w_ucor nonmed defect hours_on realloc rep_ucor cmd_to pend_sec off_ucor ata_err nvme_err pwr_cyc upath vendor smart_test test_type test_status test_progress test_ended
+ '[' -f /etc/zfs/zpool.d/test_progress ']'
+ '[' -L /etc/zfs/zpool.d/test_progress ']'
+ ln -s /usr/libexec/zfs/zpool.d/test_progress /etc/zfs/zpool.d
+ for f in dm-deps enc encdev fault_led iostat iostat-1s iostat-10s label locate_led lsblk media model serial ses size slot smart smartx temp health r_proc w_proc r_ucor w_ucor nonmed defect hours_on realloc rep_ucor cmd_to pend_sec off_ucor ata_err nvme_err pwr_cyc upath vendor smart_test test_type test_status test_progress test_ended
+ '[' -f /etc/zfs/zpool.d/test_ended ']'
+ '[' -L /etc/zfs/zpool.d/test_ended ']'
+ ln -s /usr/libexec/zfs/zpool.d/test_ended /etc/zfs/zpool.d
+ printf '%s\n' 'compat-2018		2018' 'compat-2019		2019' 'compat-2020		2020' 'compat-2021		2021' 'freebsd-11.0		freebsd-11.1' 'freebsd-11.0		freenas-11.0' 'freebsd-11.2		freenas-11.2' 'freebsd-11.3		freebsd-11.4' 'freebsd-11.3		freebsd-12.0' 'freebsd-11.3		freebsd-12.1' 'freebsd-11.3		freebsd-12.2' 'freebsd-11.3		freebsd-12.3' 'freebsd-11.3		freebsd-12.4' 'grub2-2.12		grub2' 'openzfs-2.1-freebsd	freebsd-13.0' 'openzfs-2.1-freebsd	freebsd-13.1' 'openzfs-2.1-freebsd	freebsd-13.2' 'freebsd-11.3		freenas-11.3' 'freenas-11.0		freenas-11.1' 'openzfsonosx-1.9.3	openzfsonosx-1.9.4' 'openzfs-2.0-freebsd	truenas-12.0' 'zol-0.7		ubuntu-18.04' 'zol-0.8		ubuntu-20.04' 'openzfs-2.1-linux	ubuntu-22.04' 'openzfs-2.2		openzfs-2.2-linux' 'openzfs-2.2		openzfs-2.2-freebsd'
+ read -r canon alias
+ ln -s -f compat-2018 /usr/share/zfs/compatibility.d/2018
+ read -r canon alias
+ ln -s -f compat-2019 /usr/share/zfs/compatibility.d/2019
+ read -r canon alias
+ ln -s -f compat-2020 /usr/share/zfs/compatibility.d/2020
+ read -r canon alias
+ ln -s -f compat-2021 /usr/share/zfs/compatibility.d/2021
+ read -r canon alias
+ ln -s -f freebsd-11.0 /usr/share/zfs/compatibility.d/freebsd-11.1
+ read -r canon alias
+ ln -s -f freebsd-11.0 /usr/share/zfs/compatibility.d/freenas-11.0
+ read -r canon alias
+ ln -s -f freebsd-11.2 /usr/share/zfs/compatibility.d/freenas-11.2
+ read -r canon alias
+ ln -s -f freebsd-11.3 /usr/share/zfs/compatibility.d/freebsd-11.4
+ read -r canon alias
+ ln -s -f freebsd-11.3 /usr/share/zfs/compatibility.d/freebsd-12.0
+ read -r canon alias
+ ln -s -f freebsd-11.3 /usr/share/zfs/compatibility.d/freebsd-12.1
+ read -r canon alias
+ ln -s -f freebsd-11.3 /usr/share/zfs/compatibility.d/freebsd-12.2
+ read -r canon alias
+ ln -s -f freebsd-11.3 /usr/share/zfs/compatibility.d/freebsd-12.3
+ read -r canon alias
+ ln -s -f freebsd-11.3 /usr/share/zfs/compatibility.d/freebsd-12.4
+ read -r canon alias
+ ln -s -f grub2-2.12 /usr/share/zfs/compatibility.d/grub2
+ read -r canon alias
+ ln -s -f openzfs-2.1-freebsd /usr/share/zfs/compatibility.d/freebsd-13.0
+ read -r canon alias
+ ln -s -f openzfs-2.1-freebsd /usr/share/zfs/compatibility.d/freebsd-13.1
+ read -r canon alias
+ ln -s -f openzfs-2.1-freebsd /usr/share/zfs/compatibility.d/freebsd-13.2
+ read -r canon alias
+ ln -s -f freebsd-11.3 /usr/share/zfs/compatibility.d/freenas-11.3
+ read -r canon alias
+ ln -s -f freenas-11.0 /usr/share/zfs/compatibility.d/freenas-11.1
+ read -r canon alias
+ ln -s -f openzfsonosx-1.9.3 /usr/share/zfs/compatibility.d/openzfsonosx-1.9.4
+ read -r canon alias
/usr/bin/mkdir -p "/etc/zfs/zed.d"
set -x; for f in all-syslog.sh data-notify.sh deadman-slot_off.sh history_event-zfs-list-cacher.sh pool_import-led.sh resilver_finish-notify.sh resilver_finish-start-scrub.sh scrub_finish-notify.sh statechange-led.sh statechange-notify.sh statechange-slot_off.sh vdev_attach-led.sh vdev_clear-led.sh; do \
  [ -f "/etc/zfs/zed.d/${f}" ] ||\
    [ -L "/etc/zfs/zed.d/${f}" ] || \
    ln -s "/usr/libexec/zfs/zed.d/${f}" "/etc/zfs/zed.d"; \
done
+ ln -s -f openzfs-2.0-freebsd /usr/share/zfs/compatibility.d/truenas-12.0
+ read -r canon alias
+ ln -s -f zol-0.7 /usr/share/zfs/compatibility.d/ubuntu-18.04
+ read -r canon alias
+ ln -s -f zol-0.8 /usr/share/zfs/compatibility.d/ubuntu-20.04
+ read -r canon alias
+ ln -s -f openzfs-2.1-linux /usr/share/zfs/compatibility.d/ubuntu-22.04
+ read -r canon alias
+ ln -s -f openzfs-2.2 /usr/share/zfs/compatibility.d/openzfs-2.2-linux
+ read -r canon alias
+ ln -s -f openzfs-2.2 /usr/share/zfs/compatibility.d/openzfs-2.2-freebsd
+ read -r canon alias
+ for f in all-syslog.sh data-notify.sh deadman-slot_off.sh history_event-zfs-list-cacher.sh pool_import-led.sh resilver_finish-notify.sh resilver_finish-start-scrub.sh scrub_finish-notify.sh statechange-led.sh statechange-notify.sh statechange-slot_off.sh vdev_attach-led.sh vdev_clear-led.sh
+ '[' -f /etc/zfs/zed.d/all-syslog.sh ']'
+ '[' -L /etc/zfs/zed.d/all-syslog.sh ']'
+ ln -s /usr/libexec/zfs/zed.d/all-syslog.sh /etc/zfs/zed.d
+ for f in all-syslog.sh data-notify.sh deadman-slot_off.sh history_event-zfs-list-cacher.sh pool_import-led.sh resilver_finish-notify.sh resilver_finish-start-scrub.sh scrub_finish-notify.sh statechange-led.sh statechange-notify.sh statechange-slot_off.sh vdev_attach-led.sh vdev_clear-led.sh
+ '[' -f /etc/zfs/zed.d/data-notify.sh ']'
+ '[' -L /etc/zfs/zed.d/data-notify.sh ']'
+ ln -s /usr/libexec/zfs/zed.d/data-notify.sh /etc/zfs/zed.d
+ for f in all-syslog.sh data-notify.sh deadman-slot_off.sh history_event-zfs-list-cacher.sh pool_import-led.sh resilver_finish-notify.sh resilver_finish-start-scrub.sh scrub_finish-notify.sh statechange-led.sh statechange-notify.sh statechange-slot_off.sh vdev_attach-led.sh vdev_clear-led.sh
+ '[' -f /etc/zfs/zed.d/deadman-slot_off.sh ']'
+ '[' -L /etc/zfs/zed.d/deadman-slot_off.sh ']'
+ ln -s /usr/libexec/zfs/zed.d/deadman-slot_off.sh /etc/zfs/zed.d
+ for f in all-syslog.sh data-notify.sh deadman-slot_off.sh history_event-zfs-list-cacher.sh pool_import-led.sh resilver_finish-notify.sh resilver_finish-start-scrub.sh scrub_finish-notify.sh statechange-led.sh statechange-notify.sh statechange-slot_off.sh vdev_attach-led.sh vdev_clear-led.sh
+ '[' -f /etc/zfs/zed.d/history_event-zfs-list-cacher.sh ']'
+ '[' -L /etc/zfs/zed.d/history_event-zfs-list-cacher.sh ']'
+ ln -s /usr/libexec/zfs/zed.d/history_event-zfs-list-cacher.sh /etc/zfs/zed.d
+ for f in all-syslog.sh data-notify.sh deadman-slot_off.sh history_event-zfs-list-cacher.sh pool_import-led.sh resilver_finish-notify.sh resilver_finish-start-scrub.sh scrub_finish-notify.sh statechange-led.sh statechange-notify.sh statechange-slot_off.sh vdev_attach-led.sh vdev_clear-led.sh
+ '[' -f /etc/zfs/zed.d/pool_import-led.sh ']'
+ '[' -L /etc/zfs/zed.d/pool_import-led.sh ']'
+ ln -s /usr/libexec/zfs/zed.d/pool_import-led.sh /etc/zfs/zed.d
+ for f in all-syslog.sh data-notify.sh deadman-slot_off.sh history_event-zfs-list-cacher.sh pool_import-led.sh resilver_finish-notify.sh resilver_finish-start-scrub.sh scrub_finish-notify.sh statechange-led.sh statechange-notify.sh statechange-slot_off.sh vdev_attach-led.sh vdev_clear-led.sh
+ '[' -f /etc/zfs/zed.d/resilver_finish-notify.sh ']'
+ '[' -L /etc/zfs/zed.d/resilver_finish-notify.sh ']'
+ ln -s /usr/libexec/zfs/zed.d/resilver_finish-notify.sh /etc/zfs/zed.d
+ for f in all-syslog.sh data-notify.sh deadman-slot_off.sh history_event-zfs-list-cacher.sh pool_import-led.sh resilver_finish-notify.sh resilver_finish-start-scrub.sh scrub_finish-notify.sh statechange-led.sh statechange-notify.sh statechange-slot_off.sh vdev_attach-led.sh vdev_clear-led.sh
+ '[' -f /etc/zfs/zed.d/resilver_finish-start-scrub.sh ']'
+ '[' -L /etc/zfs/zed.d/resilver_finish-start-scrub.sh ']'
+ ln -s /usr/libexec/zfs/zed.d/resilver_finish-start-scrub.sh /etc/zfs/zed.d
/usr/bin/mkdir -p "/usr/lib/systemd/system"
ln -sf /dev/null "/usr/lib/systemd/system/zfs-import.service"
ln -sf /dev/null "/usr/lib/systemd/system/zfs-load-key.service"
cd /usr/share/man && /usr/bin/sed --in-place 's/^\.Os$/.Os OpenZFS/' man1/arcstat.1 man1/raidz_test.1 man1/test-runner.1 man1/zhack.1 man1/ztest.1 man1/zvol_wait.1 man5/vdev_id.conf.5 man4/spl.4 man4/zfs.4 man7/dracut.zfs.7 man7/vdevprops.7 man7/zfsconcepts.7 man7/zfsprops.7 man7/zpool-features.7 man7/zpoolconcepts.7 man7/zpoolprops.7 man8/fsck.zfs.8 man8/mount.zfs.8 man8/vdev_id.8 man8/zdb.8 man8/zfs.8 man8/zfs-allow.8 man8/zfs-bookmark.8 man8/zfs-change-key.8 man8/zfs-clone.8 man8/zfs-create.8 man8/zfs-destroy.8 man8/zfs-diff.8 man8/zfs-get.8 man8/zfs-groupspace.8 man8/zfs-hold.8 man8/zfs-inherit.8 man8/zfs-list.8 man8/zfs-load-key.8 man8/zfs-mount.8 man8/zfs-program.8 man8/zfs-project.8 man8/zfs-projectspace.8 man8/zfs-promote.8 man8/zfs-receive.8 man8/zfs-recv.8 man8/zfs-redact.8 man8/zfs-release.8 man8/zfs-rename.8 man8/zfs-rollback.8 man8/zfs-send.8 man8/zfs-set.8 man8/zfs-share.8 man8/zfs-snapshot.8 man8/zfs-unallow.8 man8/zfs-unload-key.8 man8/zfs-unmount.8 man8/zfs-upgrade.8 man8/zfs-userspace.8 man8/zfs-wait.8 man8/zfs_ids_to_path.8 man8/zgenhostid.8 man8/zinject.8 man8/zpool.8 man8/zpool-add.8 man8/zpool-attach.8 man8/zpool-checkpoint.8 man8/zpool-clear.8 man8/zpool-create.8 man8/zpool-destroy.8 man8/zpool-detach.8 man8/zpool-events.8 man8/zpool-export.8 man8/zpool-get.8 man8/zpool-history.8 man8/zpool-import.8 man8/zpool-initialize.8 man8/zpool-iostat.8 man8/zpool-labelclear.8 man8/zpool-list.8 man8/zpool-offline.8 man8/zpool-online.8 man8/zpool-reguid.8 man8/zpool-remove.8 man8/zpool-reopen.8 man8/zpool-replace.8 man8/zpool-resilver.8 man8/zpool-scrub.8 man8/zpool-set.8 man8/zpool-split.8 man8/zpool-status.8 man8/zpool-sync.8 man8/zpool-trim.8 man8/zpool-upgrade.8 man8/zpool-wait.8 man8/zstream.8 man8/zstreamdump.8 man8/zpool_influxdb.8  man8/zfs-unzone.8 man8/zfs-zone.8 man8/zed.8 man8/zfs-mount-generator.8 man8/zfs_prepare_disk.8
+ for f in all-syslog.sh data-notify.sh deadman-slot_off.sh history_event-zfs-list-cacher.sh pool_import-led.sh resilver_finish-notify.sh resilver_finish-start-scrub.sh scrub_finish-notify.sh statechange-led.sh statechange-notify.sh statechange-slot_off.sh vdev_attach-led.sh vdev_clear-led.sh
+ '[' -f /etc/zfs/zed.d/scrub_finish-notify.sh ']'
+ '[' -L /etc/zfs/zed.d/scrub_finish-notify.sh ']'
+ ln -s /usr/libexec/zfs/zed.d/scrub_finish-notify.sh /etc/zfs/zed.d
+ for f in all-syslog.sh data-notify.sh deadman-slot_off.sh history_event-zfs-list-cacher.sh pool_import-led.sh resilver_finish-notify.sh resilver_finish-start-scrub.sh scrub_finish-notify.sh statechange-led.sh statechange-notify.sh statechange-slot_off.sh vdev_attach-led.sh vdev_clear-led.sh
+ '[' -f /etc/zfs/zed.d/statechange-led.sh ']'
+ '[' -L /etc/zfs/zed.d/statechange-led.sh ']'
+ ln -s /usr/libexec/zfs/zed.d/statechange-led.sh /etc/zfs/zed.d
+ for f in all-syslog.sh data-notify.sh deadman-slot_off.sh history_event-zfs-list-cacher.sh pool_import-led.sh resilver_finish-notify.sh resilver_finish-start-scrub.sh scrub_finish-notify.sh statechange-led.sh statechange-notify.sh statechange-slot_off.sh vdev_attach-led.sh vdev_clear-led.sh
+ '[' -f /etc/zfs/zed.d/statechange-notify.sh ']'
+ '[' -L /etc/zfs/zed.d/statechange-notify.sh ']'
+ ln -s /usr/libexec/zfs/zed.d/statechange-notify.sh /etc/zfs/zed.d
+ for f in all-syslog.sh data-notify.sh deadman-slot_off.sh history_event-zfs-list-cacher.sh pool_import-led.sh resilver_finish-notify.sh resilver_finish-start-scrub.sh scrub_finish-notify.sh statechange-led.sh statechange-notify.sh statechange-slot_off.sh vdev_attach-led.sh vdev_clear-led.sh
+ '[' -f /etc/zfs/zed.d/statechange-slot_off.sh ']'
+ '[' -L /etc/zfs/zed.d/statechange-slot_off.sh ']'
+ ln -s /usr/libexec/zfs/zed.d/statechange-slot_off.sh /etc/zfs/zed.d
+ for f in all-syslog.sh data-notify.sh deadman-slot_off.sh history_event-zfs-list-cacher.sh pool_import-led.sh resilver_finish-notify.sh resilver_finish-start-scrub.sh scrub_finish-notify.sh statechange-led.sh statechange-notify.sh statechange-slot_off.sh vdev_attach-led.sh vdev_clear-led.sh
+ '[' -f /etc/zfs/zed.d/vdev_attach-led.sh ']'
+ '[' -L /etc/zfs/zed.d/vdev_attach-led.sh ']'
+ ln -s /usr/libexec/zfs/zed.d/vdev_attach-led.sh /etc/zfs/zed.d
+ for f in all-syslog.sh data-notify.sh deadman-slot_off.sh history_event-zfs-list-cacher.sh pool_import-led.sh resilver_finish-notify.sh resilver_finish-start-scrub.sh scrub_finish-notify.sh statechange-led.sh statechange-notify.sh statechange-slot_off.sh vdev_attach-led.sh vdev_clear-led.sh
+ '[' -f /etc/zfs/zed.d/vdev_clear-led.sh ']'
+ '[' -L /etc/zfs/zed.d/vdev_clear-led.sh ']'
+ ln -s /usr/libexec/zfs/zed.d/vdev_clear-led.sh /etc/zfs/zed.d
make[3]: Leaving directory '/tmp/openzfs-dodb'
make[2]: Leaving directory '/tmp/openzfs-dodb'
make[1]: Leaving directory '/tmp/openzfs-dodb'
zfs-2.2.11-1
zfs-kmod-2.2.11-1
filename:       /lib/modules/6.12.0-206.104.4.4.el9uek.aarch64/extra/zfs.ko
version:        2.2.11-1
license:        CDDL
license:        Dual BSD/GPL
license:        Dual MIT/GPL
author:         OpenZFS
description:    ZFS
alias:          zzstd
alias:          zcommon
alias:          zunicode
alias:          znvpair
alias:          zlua
alias:          icp
alias:          zavl
alias:          devname:zfs
alias:          char-major-10-249
srcversion:     0E86A937ADF8AC94E0C7F33
depends:        spl
name:           zfs
vermagic:       6.12.0-206.104.4.4.el9uek.aarch64 SMP mod_unload modversions aarch64
parm:           zvol_inhibit_dev:Do not create zvol device nodes (uint)
parm:           zvol_major:Major number for zvol device (uint)
parm:           zvol_threads:Number of threads to handle I/O requests. Setto 0 to use all active CPUs (uint)
parm:           zvol_request_sync:Synchronously handle bio requests (uint)
parm:           zvol_max_discard_blocks:Max number of blocks to discard (ulong)
parm:           zvol_num_taskqs:Number of zvol taskqs (uint)
parm:           zvol_prefetch_bytes:Prefetch N bytes at zvol start+end (uint)
parm:           zvol_volmode:Default volmode property value (uint)
parm:           zvol_blk_mq_queue_depth:Default blk-mq queue depth (uint)
parm:           zvol_use_blk_mq:Use the blk-mq API for zvols (uint)
parm:           zvol_blk_mq_blocks_per_thread:Process volblocksize blocks per thread (uint)
parm:           zvol_open_timeout_ms:Timeout for ZVOL open retries (uint)
parm:           zfs_xattr_compat:Use legacy ZFS xattr naming for writing new user namespace xattrs
parm:           zfs_fallocate_reserve_percent:Percentage of length to use for the available capacity check (uint)
parm:           zfs_key_max_salt_uses:Max number of times a salt value can be used for generating encryption keys before it is rotated (ulong)
parm:           zfs_object_mutex_size:Size of znode hold array (uint)
parm:           zfs_unlink_suspend_progress:Set to prevent async unlinks (debug - leaks space into the unlinked set) (int)
parm:           zfs_delete_blocks:Delete files larger than N blocks async (ulong)
parm:           zfs_dbgmsg_enable:Enable ZFS debug message log (int)
parm:           zfs_dbgmsg_maxsize:Maximum ZFS debug log size (uint)
parm:           zfs_admin_snapshot:Enable mkdir/rmdir/mv in .zfs/snapshot (int)
parm:           zfs_expire_snapshot:Seconds to expire .zfs/snapshot (int)
parm:           vdev_file_logical_ashift:Logical ashift for file-based devices
parm:           vdev_file_physical_ashift:Physical ashift for file-based devices
parm:           zfs_vdev_scheduler:I/O scheduler
parm:           zfs_vdev_open_timeout_ms:Timeout before determining that a device is missing
parm:           zfs_vdev_failfast_mask:Defines failfast mask: 1 - device, 2 - transport, 4 - driver
parm:           zfs_vdev_disk_max_segs:Maximum number of data segments to add to an IO request (min 4)
parm:           zfs_vdev_disk_classic:Use classic BIO submission method
parm:           zfs_arc_shrinker_limit:Limit on number of pages that ARC shrinker can reclaim at once
parm:           zfs_arc_shrinker_seeks:Relative cost of ARC eviction vs other kernel subsystems
parm:           zfs_abd_scatter_enabled:Toggle whether ABD allocations must be linear. (int)
parm:           zfs_abd_scatter_min_size:Minimum size of scatter allocations. (int)
parm:           zfs_abd_scatter_max_order:Maximum order allocation used for a scatter ABD. (uint)
parm:           zio_slow_io_ms:Max I/O completion time (milliseconds) before marking it as slow
parm:           zio_requeue_io_start_cut_in_line:Prioritize requeued I/O
parm:           zfs_sync_pass_deferred_free:Defer frees starting in this pass
parm:           zfs_sync_pass_dont_compress:Don't compress starting in this pass
parm:           zfs_sync_pass_rewrite:Rewrite new bps starting in this pass
parm:           zio_dva_throttle_enabled:Throttle block allocations in the ZIO pipeline
parm:           zio_deadman_log_all:Log all slow ZIOs, not just those with vdevs
parm:           zfs_commit_timeout_pct:ZIL block open timeout percentage
parm:           zil_replay_disable:Disable intent logging replay
parm:           zil_nocacheflush:Disable ZIL cache flushes
parm:           zil_slog_bulk:Limit in bytes slog sync writes per commit
parm:           zil_maxblocksize:Limit in bytes of ZIL log block size
parm:           zil_maxcopied:Limit in bytes WR_COPIED size
parm:           zfs_vnops_read_chunk_size:Bytes to read per chunk
parm:           zfs_bclone_enabled:Enable block cloning
parm:           zfs_bclone_wait_dirty:Wait for dirty blocks when cloning
parm:           zfs_zil_saxattr:Disable xattr=sa extended attribute logging in ZIL by settng 0.
parm:           zfs_immediate_write_sz:Largest data block to write to zil
parm:           zfs_max_nvlist_src_size:Maximum size in bytes allowed for src nvlist passed with ZFS ioctls
parm:           zfs_history_output_max:Maximum size in bytes of ZFS ioctl output that will be logged
parm:           zfs_zevent_retain_max:Maximum recent zevents records to retain for duplicate checking
parm:           zfs_zevent_retain_expire_secs:Expiration time for recent zevents records
parm:           zfs_lua_max_instrlimit:Max instruction limit that can be specified for a channel program
parm:           zfs_lua_max_memlimit:Max memory limit that can be specified for a channel program
parm:           zap_micro_max_size:Maximum micro ZAP size, before converting to a fat ZAP, in bytes
parm:           zap_iterate_prefetch:When iterating ZAP object, prefetch it
parm:           zfs_trim_extent_bytes_max:Max size of TRIM commands, larger will be split
parm:           zfs_trim_extent_bytes_min:Min size of TRIM commands, smaller will be skipped
parm:           zfs_trim_metaslab_skip:Skip metaslabs which have never been initialized
parm:           zfs_trim_txg_batch:Min number of txgs to aggregate frees before issuing TRIM
parm:           zfs_trim_queue_limit:Max queued TRIMs outstanding per leaf vdev
parm:           zfs_removal_ignore_errors:Ignore hard IO errors when removing device
parm:           zfs_remove_max_segment:Largest contiguous segment to allocate when removing device
parm:           vdev_removal_max_span:Largest span of free chunks a remap segment can span
parm:           zfs_removal_suspend_progress:Pause device removal after this many bytes are copied (debug use only - causes removal to hang)
parm:           zfs_rebuild_max_segment:Max segment size in bytes of rebuild reads
parm:           zfs_rebuild_vdev_limit:Max bytes in flight per leaf vdev for sequential resilvers
parm:           zfs_rebuild_scrub_enabled:Automatically scrub after sequential resilver completes
parm:           zfs_vdev_raidz_impl:Select raidz implementation.
parm:           zfs_vdev_aggregation_limit:Max vdev I/O aggregation size
parm:           zfs_vdev_aggregation_limit_non_rotating:Max vdev I/O aggregation size for non-rotating media
parm:           zfs_vdev_read_gap_limit:Aggregate read I/O over gap
parm:           zfs_vdev_write_gap_limit:Aggregate write I/O over gap
parm:           zfs_vdev_max_active:Maximum number of active I/Os per vdev
parm:           zfs_vdev_async_write_active_max_dirty_percent:Async write concurrency max threshold
parm:           zfs_vdev_async_write_active_min_dirty_percent:Async write concurrency min threshold
parm:           zfs_vdev_async_read_max_active:Max active async read I/Os per vdev
parm:           zfs_vdev_async_read_min_active:Min active async read I/Os per vdev
parm:           zfs_vdev_async_write_max_active:Max active async write I/Os per vdev
parm:           zfs_vdev_async_write_min_active:Min active async write I/Os per vdev
parm:           zfs_vdev_initializing_max_active:Max active initializing I/Os per vdev
parm:           zfs_vdev_initializing_min_active:Min active initializing I/Os per vdev
parm:           zfs_vdev_removal_max_active:Max active removal I/Os per vdev
parm:           zfs_vdev_removal_min_active:Min active removal I/Os per vdev
parm:           zfs_vdev_scrub_max_active:Max active scrub I/Os per vdev
parm:           zfs_vdev_scrub_min_active:Min active scrub I/Os per vdev
parm:           zfs_vdev_sync_read_max_active:Max active sync read I/Os per vdev
parm:           zfs_vdev_sync_read_min_active:Min active sync read I/Os per vdev
parm:           zfs_vdev_sync_write_max_active:Max active sync write I/Os per vdev
parm:           zfs_vdev_sync_write_min_active:Min active sync write I/Os per vdev
parm:           zfs_vdev_trim_max_active:Max active trim/discard I/Os per vdev
parm:           zfs_vdev_trim_min_active:Min active trim/discard I/Os per vdev
parm:           zfs_vdev_rebuild_max_active:Max active rebuild I/Os per vdev
parm:           zfs_vdev_rebuild_min_active:Min active rebuild I/Os per vdev
parm:           zfs_vdev_nia_credit:Number of non-interactive I/Os to allow in sequence
parm:           zfs_vdev_nia_delay:Number of non-interactive I/Os before _max_active
parm:           zfs_vdev_queue_depth_pct:Queue depth percentage for each top-level vdev
parm:           zfs_vdev_def_queue_depth:Default queue depth for each allocator
parm:           zfs_vdev_mirror_rotating_inc:Rotating media load increment for non-seeking I/Os
parm:           zfs_vdev_mirror_rotating_seek_inc:Rotating media load increment for seeking I/Os
parm:           zfs_vdev_mirror_rotating_seek_offset:Offset in bytes from the last I/O which triggers a reduced rotating media seek increment
parm:           zfs_vdev_mirror_non_rotating_inc:Non-rotating media load increment for non-seeking I/Os
parm:           zfs_vdev_mirror_non_rotating_seek_inc:Non-rotating media load increment for seeking I/Os
parm:           zfs_initialize_value:Value written during zpool initialize
parm:           zfs_initialize_chunk_size:Size in bytes of writes by zpool initialize
parm:           zfs_condense_indirect_vdevs_enable:Whether to attempt condensing indirect vdev mappings
parm:           zfs_condense_indirect_obsolete_pct:Minimum obsolete percent of bytes in the mapping to attempt condensing
parm:           zfs_condense_min_mapping_bytes:Don't bother condensing if the mapping uses less than this amount of memory
parm:           zfs_condense_max_obsolete_bytes:Minimum size obsolete spacemap to attempt condensing
parm:           zfs_condense_indirect_commit_entry_delay_ms:Used by tests to ensure certain actions happen in the middle of a condense. A maximum value of 1 should be sufficient.
parm:           zfs_reconstruct_indirect_combinations_max:Maximum number of combinations when reconstructing split segments
parm:           zfs_vdev_default_ms_count:Target number of metaslabs per top-level vdev
parm:           zfs_vdev_default_ms_shift:Default lower limit for metaslab size
parm:           zfs_vdev_max_ms_shift:Default upper limit for metaslab size
parm:           zfs_vdev_min_ms_count:Minimum number of metaslabs per top-level vdev
parm:           zfs_vdev_ms_count_limit:Practical upper limit of total metaslabs per top-level vdev
parm:           zfs_slow_io_events_per_second:Rate limit slow IO (delay) events to this many per second
parm:           zfs_deadman_events_per_second:Rate limit hung IO (deadman) events to this many per second
parm:           zfs_checksum_events_per_second:Rate limit checksum events to this many checksum errors per second (do not set below ZED threshold).
parm:           zfs_scan_ignore_errors:Ignore errors during resilver/scrub
parm:           vdev_validate_skip:Bypass vdev_validate()
parm:           zfs_nocacheflush:Disable cache flushes
parm:           zfs_embedded_slog_min_ms:Minimum number of metaslabs required to dedicate one for log blocks
parm:           zfs_vdev_min_auto_ashift:Minimum ashift used when creating new top-level vdevs
parm:           zfs_vdev_max_auto_ashift:Maximum ashift used when optimizing for logical -> physical sector size on new top-level vdevs
parm:           zfs_txg_timeout:Max seconds worth of delta per txg
parm:           zfs_read_history:Historical statistics for the last N reads
parm:           zfs_read_history_hits:Include cache hits in read history
parm:           zfs_txg_history:Historical statistics for the last N txgs
parm:           zfs_multihost_history:Historical statistics for last N multihost writes
parm:           zfs_flags:Set additional debugging flags
parm:           zfs_recover:Set to attempt to recover from fatal errors
parm:           zfs_free_leak_on_eio:Set to ignore IO errors during free and permanently leak the space
parm:           zfs_deadman_checktime_ms:Dead I/O check interval in milliseconds
parm:           zfs_deadman_enabled:Enable deadman timer
parm:           spa_asize_inflation:SPA size estimate multiplication factor
parm:           zfs_ddt_data_is_special:Place DDT data into the special class
parm:           zfs_user_indirect_is_special:Place user data indirect blocks into the special class
parm:           zfs_deadman_failmode:Failmode for deadman timer
parm:           zfs_deadman_synctime_ms:Pool sync expiration time in milliseconds
parm:           zfs_deadman_ziotime_ms:IO expiration time in milliseconds
parm:           zfs_special_class_metadata_reserve_pct:Small file blocks in special vdevs depends on this much free space available
parm:           spa_slop_shift:Reserved free space in pool
parm:           zfs_unflushed_max_mem_amt:Specific hard-limit in memory that ZFS allows to be used for unflushed changes
parm:           zfs_unflushed_max_mem_ppm:Percentage of the overall system memory that ZFS allows to be used for unflushed changes (value is calculated over 1000000 for finer granularity)
parm:           zfs_unflushed_log_block_max:Hard limit (upper-bound) in the size of the space map log in terms of blocks.
parm:           zfs_unflushed_log_block_min:Lower-bound limit for the maximum amount of blocks allowed in log spacemap (see zfs_unflushed_log_block_max)
parm:           zfs_unflushed_log_txg_max:Hard limit (upper-bound) in the size of the space map log in terms of dirty TXGs.
parm:           zfs_unflushed_log_block_pct:Tunable used to determine the number of blocks that can be used for the spacemap log, expressed as a percentage of the total number of metaslabs in the pool (e.g. 400 means the number of log blocks is capped at 4 times the number of metaslabs)
parm:           zfs_max_log_walking:The number of past TXGs that the flushing algorithm of the log spacemap feature uses to estimate incoming log blocks
parm:           zfs_keep_log_spacemaps_at_export:Prevent the log spacemaps from being flushed and destroyed during pool export/destroy
parm:           zfs_max_logsm_summary_length:Maximum number of rows allowed in the summary of the spacemap log
parm:           zfs_min_metaslabs_to_flush:Minimum number of metaslabs to flush per dirty TXG
parm:           spa_upgrade_errlog_limit:Limit the number of errors which will be upgraded to the new on-disk error log when enabling head_errlog
parm:           spa_config_path:SPA config file (/etc/zfs/zpool.cache)
parm:           zfs_autoimport_disable:Disable pool import at module load
parm:           zfs_spa_discard_memory_limit:Limit for memory used in prefetching the checkpoint space map done on each vdev while discarding the checkpoint
parm:           metaslab_preload_pct:Percentage of CPUs to run a metaslab preload taskq
parm:           spa_load_verify_shift:log2 fraction of arc that can be used by inflight I/Os when verifying pool during import
parm:           spa_load_verify_metadata:Set to traverse metadata on pool import
parm:           spa_load_verify_data:Set to traverse data on pool import
parm:           spa_load_print_vdev_tree:Print vdev tree to zfs_dbgmsg during pool import
parm:           zio_taskq_batch_pct:Percentage of CPUs to run an IO worker thread
parm:           zio_taskq_batch_tpq:Number of threads per IO worker taskqueue
parm:           zfs_max_missing_tvds:Allow importing pool with up to this number of missing top-level vdevs (in read-only mode)
parm:           zfs_livelist_condense_zthr_pause:Set the livelist condense zthr to pause
parm:           zfs_livelist_condense_sync_pause:Set the livelist condense synctask to pause
parm:           zfs_livelist_condense_sync_cancel:Whether livelist condensing was canceled in the synctask
parm:           zfs_livelist_condense_zthr_cancel:Whether livelist condensing was canceled in the zthr function
parm:           zfs_livelist_condense_new_alloc:Whether extra ALLOC blkptrs were added to a livelist entry while it was being condensed
parm:           zio_taskq_read:Configure IO queues for read IO
parm:           zio_taskq_write:Configure IO queues for write IO
parm:           zfs_multilist_num_sublists:Number of sublists used in each multilist
parm:           zfs_multihost_interval:Milliseconds between mmp writes to each leaf
parm:           zfs_multihost_fail_intervals:Max allowed period without a successful mmp write
parm:           zfs_multihost_import_intervals:Number of zfs_multihost_interval periods to wait for activity
parm:           metaslab_aliquot:Allocation granularity (a.k.a. stripe size)
parm:           metaslab_debug_load:Load all metaslabs when pool is first opened
parm:           metaslab_debug_unload:Prevent metaslabs from being unloaded
parm:           metaslab_preload_enabled:Preload potential metaslabs during reassessment
parm:           metaslab_preload_limit:Max number of metaslabs per group to preload
parm:           metaslab_unload_delay:Delay in txgs after metaslab was last used before unloading
parm:           metaslab_unload_delay_ms:Delay in milliseconds after metaslab was last used before unloading
parm:           zfs_mg_noalloc_threshold:Percentage of metaslab group size that should be free to make it eligible for allocation
parm:           zfs_mg_fragmentation_threshold:Percentage of metaslab group size that should be considered eligible for allocations unless all metaslab groups within the metaslab class have also crossed this threshold
parm:           metaslab_fragmentation_factor_enabled:Use the fragmentation metric to prefer less fragmented metaslabs
parm:           zfs_metaslab_fragmentation_threshold:Fragmentation for metaslab to allow allocation
parm:           metaslab_lba_weighting_enabled:Prefer metaslabs with lower LBAs
parm:           metaslab_bias_enabled:Enable metaslab group biasing
parm:           zfs_metaslab_segment_weight_enabled:Enable segment-based metaslab selection
parm:           zfs_metaslab_switch_threshold:Segment-based metaslab selection maximum buckets before switching
parm:           metaslab_force_ganging:Blocks larger than this size are sometimes forced to be gang blocks
parm:           metaslab_force_ganging_pct:Percentage of large blocks that will be forced to be gang blocks
parm:           metaslab_df_max_search:Max distance (bytes) to search forward before using size tree
parm:           metaslab_df_use_largest_segment:When looking in size tree, use largest segment instead of exact fit
parm:           zfs_metaslab_max_size_cache_sec:How long to trust the cached max chunk size of a metaslab
parm:           zfs_metaslab_mem_limit:Percentage of memory that can be used to store metaslab range trees
parm:           zfs_metaslab_try_hard_before_gang:Try hard to allocate before ganging
parm:           zfs_metaslab_find_max_tries:Normally only consider this many of the best metaslabs in each vdev
parm:           zfs_zevent_len_max:Max event queue length
parm:           zfs_scan_vdev_limit:Max bytes in flight per leaf vdev for scrubs and resilvers
parm:           zfs_scrub_min_time_ms:Min millisecs to scrub per txg
parm:           zfs_obsolete_min_time_ms:Min millisecs to obsolete per txg
parm:           zfs_free_min_time_ms:Min millisecs to free per txg
parm:           zfs_resilver_min_time_ms:Min millisecs to resilver per txg
parm:           zfs_scan_suspend_progress:Set to prevent scans from progressing
parm:           zfs_no_scrub_io:Set to disable scrub I/O
parm:           zfs_no_scrub_prefetch:Set to disable scrub prefetching
parm:           zfs_async_block_max_blocks:Max number of blocks freed in one txg
parm:           zfs_max_async_dedup_frees:Max number of dedup blocks freed in one txg
parm:           zfs_free_bpobj_enabled:Enable processing of the free_bpobj
parm:           zfs_scan_blkstats:Enable block statistics calculation during scrub
parm:           zfs_scan_mem_lim_fact:Fraction of RAM for scan hard limit
parm:           zfs_scan_issue_strategy:IO issuing strategy during scrubbing. 0 = default, 1 = LBA, 2 = size
parm:           zfs_scan_legacy:Scrub using legacy non-sequential method
parm:           zfs_scan_checkpoint_intval:Scan progress on-disk checkpointing interval
parm:           zfs_scan_max_ext_gap:Max gap in bytes between sequential scrub / resilver I/Os
parm:           zfs_scan_mem_lim_soft_fact:Fraction of hard limit used as soft limit
parm:           zfs_scan_strict_mem_lim:Tunable to attempt to reduce lock contention
parm:           zfs_scan_fill_weight:Tunable to adjust bias towards more filled segments during scans
parm:           zfs_scan_report_txgs:Tunable to report resilver performance over the last N txgs
parm:           zfs_resilver_disable_defer:Process all resilvers immediately
parm:           zfs_scrub_error_blocks_per_txg:Error blocks to be scrubbed in one txg
parm:           zfs_dirty_data_max_percent:Max percent of RAM allowed to be dirty
parm:           zfs_dirty_data_max_max_percent:zfs_dirty_data_max upper bound as % of RAM
parm:           zfs_delay_min_dirty_percent:Transaction delay threshold
parm:           zfs_dirty_data_max:Determines the dirty space limit
parm:           zfs_wrlog_data_max:The size limit of write-transaction zil log data
parm:           zfs_dirty_data_max_max:zfs_dirty_data_max upper bound in bytes
parm:           zfs_dirty_data_sync_percent:Dirty data txg sync threshold as a percentage of zfs_dirty_data_max
parm:           zfs_delay_scale:How quickly delay approaches infinity
parm:           zfs_sync_taskq_batch_pct:Max percent of CPUs that are used to sync dirty data
parm:           zfs_zil_clean_taskq_nthr_pct:Max percent of CPUs that are used per dp_sync_taskq
parm:           zfs_zil_clean_taskq_minalloc:Number of taskq entries that are pre-populated
parm:           zfs_zil_clean_taskq_maxalloc:Max number of taskq entries that are cached
parm:           zvol_enforce_quotas:Enable strict ZVOL quota enforcment
parm:           zfs_livelist_max_entries:Size to start the next sub-livelist in a livelist
parm:           zfs_livelist_min_percent_shared:Threshold at which livelist is disabled
parm:           zfs_max_recordsize:Max allowed record size
parm:           zfs_allow_redacted_dataset_mount:Allow mounting of redacted datasets
parm:           zfs_snapshot_history_enabled:Include snapshot events in pool history/events
parm:           zfs_disable_ivset_guid_check:Set to allow raw receives without IVset guids
parm:           zfs_default_bs:Default dnode block shift
parm:           zfs_default_ibs:Default dnode indirect block shift
parm:           zfs_prefetch_disable:Disable all ZFS prefetching
parm:           zfetch_max_streams:Max number of streams per zfetch
parm:           zfetch_min_sec_reap:Min time before stream reclaim
parm:           zfetch_max_sec_reap:Max time before stream delete
parm:           zfetch_min_distance:Min bytes to prefetch per stream
parm:           zfetch_max_distance:Max bytes to prefetch per stream
parm:           zfetch_max_idistance:Max bytes to prefetch indirects for per stream
parm:           zfetch_max_reorder:Max request reorder distance within a stream
parm:           zfetch_hole_shift:Max log2 fraction of holes in a stream
parm:           zfs_pd_bytes_max:Max number of bytes to prefetch
parm:           zfs_traverse_indirect_prefetch_limit:Traverse prefetch number of blocks pointed by indirect block
parm:           ignore_hole_birth:Alias for send_holes_without_birth_time (int)
parm:           send_holes_without_birth_time:Ignore hole_birth txg for zfs send
parm:           zfs_send_corrupt_data:Allow sending corrupt data
parm:           zfs_send_queue_length:Maximum send queue length
parm:           zfs_send_unmodified_spill_blocks:Send unmodified spill blocks
parm:           zfs_send_no_prefetch_queue_length:Maximum send queue length for non-prefetch queues
parm:           zfs_send_queue_ff:Send queue fill fraction
parm:           zfs_send_no_prefetch_queue_ff:Send queue fill fraction for non-prefetch queues
parm:           zfs_override_estimate_recordsize:Override block size estimate with fixed size
parm:           zfs_recv_queue_length:Maximum receive queue length
parm:           zfs_recv_queue_ff:Receive queue fill fraction
parm:           zfs_recv_write_batch_size:Maximum amount of writes to batch into one transaction
parm:           zfs_recv_best_effort_corrective:Ignore errors during corrective receive
parm:           dmu_object_alloc_chunk_shift:CPU-specific allocator grabs 2^N objects at once
parm:           zfs_nopwrite_enabled:Enable NOP writes
parm:           zfs_per_txg_dirty_frees_percent:Percentage of dirtied blocks from frees in one TXG
parm:           zfs_dmu_offset_next_sync:Enable forcing txg sync to find holes
parm:           dmu_prefetch_max:Limit one prefetch call to this size
parm:           ddt_zap_default_bs:DDT ZAP leaf blockshift
parm:           ddt_zap_default_ibs:DDT ZAP indirect blockshift
parm:           zfs_dedup_prefetch:Enable prefetching dedup-ed blks
parm:           zfs_dbuf_state_index:Calculate arc header index
parm:           dbuf_cache_max_bytes:Maximum size in bytes of the dbuf cache.
parm:           dbuf_cache_hiwater_pct:Percentage over dbuf_cache_max_bytes for direct dbuf eviction.
parm:           dbuf_cache_lowater_pct:Percentage below dbuf_cache_max_bytes when dbuf eviction stops.
parm:           dbuf_metadata_cache_max_bytes:Maximum size in bytes of dbuf metadata cache.
parm:           dbuf_cache_shift:Set size of dbuf cache to log2 fraction of arc size.
parm:           dbuf_metadata_cache_shift:Set size of dbuf metadata cache to log2 fraction of arc size.
parm:           dbuf_mutex_cache_shift:Set size of dbuf cache mutex array as log2 shift.
parm:           zfs_btree_verify_intensity:Enable btree verification. Levels above 4 require ZFS be built with debugging
parm:           brt_zap_prefetch:Enable prefetching of BRT ZAP entries
parm:           brt_zap_default_bs:BRT ZAP leaf blockshift
parm:           brt_zap_default_ibs:BRT ZAP indirect blockshift
parm:           zfs_arc_min:Minimum ARC size in bytes
parm:           zfs_arc_max:Maximum ARC size in bytes
parm:           zfs_arc_meta_balance:Balance between metadata and data on ghost hits.
parm:           zfs_arc_grow_retry:Seconds before growing ARC size
parm:           zfs_arc_shrink_shift:log2(fraction of ARC to reclaim)
parm:           zfs_arc_pc_percent:Percent of pagecache to reclaim ARC to
parm:           zfs_arc_average_blocksize:Target average block size
parm:           zfs_compressed_arc_enabled:Disable compressed ARC buffers
parm:           zfs_arc_min_prefetch_ms:Min life of prefetch block in ms
parm:           zfs_arc_min_prescient_prefetch_ms:Min life of prescient prefetched block in ms
parm:           l2arc_write_max:Max write bytes per interval
parm:           l2arc_write_boost:Extra write bytes during device warmup
parm:           l2arc_headroom:Number of max device writes to precache
parm:           l2arc_headroom_boost:Compressed l2arc_headroom multiplier
parm:           l2arc_trim_ahead:TRIM ahead L2ARC write size multiplier
parm:           l2arc_feed_secs:Seconds between L2ARC writing
parm:           l2arc_feed_min_ms:Min feed interval in milliseconds
parm:           l2arc_noprefetch:Skip caching prefetched buffers
parm:           l2arc_feed_again:Turbo L2ARC warmup
parm:           l2arc_norw:No reads during writes
parm:           l2arc_meta_percent:Percent of ARC size allowed for L2ARC-only headers
parm:           l2arc_rebuild_enabled:Rebuild the L2ARC when importing a pool
parm:           l2arc_rebuild_blocks_min_l2size:Min size in bytes to write rebuild log blocks in L2ARC
parm:           l2arc_mfuonly:Cache only MFU data from ARC into L2ARC
parm:           l2arc_exclude_special:Exclude dbufs on special vdevs from being cached to L2ARC if set.
parm:           zfs_arc_lotsfree_percent:System free memory I/O throttle in bytes
parm:           zfs_arc_sys_free:System free memory target size in bytes
parm:           zfs_arc_dnode_limit:Minimum bytes of dnodes in ARC
parm:           zfs_arc_dnode_limit_percent:Percent of ARC meta buffers for dnodes
parm:           zfs_arc_dnode_reduce_percent:Percentage of excess dnodes to try to unpin
parm:           zfs_arc_eviction_pct:When full, ARC allocation waits for eviction of this % of alloc size
parm:           zfs_arc_evict_batch_limit:The number of headers to evict per sublist before moving to the next
parm:           zfs_arc_prune_task_threads:Number of arc_prune threads
parm:           zstd_earlyabort_pass:Enable early abort attempts when using zstd
parm:           zstd_abort_size:Minimal size of block to attempt early abort
parm:           zfs_max_dataset_nesting:Limit to the amount of nesting a path can have. Defaults to 50.
parm:           zfs_fletcher_4_impl:Select fletcher 4 implementation.
parm:           zfs_sha512_impl:Select SHA512 implementation.
parm:           zfs_sha256_impl:Select SHA256 implementation.
parm:           icp_gcm_impl:Select gcm implementation.
parm:           zfs_blake3_impl:Select BLAKE3 implementation.
parm:           icp_aes_impl:Select aes implementation.
zfs                  5890048  0
spl                   184320  1 zfs
