start 2026-09-25T12:24:40Z
turso source: /tmp/turso-crossdb 64b8ef5742fc18937f9c89806c81e3f6475dc7a3 v0.8.0-pre.13
rustc 1.98.1 (48a229cea 2026-09-01)
binary: rustc
commit-hash: 48a229ceaefd4985c50990b14116b6d856af0985
commit-date: 2026-09-01
host: aarch64-unknown-linux-gnu
release: 1.98.1
LLVM version: 22.1.8
cargo 1.98.1 (797e8a9bc 2026-08-05)
RUSTFLAGS=-C target-cpu=native
cmd: cargo build --release -v
    Updating crates.io index
 Downloading crates ...
  Downloaded aho-corasick v1.1.3
  Downloaded autocfg v1.4.0
  Downloaded census v0.4.2
  Downloaded cfg_block v0.1.1
  Downloaded crossbeam-deque v0.8.6
  Downloaded downcast-rs v2.0.2
  Downloaded env_logger v0.11.7
  Downloaded errno v0.3.10
  Downloaded time-macros v0.2.27
  Downloaded tinystr v0.8.3
  Downloaded tracing v0.1.41
  Downloaded tracing-core v0.1.33
  Downloaded tracing-log v0.2.0
  Downloaded aead v0.5.2
  Downloaded aes v0.8.4
  Downloaded aes-gcm v0.10.3
  Downloaded allocator-api2 v0.2.21
  Downloaded allocator-api2 v0.4.0
  Downloaded arc-swap v1.7.1
  Downloaded aristo v0.4.1
  Downloaded aristo-macros v0.4.1
  Downloaded async-trait v0.1.89
  Downloaded base64 v0.22.1
  Downloaded bigdecimal v0.4.10
  Downloaded bitflags v2.9.4
  Downloaded bitpacking v0.9.3
  Downloaded bon-macros v3.8.2
  Downloaded branches v0.4.3
  Downloaded bumpalo v3.17.0
  Downloaded bytemuck v1.23.1
  Downloaded bytemuck_derive v1.9.3
  Downloaded byteorder v1.5.0
  Downloaded cexpr v0.6.0
  Downloaded cfg-if v1.0.0
  Downloaded cfg_aliases v0.2.1
  Downloaded chrono v0.4.42
  Downloaded cipher v0.4.4
  Downloaded crossbeam-channel v0.5.15
  Downloaded crossbeam-utils v0.8.21
  Downloaded crunchy v0.2.3
  Downloaded darling v0.20.11
  Downloaded getrandom v0.3.2
  Downloaded icu_normalizer v2.2.0
  Downloaded ident_case v1.0.1
  Downloaded inout v0.1.4
  Downloaded itertools v0.14.0
  Downloaded jobserver v0.1.32
  Downloaded tracing-appender v0.2.3
  Downloaded tracing-attributes v0.1.28
  Downloaded twox-hash v2.1.1
  Downloaded typeid v1.0.3
  Downloaded typetag v0.2.21
  Downloaded typetag-impl v0.2.21
  Downloaded uncased v0.9.10
  Downloaded unicode-ident v1.0.18
  Downloaded universal-hash v0.5.1
  Downloaded utf8-ranges v1.0.5
  Downloaded uuid v1.17.0
  Downloaded version_check v0.9.5
  Downloaded which v4.4.2
  Downloaded write16 v1.0.0
  Downloaded writeable v0.6.3
  Downloaded yoke v0.8.2
  Downloaded yoke-derive v0.8.2
  Downloaded zerofrom-derive v0.1.6
  Downloaded zerovec-derive v0.11.3
  Downloaded zstd v0.13.3
  Downloaded zstd-safe v7.2.4
  Downloaded anyhow v1.0.98
  Downloaded bon v3.8.2
  Downloaded crc32fast v1.4.2
  Downloaded crossbeam-epoch v0.9.18
  Downloaded ctr v0.9.2
  Downloaded darling_macro v0.20.11
  Downloaded either v1.15.0
  Downloaded erased-serde v0.4.10
  Downloaded fallible-iterator v0.3.0
  Downloaded fastbloom v0.14.1
  Downloaded find-msvc-tools v0.1.9
  Downloaded futures-core v0.3.31
  Downloaded genawaiter-macro v0.99.1
  Downloaded generic-array v0.14.7
  Downloaded ghash v0.5.1
  Downloaded hashbrown v0.16.1
  Downloaded home v0.5.11
  Downloaded http v1.3.1
  Downloaded icu_collator_data v2.2.0
  Downloaded icu_collections v2.2.0
  Downloaded icu_locale v2.2.0
  Downloaded inventory v0.3.24
  Downloaded itoa v1.0.15
  Downloaded levenshtein_automata v0.2.1
  Downloaded litemap v0.8.2
  Downloaded pack1 v1.0.0
  Downloaded tokio v1.47.0
  Downloaded tracing-subscriber v0.3.20
  Downloaded typenum v1.18.0
  Downloaded unicode-width v0.1.14
  Downloaded utf16_iter v1.0.5
  Downloaded utf8_iter v1.0.4
  Downloaded zerocopy v0.8.26
  Downloaded zerofrom v0.1.6
  Downloaded zerotrie v0.2.4
  Downloaded zerovec v0.11.6
  Downloaded bytes v1.11.1
  Downloaded clang-sys v1.8.1
  Downloaded crypto-common v0.1.6
  Downloaded darling_core v0.20.11
  Downloaded env_filter v0.1.3
  Downloaded equivalent v1.0.2
  Downloaded fastdivide v0.4.2
  Downloaded fastrand v2.3.0
  Downloaded futures-macro v0.3.31
  Downloaded futures-task v0.3.31
  Downloaded genawaiter v0.99.1
  Downloaded getrandom v0.4.2
  Downloaded glob v0.3.2
  Downloaded heck v0.5.0
  Downloaded hex v0.4.3
  Downloaded htmlescape v0.3.1
  Downloaded iana-time-zone v0.1.62
  Downloaded icu_locale_core v2.2.0
  Downloaded icu_properties v2.2.0
  Downloaded icu_provider v2.2.0
  Downloaded intrusive-collections v0.9.7
  Downloaded log v0.4.27
  Downloaded lz4_flex v0.13.0
  Downloaded memmap2 v0.9.5
  Downloaded murmurhash32 v0.3.1
  Downloaded rustc-hash v1.1.0
  Downloaded scopeguard v1.2.0
  Downloaded sha1_smol v1.0.1
  Downloaded zstd-sys v2.0.16+zstd.1.5.7
  Downloaded cpufeatures v0.2.17
  Downloaded datasketches v0.2.0
  Downloaded displaydoc v0.2.5
  Downloaded fs4 v0.13.1
  Downloaded getrandom v0.2.15
  Downloaded icu_locale_data v2.2.0
  Downloaded icu_normalizer_data v2.2.0
  Downloaded itertools v0.10.5
  Downloaded lazycell v1.3.0
  Downloaded libloading v0.8.6
  Downloaded libm v0.2.11
  Downloaded lock_api v0.4.13
  Downloaded lru v0.16.4
  Downloaded matchers v0.2.0
  Downloaded memoffset v0.9.1
  Downloaded mimalloc v0.1.47
  Downloaded nu-ansi-term v0.50.1
  Downloaded oneshot v0.1.13
  Downloaded opaque-debug v0.3.1
  Downloaded parking_lot_core v0.9.11
  Downloaded pastey v0.2.1
  Downloaded pin-utils v0.1.0
  Downloaded prost v0.14.1
  Downloaded rapidhash v4.1.1
  Downloaded rustc-hash v2.1.1
  Downloaded ryu v1.0.20
  Downloaded semver v1.0.26
  Downloaded serde_derive v1.0.228
  Downloaded bindgen v0.69.5
  Downloaded cc v1.2.59
  Downloaded futures-util v0.3.31
  Downloaded icu_properties_data v2.2.0
  Downloaded measure_time v0.9.0
  Downloaded miette-derive v7.6.0
  Downloaded num-conv v0.2.1
  Downloaded num-integer v0.1.46
  Downloaded once_cell v1.21.3
  Downloaded ordered-float v5.3.0
  Downloaded ownedbytes v0.9.0
  Downloaded parking_lot v0.12.4
  Downloaded pkg-config v0.3.32
  Downloaded potential_utf v0.1.5
  Downloaded prost-derive v0.14.1
  Downloaded serde_core v1.0.228
  Downloaded libmimalloc-sys v0.1.43
  Downloaded pin-project-lite v0.2.16
  Downloaded polyval v0.6.2
  Downloaded quote v1.0.45
  Downloaded rand_core v0.6.4
  Downloaded rand_core v0.9.3
  Downloaded rustversion v1.0.20
  Downloaded sharded-slab v0.1.7
  Downloaded simdutf8 v0.1.5
  Downloaded memchr v2.7.6
  Downloaded num-bigint v0.4.6
  Downloaded smallvec v1.15.1
  Downloaded polling v3.7.4
  Downloaded prettyplease v0.2.34
  Downloaded proc-macro2 v1.0.94
  Downloaded roaring v0.11.2
  Downloaded shlex v1.3.0
  Downloaded sketches-ddsketch v0.4.0
  Downloaded aegis v0.9.8
  Downloaded rayon-core v1.12.1
  Downloaded serde v1.0.228
  Downloaded softaes v0.1.3
  Downloaded stable_deref_trait v1.2.0
  Downloaded libc v0.2.186
  Downloaded rand v0.9.4
  Downloaded miette v7.6.0
  Downloaded simsimd v6.5.3
  Downloaded siphasher v1.0.1
  Downloaded slab v0.4.9
  Downloaded serde_json v1.0.140
  Downloaded strsim v0.11.1
  Downloaded strum v0.26.3
  Downloaded tantivy-bitpacker v0.10.0
  Downloaded tantivy-common v0.11.0
  Downloaded tantivy-stacker v0.7.0
  Downloaded tantivy-tokenizer-api v0.7.0
  Downloaded thiserror-impl v2.0.16
  Downloaded time-core v0.1.8
  Downloaded strum_macros v0.26.4
  Downloaded synstructure v0.13.1
  Downloaded tantivy-query-grammar v0.26.0
  Downloaded tantivy-sstable v0.7.0
  Downloaded thiserror v1.0.69
  Downloaded thiserror v2.0.16
  Downloaded rayon v1.10.0
  Downloaded regex v1.12.2
  Downloaded thiserror-impl v1.0.69
  Downloaded thread_local v1.1.8
  Downloaded tempfile v3.20.0
  Downloaded tantivy-columnar v0.7.0
  Downloaded time v0.3.47
  Downloaded icu_collator v2.2.0
  Downloaded syn v2.0.100
  Downloaded rustix v1.0.7
  Downloaded regex-syntax v0.8.5
  Downloaded rustix v0.38.44
  Downloaded regex-automata v0.4.13
  Downloaded linux-raw-sys v0.4.15
  Downloaded tantivy v0.26.2
  Downloaded tantivy-fst v0.5.0
  Downloaded linux-raw-sys v0.9.3
  Downloaded rust-stemmers v1.2.0
  Downloaded io-uring v0.7.6
   Compiling proc-macro2 v1.0.94
     Running `/home/opc/.rustup/toolchains/stable-aarch64-unknown-linux-gnu/bin/rustc --crate-name build_script_build --edition=2021 /home/opc/.cargo/registry/src/index.crates.io-1949cf8c6b5b557f/proc-macro2-1.0.94/build.rs --error-format=json --json=diagnostic-rendered-ansi,artifacts,future-incompat --crate-type bin --emit=dep-info,link -C embed-bitcode=no -C debug-assertions=off --cfg 'feature="default"' --cfg 'feature="proc-macro"' --check-cfg 'cfg(docsrs,test)' --check-cfg 'cfg(feature, values("default", "nightly", "proc-macro", "span-locations"))' -C metadata=102ca8ed839af85e -C extra-filename=-c84381eb9eb052a5 --out-dir /tmp/crossdb-turso-target/release/build/proc-macro2-c84381eb9eb052a5 -L dependency=/tmp/crossdb-turso-target/release/deps --cap-lints allow -C target-cpu=native`
   Compiling unicode-ident v1.0.18
     Running `/home/opc/.rustup/toolchains/stable-aarch64-unknown-linux-gnu/bin/rustc --crate-name unicode_ident --edition=2018 /home/opc/.cargo/registry/src/index.crates.io-1949cf8c6b5b557f/unicode-ident-1.0.18/src/lib.rs --error-format=json --json=diagnostic-rendered-ansi,artifacts,future-incompat --crate-type lib --emit=dep-info,metadata,link -C embed-bitcode=no -C debug-assertions=off --check-cfg 'cfg(docsrs,test)' --check-cfg 'cfg(feature, values())' -C metadata=69ce9c7bff996c6f -C extra-filename=-bf873c51740421e5 --out-dir /tmp/crossdb-turso-target/release/deps -L dependency=/tmp/crossdb-turso-target/release/deps --cap-lints allow -C target-cpu=native`
   Compiling quote v1.0.45
     Running `/home/opc/.rustup/toolchains/stable-aarch64-unknown-linux-gnu/bin/rustc --crate-name build_script_build --edition=2021 /home/opc/.cargo/registry/src/index.crates.io-1949cf8c6b5b557f/quote-1.0.45/build.rs --error-format=json --json=diagnostic-rendered-ansi,artifacts,future-incompat --crate-type bin --emit=dep-info,link -C embed-bitcode=no -C debug-assertions=off --cfg 'feature="default"' --cfg 'feature="proc-macro"' --check-cfg 'cfg(docsrs,test)' --check-cfg 'cfg(feature, values("default", "proc-macro"))' -C metadata=3b30686b0266bfde -C extra-filename=-dd2798c1854a668a --out-dir /tmp/crossdb-turso-target/release/build/quote-dd2798c1854a668a -L dependency=/tmp/crossdb-turso-target/release/deps --cap-lints allow -C target-cpu=native`
     Running `/tmp/crossdb-turso-target/release/build/quote-dd2798c1854a668a/build-script-build`
     Running `/tmp/crossdb-turso-target/release/build/proc-macro2-c84381eb9eb052a5/build-script-build`
   Compiling libc v0.2.186
     Running `/home/opc/.rustup/toolchains/stable-aarch64-unknown-linux-gnu/bin/rustc --crate-name build_script_build --edition=2021 /home/opc/.cargo/registry/src/index.crates.io-1949cf8c6b5b557f/libc-0.2.186/build.rs --error-format=json --json=diagnostic-rendered-ansi,artifacts,future-incompat --crate-type bin --emit=dep-info,link -C embed-bitcode=no '--allow=clippy::used_underscore_binding' --allow=unused_qualifications '--warn=clippy::unnecessary_semicolon' '--allow=clippy::unnecessary_cast' '--allow=clippy::uninlined_format_args' '--warn=clippy::ptr_as_ptr' '--allow=clippy::non_minimal_cfg' '--allow=clippy::missing_safety_doc' '--warn=clippy::map_unwrap_or' '--warn=clippy::manual_assert' '--allow=clippy::identity_op' '--warn=clippy::explicit_iter_loop' '--allow=clippy::expl_impl_clone_on_copy' -C debug-assertions=off --cfg 'feature="default"' --cfg 'feature="std"' --check-cfg 'cfg(docsrs,test)' --check-cfg 'cfg(feature, values("align", "const-extern-fn", "default", "extra_traits", "rustc-dep-of-std", "rustc-std-workspace-core", "std", "use_std"))' -C metadata=2b0862c2cd28ead2 -C extra-filename=-edfae4978a148b2a --out-dir /tmp/crossdb-turso-target/release/build/libc-edfae4978a148b2a -L dependency=/tmp/crossdb-turso-target/release/deps --cap-lints allow -C target-cpu=native`
     Running `/home/opc/.rustup/toolchains/stable-aarch64-unknown-linux-gnu/bin/rustc --crate-name proc_macro2 --edition=2021 /home/opc/.cargo/registry/src/index.crates.io-1949cf8c6b5b557f/proc-macro2-1.0.94/src/lib.rs --error-format=json --json=diagnostic-rendered-ansi,artifacts,future-incompat --crate-type lib --emit=dep-info,metadata,link -C embed-bitcode=no -C debug-assertions=off --cfg 'feature="default"' --cfg 'feature="proc-macro"' --check-cfg 'cfg(docsrs,test)' --check-cfg 'cfg(feature, values("default", "nightly", "proc-macro", "span-locations"))' -C metadata=0e384d0fb25a04cb -C extra-filename=-161db97f1758d90e --out-dir /tmp/crossdb-turso-target/release/deps -L dependency=/tmp/crossdb-turso-target/release/deps --extern unicode_ident=/tmp/crossdb-turso-target/release/deps/libunicode_ident-bf873c51740421e5.rmeta --cap-lints allow -C target-cpu=native --cfg wrap_proc_macro --check-cfg 'cfg(fuzzing)' --check-cfg 'cfg(no_is_available)' --check-cfg 'cfg(no_literal_byte_character)' --check-cfg 'cfg(no_literal_c_string)' --check-cfg 'cfg(no_source_text)' --check-cfg 'cfg(proc_macro_span)' --check-cfg 'cfg(procmacro2_backtrace)' --check-cfg 'cfg(procmacro2_nightly_testing)' --check-cfg 'cfg(procmacro2_semver_exempt)' --check-cfg 'cfg(randomize_layout)' --check-cfg 'cfg(span_locations)' --check-cfg 'cfg(super_unstable)' --check-cfg 'cfg(wrap_proc_macro)'`
     Running `/home/opc/.rustup/toolchains/stable-aarch64-unknown-linux-gnu/bin/rustc --crate-name quote --edition=2021 /home/opc/.cargo/registry/src/index.crates.io-1949cf8c6b5b557f/quote-1.0.45/src/lib.rs --error-format=json --json=diagnostic-rendered-ansi,artifacts,future-incompat --crate-type lib --emit=dep-info,metadata,link -C embed-bitcode=no -C debug-assertions=off --cfg 'feature="default"' --cfg 'feature="proc-macro"' --check-cfg 'cfg(docsrs,test)' --check-cfg 'cfg(feature, values("default", "proc-macro"))' -C metadata=7f42df6ef9b1f343 -C extra-filename=-5c3f7e33372cef0a --out-dir /tmp/crossdb-turso-target/release/deps -L dependency=/tmp/crossdb-turso-target/release/deps --extern proc_macro2=/tmp/crossdb-turso-target/release/deps/libproc_macro2-161db97f1758d90e.rmeta --cap-lints allow -C target-cpu=native --check-cfg 'cfg(no_diagnostic_namespace)'`
   Compiling syn v2.0.100
     Running `/home/opc/.rustup/toolchains/stable-aarch64-unknown-linux-gnu/bin/rustc --crate-name syn --edition=2021 /home/opc/.cargo/registry/src/index.crates.io-1949cf8c6b5b557f/syn-2.0.100/src/lib.rs --error-format=json --json=diagnostic-rendered-ansi,artifacts,future-incompat --crate-type lib --emit=dep-info,metadata,link -C embed-bitcode=no -C debug-assertions=off --cfg 'feature="clone-impls"' --cfg 'feature="default"' --cfg 'feature="derive"' --cfg 'feature="extra-traits"' --cfg 'feature="fold"' --cfg 'feature="full"' --cfg 'feature="parsing"' --cfg 'feature="printing"' --cfg 'feature="proc-macro"' --cfg 'feature="visit"' --cfg 'feature="visit-mut"' --check-cfg 'cfg(docsrs,test)' --check-cfg 'cfg(feature, values("clone-impls", "default", "derive", "extra-traits", "fold", "full", "parsing", "printing", "proc-macro", "test", "visit", "visit-mut"))' -C metadata=90b259f82a0a8f35 -C extra-filename=-73b8e456b142f972 --out-dir /tmp/crossdb-turso-target/release/deps -L dependency=/tmp/crossdb-turso-target/release/deps --extern proc_macro2=/tmp/crossdb-turso-target/release/deps/libproc_macro2-161db97f1758d90e.rmeta --extern quote=/tmp/crossdb-turso-target/release/deps/libquote-5c3f7e33372cef0a.rmeta --extern unicode_ident=/tmp/crossdb-turso-target/release/deps/libunicode_ident-bf873c51740421e5.rmeta --cap-lints allow -C target-cpu=native`
   Compiling cfg-if v1.0.0
     Running `/home/opc/.rustup/toolchains/stable-aarch64-unknown-linux-gnu/bin/rustc --crate-name cfg_if --edition=2018 /home/opc/.cargo/registry/src/index.crates.io-1949cf8c6b5b557f/cfg-if-1.0.0/src/lib.rs --error-format=json --json=diagnostic-rendered-ansi,artifacts,future-incompat --crate-type lib --emit=dep-info,metadata,link -C opt-level=3 -C panic=abort -C codegen-units=4 -C debuginfo=line-tables-only --check-cfg 'cfg(docsrs,test)' --check-cfg 'cfg(feature, values("compiler_builtins", "core", "rustc-dep-of-std"))' -C metadata=a5effa2d07c481b2 -C extra-filename=-f71fb6b7fffc9a44 --out-dir /tmp/crossdb-turso-target/release/deps -L dependency=/tmp/crossdb-turso-target/release/deps --cap-lints allow -C target-cpu=native`
     Running `/tmp/crossdb-turso-target/release/build/libc-edfae4978a148b2a/build-script-build`
     Running `/home/opc/.rustup/toolchains/stable-aarch64-unknown-linux-gnu/bin/rustc --crate-name libc --edition=2021 /home/opc/.cargo/registry/src/index.crates.io-1949cf8c6b5b557f/libc-0.2.186/src/lib.rs --error-format=json --json=diagnostic-rendered-ansi,artifacts,future-incompat --crate-type lib --emit=dep-info,metadata,link -C opt-level=3 -C panic=abort -C codegen-units=4 -C debuginfo=line-tables-only '--allow=clippy::used_underscore_binding' --allow=unused_qualifications '--warn=clippy::unnecessary_semicolon' '--allow=clippy::unnecessary_cast' '--allow=clippy::uninlined_format_args' '--warn=clippy::ptr_as_ptr' '--allow=clippy::non_minimal_cfg' '--allow=clippy::missing_safety_doc' '--warn=clippy::map_unwrap_or' '--warn=clippy::manual_assert' '--allow=clippy::identity_op' '--warn=clippy::explicit_iter_loop' '--allow=clippy::expl_impl_clone_on_copy' --cfg 'feature="default"' --cfg 'feature="std"' --check-cfg 'cfg(docsrs,test)' --check-cfg 'cfg(feature, values("align", "const-extern-fn", "default", "extra_traits", "rustc-dep-of-std", "rustc-std-workspace-core", "std", "use_std"))' -C metadata=454659811f191942 -C extra-filename=-9e79d656281227d1 --out-dir /tmp/crossdb-turso-target/release/deps -L dependency=/tmp/crossdb-turso-target/release/deps --cap-lints allow -C target-cpu=native --cfg freebsd12 --check-cfg 'cfg(emscripten_old_stat_abi)' --check-cfg 'cfg(espidf_picolibc)' --check-cfg 'cfg(espidf_time32)' --check-cfg 'cfg(freebsd10)' --check-cfg 'cfg(freebsd11)' --check-cfg 'cfg(freebsd12)' --check-cfg 'cfg(freebsd13)' --check-cfg 'cfg(freebsd14)' --check-cfg 'cfg(freebsd15)' --check-cfg 'cfg(gnu_file_offset_bits64)' --check-cfg 'cfg(gnu_time_bits64)' --check-cfg 'cfg(libc_deny_warnings)' --check-cfg 'cfg(linux_time_bits64)' --check-cfg 'cfg(musl_v1_2_3)' --check-cfg 'cfg(musl32_time64)' --check-cfg 'cfg(musl_redir_time64)' --check-cfg 'cfg(vxworks_lt_25_09)' --check-cfg 'cfg(target_os,values("switch","aix","ohos","hurd","rtems","visionos","nuttx","cygwin","qurt"))' --check-cfg 'cfg(target_env,values("illumos","wasi","aix","ohos","nto71_iosock","nto80"))' --check-cfg 'cfg(target_arch,values("loongarch64","mips32r6","mips64r6","csky"))'`
   Compiling autocfg v1.4.0
     Running `/home/opc/.rustup/toolchains/stable-aarch64-unknown-linux-gnu/bin/rustc --crate-name autocfg --edition=2015 /home/opc/.cargo/registry/src/index.crates.io-1949cf8c6b5b557f/autocfg-1.4.0/src/lib.rs --error-format=json --json=diagnostic-rendered-ansi,artifacts,future-incompat --crate-type lib --emit=dep-info,metadata,link -C embed-bitcode=no -C debug-assertions=off --check-cfg 'cfg(docsrs,test)' --check-cfg 'cfg(feature, values())' -C metadata=398465e67ff22bc5 -C extra-filename=-1181c978d8838c6b --out-dir /tmp/crossdb-turso-target/release/deps -L dependency=/tmp/crossdb-turso-target/release/deps --cap-lints allow -C target-cpu=native`
     Running `/tmp/crossdb-turso-target/release/build/libc-edfae4978a148b2a/build-script-build`
     Running `/home/opc/.rustup/toolchains/stable-aarch64-unknown-linux-gnu/bin/rustc --crate-name libc --edition=2021 /home/opc/.cargo/registry/src/index.crates.io-1949cf8c6b5b557f/libc-0.2.186/src/lib.rs --error-format=json --json=diagnostic-rendered-ansi,artifacts,future-incompat --crate-type lib --emit=dep-info,metadata,link -C embed-bitcode=no '--allow=clippy::used_underscore_binding' --allow=unused_qualifications '--warn=clippy::unnecessary_semicolon' '--allow=clippy::unnecessary_cast' '--allow=clippy::uninlined_format_args' '--warn=clippy::ptr_as_ptr' '--allow=clippy::non_minimal_cfg' '--allow=clippy::missing_safety_doc' '--warn=clippy::map_unwrap_or' '--warn=clippy::manual_assert' '--allow=clippy::identity_op' '--warn=clippy::explicit_iter_loop' '--allow=clippy::expl_impl_clone_on_copy' -C debug-assertions=off --cfg 'feature="default"' --cfg 'feature="std"' --check-cfg 'cfg(docsrs,test)' --check-cfg 'cfg(feature, values("align", "const-extern-fn", "default", "extra_traits", "rustc-dep-of-std", "rustc-std-workspace-core", "std", "use_std"))' -C metadata=82442a77b67b8cad -C extra-filename=-589cd53c6ab72ee3 --out-dir /tmp/crossdb-turso-target/release/deps -L dependency=/tmp/crossdb-turso-target/release/deps --cap-lints allow -C target-cpu=native --cfg freebsd12 --check-cfg 'cfg(emscripten_old_stat_abi)' --check-cfg 'cfg(espidf_picolibc)' --check-cfg 'cfg(espidf_time32)' --check-cfg 'cfg(freebsd10)' --check-cfg 'cfg(freebsd11)' --check-cfg 'cfg(freebsd12)' --check-cfg 'cfg(freebsd13)' --check-cfg 'cfg(freebsd14)' --check-cfg 'cfg(freebsd15)' --check-cfg 'cfg(gnu_file_offset_bits64)' --check-cfg 'cfg(gnu_time_bits64)' --check-cfg 'cfg(libc_deny_warnings)' --check-cfg 'cfg(linux_time_bits64)' --check-cfg 'cfg(musl_v1_2_3)' --check-cfg 'cfg(musl32_time64)' --check-cfg 'cfg(musl_redir_time64)' --check-cfg 'cfg(vxworks_lt_25_09)' --check-cfg 'cfg(target_os,values("switch","aix","ohos","hurd","rtems","visionos","nuttx","cygwin","qurt"))' --check-cfg 'cfg(target_env,values("illumos","wasi","aix","ohos","nto71_iosock","nto80"))' --check-cfg 'cfg(target_arch,values("loongarch64","mips32r6","mips64r6","csky"))'`
   Compiling shlex v1.3.0
     Running `/home/opc/.rustup/toolchains/stable-aarch64-unknown-linux-gnu/bin/rustc --crate-name shlex --edition=2015 /home/opc/.cargo/registry/src/index.crates.io-1949cf8c6b5b557f/shlex-1.3.0/src/lib.rs --error-format=json --json=diagnostic-rendered-ansi,artifacts,future-incompat --crate-type lib --emit=dep-info,metadata,link -C embed-bitcode=no -C debug-assertions=off --cfg 'feature="default"' --cfg 'feature="std"' --check-cfg 'cfg(docsrs,test)' --check-cfg 'cfg(feature, values("default", "std"))' -C metadata=63f828d07c8c1408 -C extra-filename=-09f86a64dbc39195 --out-dir /tmp/crossdb-turso-target/release/deps -L dependency=/tmp/crossdb-turso-target/release/deps --cap-lints allow -C target-cpu=native`
   Compiling jobserver v0.1.32
     Running `/home/opc/.rustup/toolchains/stable-aarch64-unknown-linux-gnu/bin/rustc --crate-name jobserver --edition=2021 /home/opc/.cargo/registry/src/index.crates.io-1949cf8c6b5b557f/jobserver-0.1.32/src/lib.rs --error-format=json --json=diagnostic-rendered-ansi,artifacts,future-incompat --crate-type lib --emit=dep-info,metadata,link -C embed-bitcode=no -C debug-assertions=off --check-cfg 'cfg(docsrs,test)' --check-cfg 'cfg(feature, values())' -C metadata=2fd28c83299d6ca6 -C extra-filename=-adeaa38a889e0eaa --out-dir /tmp/crossdb-turso-target/release/deps -L dependency=/tmp/crossdb-turso-target/release/deps --extern libc=/tmp/crossdb-turso-target/release/deps/liblibc-589cd53c6ab72ee3.rmeta --cap-lints allow -C target-cpu=native`
   Compiling find-msvc-tools v0.1.9
     Running `/home/opc/.rustup/toolchains/stable-aarch64-unknown-linux-gnu/bin/rustc --crate-name find_msvc_tools --edition=2018 /home/opc/.cargo/registry/src/index.crates.io-1949cf8c6b5b557f/find-msvc-tools-0.1.9/src/lib.rs --error-format=json --json=diagnostic-rendered-ansi,artifacts,future-incompat --crate-type lib --emit=dep-info,metadata,link -C embed-bitcode=no --allow=unexpected_cfgs --check-cfg 'cfg(disable_clang_cl_tests)' -C debug-assertions=off --check-cfg 'cfg(docsrs,test)' --check-cfg 'cfg(feature, values())' -C metadata=a1a7379dd3945aa9 -C extra-filename=-14dcf8407e0114de --out-dir /tmp/crossdb-turso-target/release/deps -L dependency=/tmp/crossdb-turso-target/release/deps --cap-lints allow -C target-cpu=native`
   Compiling cc v1.2.59
     Running `/home/opc/.rustup/toolchains/stable-aarch64-unknown-linux-gnu/bin/rustc --crate-name cc --edition=2018 /home/opc/.cargo/registry/src/index.crates.io-1949cf8c6b5b557f/cc-1.2.59/src/lib.rs --error-format=json --json=diagnostic-rendered-ansi,artifacts,future-incompat --crate-type lib --emit=dep-info,metadata,link -C embed-bitcode=no --allow=unexpected_cfgs --check-cfg 'cfg(disable_clang_cl_tests)' -C debug-assertions=off --cfg 'feature="parallel"' --check-cfg 'cfg(docsrs,test)' --check-cfg 'cfg(feature, values("jobserver", "parallel"))' -C metadata=8e7fd332e8561a8c -C extra-filename=-00d7e0c0fb7385c9 --out-dir /tmp/crossdb-turso-target/release/deps -L dependency=/tmp/crossdb-turso-target/release/deps --extern find_msvc_tools=/tmp/crossdb-turso-target/release/deps/libfind_msvc_tools-14dcf8407e0114de.rmeta --extern jobserver=/tmp/crossdb-turso-target/release/deps/libjobserver-adeaa38a889e0eaa.rmeta --extern libc=/tmp/crossdb-turso-target/release/deps/liblibc-589cd53c6ab72ee3.rmeta --extern shlex=/tmp/crossdb-turso-target/release/deps/libshlex-09f86a64dbc39195.rmeta --cap-lints allow -C target-cpu=native`
   Compiling serde_core v1.0.228
     Running `/home/opc/.rustup/toolchains/stable-aarch64-unknown-linux-gnu/bin/rustc --crate-name build_script_build --edition=2021 /home/opc/.cargo/registry/src/index.crates.io-1949cf8c6b5b557f/serde_core-1.0.228/build.rs --error-format=json --json=diagnostic-rendered-ansi,artifacts,future-incompat --crate-type bin --emit=dep-info,link -C embed-bitcode=no -C debug-assertions=off --cfg 'feature="alloc"' --cfg 'feature="result"' --cfg 'feature="std"' --check-cfg 'cfg(docsrs,test)' --check-cfg 'cfg(feature, values("alloc", "default", "rc", "result", "std", "unstable"))' -C metadata=198397aa3a700aeb -C extra-filename=-f7860465f597f9ec --out-dir /tmp/crossdb-turso-target/release/build/serde_core-f7860465f597f9ec -L dependency=/tmp/crossdb-turso-target/release/deps --cap-lints allow -C target-cpu=native`
     Running `/tmp/crossdb-turso-target/release/build/serde_core-f7860465f597f9ec/build-script-build`
   Compiling stable_deref_trait v1.2.0
     Running `/home/opc/.rustup/toolchains/stable-aarch64-unknown-linux-gnu/bin/rustc --crate-name stable_deref_trait --edition=2015 /home/opc/.cargo/registry/src/index.crates.io-1949cf8c6b5b557f/stable_deref_trait-1.2.0/src/lib.rs --error-format=json --json=diagnostic-rendered-ansi,artifacts,future-incompat --crate-type lib --emit=dep-info,metadata,link -C opt-level=3 -C panic=abort -C codegen-units=4 -C debuginfo=line-tables-only --cfg 'feature="alloc"' --cfg 'feature="default"' --cfg 'feature="std"' --check-cfg 'cfg(docsrs,test)' --check-cfg 'cfg(feature, values("alloc", "default", "std"))' -C metadata=92e1866cafcc78b9 -C extra-filename=-ac71bddd65741783 --out-dir /tmp/crossdb-turso-target/release/deps -L dependency=/tmp/crossdb-turso-target/release/deps --cap-lints allow -C target-cpu=native`
     Running `/home/opc/.rustup/toolchains/stable-aarch64-unknown-linux-gnu/bin/rustc --crate-name serde_core --edition=2021 /home/opc/.cargo/registry/src/index.crates.io-1949cf8c6b5b557f/serde_core-1.0.228/src/lib.rs --error-format=json --json=diagnostic-rendered-ansi,artifacts,future-incompat --crate-type lib --emit=dep-info,metadata,link -C opt-level=3 -C panic=abort -C codegen-units=4 -C debuginfo=line-tables-only --cfg 'feature="alloc"' --cfg 'feature="result"' --cfg 'feature="std"' --check-cfg 'cfg(docsrs,test)' --check-cfg 'cfg(feature, values("alloc", "default", "rc", "result", "std", "unstable"))' -C metadata=d11cdd75b7d87eb0 -C extra-filename=-4bfcc51c8f5267bf --out-dir /tmp/crossdb-turso-target/release/deps -L dependency=/tmp/crossdb-turso-target/release/deps --cap-lints allow -C target-cpu=native --check-cfg 'cfg(if_docsrs_then_no_serde_core)' --check-cfg 'cfg(no_core_cstr)' --check-cfg 'cfg(no_core_error)' --check-cfg 'cfg(no_core_net)' --check-cfg 'cfg(no_core_num_saturating)' --check-cfg 'cfg(no_diagnostic_namespace)' --check-cfg 'cfg(no_serde_derive)' --check-cfg 'cfg(no_std_atomic)' --check-cfg 'cfg(no_std_atomic64)' --check-cfg 'cfg(no_target_has_atomic)'`
   Compiling version_check v0.9.5
     Running `/home/opc/.rustup/toolchains/stable-aarch64-unknown-linux-gnu/bin/rustc --crate-name version_check --edition=2015 /home/opc/.cargo/registry/src/index.crates.io-1949cf8c6b5b557f/version_check-0.9.5/src/lib.rs --error-format=json --json=diagnostic-rendered-ansi,artifacts,future-incompat --crate-type lib --emit=dep-info,metadata,link -C embed-bitcode=no -C debug-assertions=off --check-cfg 'cfg(docsrs,test)' --check-cfg 'cfg(feature, values())' -C metadata=f62a7582f63ec428 -C extra-filename=-91a03da230a9d0f5 --out-dir /tmp/crossdb-turso-target/release/deps -L dependency=/tmp/crossdb-turso-target/release/deps --cap-lints allow -C target-cpu=native`
   Compiling synstructure v0.13.1
     Running `/home/opc/.rustup/toolchains/stable-aarch64-unknown-linux-gnu/bin/rustc --crate-name synstructure --edition=2018 /home/opc/.cargo/registry/src/index.crates.io-1949cf8c6b5b557f/synstructure-0.13.1/src/lib.rs --error-format=json --json=diagnostic-rendered-ansi,artifacts,future-incompat --crate-type lib --emit=dep-info,metadata,link -C embed-bitcode=no -C debug-assertions=off --cfg 'feature="default"' --cfg 'feature="proc-macro"' --check-cfg 'cfg(docsrs,test)' --check-cfg 'cfg(feature, values("default", "proc-macro"))' -C metadata=827c6826cc70d21f -C extra-filename=-a5d6146f4f053a73 --out-dir /tmp/crossdb-turso-target/release/deps -L dependency=/tmp/crossdb-turso-target/release/deps --extern proc_macro2=/tmp/crossdb-turso-target/release/deps/libproc_macro2-161db97f1758d90e.rmeta --extern quote=/tmp/crossdb-turso-target/release/deps/libquote-5c3f7e33372cef0a.rmeta --extern syn=/tmp/crossdb-turso-target/release/deps/libsyn-73b8e456b142f972.rmeta --cap-lints allow -C target-cpu=native`
   Compiling serde v1.0.228
     Running `/home/opc/.rustup/toolchains/stable-aarch64-unknown-linux-gnu/bin/rustc --crate-name build_script_build --edition=2021 /home/opc/.cargo/registry/src/index.crates.io-1949cf8c6b5b557f/serde-1.0.228/build.rs --error-format=json --json=diagnostic-rendered-ansi,artifacts,future-incompat --crate-type bin --emit=dep-info,link -C embed-bitcode=no -C debug-assertions=off --cfg 'feature="alloc"' --cfg 'feature="default"' --cfg 'feature="derive"' --cfg 'feature="serde_derive"' --cfg 'feature="std"' --check-cfg 'cfg(docsrs,test)' --check-cfg 'cfg(feature, values("alloc", "default", "derive", "rc", "serde_derive", "std", "unstable"))' -C metadata=c5e28e1201db950d -C extra-filename=-2e3b95a48477fefc --out-dir /tmp/crossdb-turso-target/release/build/serde-2e3b95a48477fefc -L dependency=/tmp/crossdb-turso-target/release/deps --cap-lints allow -C target-cpu=native`
     Running `/tmp/crossdb-turso-target/release/build/serde-2e3b95a48477fefc/build-script-build`
   Compiling zerofrom-derive v0.1.6
     Running `/home/opc/.rustup/toolchains/stable-aarch64-unknown-linux-gnu/bin/rustc --crate-name zerofrom_derive --edition=2021 /home/opc/.cargo/registry/src/index.crates.io-1949cf8c6b5b557f/zerofrom-derive-0.1.6/src/lib.rs --error-format=json --json=diagnostic-rendered-ansi,artifacts,future-incompat --crate-type proc-macro --emit=dep-info,link -C prefer-dynamic -C embed-bitcode=no -C debug-assertions=off --check-cfg 'cfg(docsrs,test)' --check-cfg 'cfg(feature, values())' -C metadata=58c3b277ef009a70 -C extra-filename=-e1de7e0e928e3b1e --out-dir /tmp/crossdb-turso-target/release/deps -L dependency=/tmp/crossdb-turso-target/release/deps --extern proc_macro2=/tmp/crossdb-turso-target/release/deps/libproc_macro2-161db97f1758d90e.rlib --extern quote=/tmp/crossdb-turso-target/release/deps/libquote-5c3f7e33372cef0a.rlib --extern syn=/tmp/crossdb-turso-target/release/deps/libsyn-73b8e456b142f972.rlib --extern synstructure=/tmp/crossdb-turso-target/release/deps/libsynstructure-a5d6146f4f053a73.rlib --extern proc_macro --cap-lints allow -C target-cpu=native`
   Compiling serde_derive v1.0.228
     Running `/home/opc/.rustup/toolchains/stable-aarch64-unknown-linux-gnu/bin/rustc --crate-name serde_derive --edition=2021 /home/opc/.cargo/registry/src/index.crates.io-1949cf8c6b5b557f/serde_derive-1.0.228/src/lib.rs --error-format=json --json=diagnostic-rendered-ansi,artifacts,future-incompat --crate-type proc-macro --emit=dep-info,link -C prefer-dynamic -C embed-bitcode=no -C debug-assertions=off --cfg 'feature="default"' --check-cfg 'cfg(docsrs,test)' --check-cfg 'cfg(feature, values("default", "deserialize_in_place"))' -C metadata=07b5114c3d1d8ce2 -C extra-filename=-a6135c8d4fdc7571 --out-dir /tmp/crossdb-turso-target/release/deps -L dependency=/tmp/crossdb-turso-target/release/deps --extern proc_macro2=/tmp/crossdb-turso-target/release/deps/libproc_macro2-161db97f1758d90e.rlib --extern quote=/tmp/crossdb-turso-target/release/deps/libquote-5c3f7e33372cef0a.rlib --extern syn=/tmp/crossdb-turso-target/release/deps/libsyn-73b8e456b142f972.rlib --extern proc_macro --cap-lints allow -C target-cpu=native`
   Compiling typenum v1.18.0
     Running `/home/opc/.rustup/toolchains/stable-aarch64-unknown-linux-gnu/bin/rustc --crate-name build_script_build --edition=2018 /home/opc/.cargo/registry/src/index.crates.io-1949cf8c6b5b557f/typenum-1.18.0/build.rs --error-format=json --json=diagnostic-rendered-ansi,artifacts,future-incompat --crate-type bin --emit=dep-info,link -C embed-bitcode=no -C debug-assertions=off --check-cfg 'cfg(docsrs,test)' --check-cfg 'cfg(feature, values("const-generics", "force_unix_path_separator", "i128", "no_std", "scale-info", "scale_info", "strict"))' -C metadata=811dfcc3acc76ca6 -C extra-filename=-d493a696648e5198 --out-dir /tmp/crossdb-turso-target/release/build/typenum-d493a696648e5198 -L dependency=/tmp/crossdb-turso-target/release/deps --cap-lints allow -C target-cpu=native`
     Running `/tmp/crossdb-turso-target/release/build/typenum-d493a696648e5198/build-script-build`
   Compiling zerofrom v0.1.6
     Running `/home/opc/.rustup/toolchains/stable-aarch64-unknown-linux-gnu/bin/rustc --crate-name zerofrom --edition=2021 /home/opc/.cargo/registry/src/index.crates.io-1949cf8c6b5b557f/zerofrom-0.1.6/src/lib.rs --error-format=json --json=diagnostic-rendered-ansi,artifacts,future-incompat --crate-type lib --emit=dep-info,metadata,link -C opt-level=3 -C panic=abort -C codegen-units=4 -C debuginfo=line-tables-only --cfg 'feature="alloc"' --cfg 'feature="derive"' --check-cfg 'cfg(docsrs,test)' --check-cfg 'cfg(feature, values("alloc", "default", "derive"))' -C metadata=3a8e8086b49a0de0 -C extra-filename=-d8e68480b6c8415f --out-dir /tmp/crossdb-turso-target/release/deps -L dependency=/tmp/crossdb-turso-target/release/deps --extern zerofrom_derive=/tmp/crossdb-turso-target/release/deps/libzerofrom_derive-e1de7e0e928e3b1e.so --cap-lints allow -C target-cpu=native`
   Compiling yoke-derive v0.8.2
     Running `/home/opc/.rustup/toolchains/stable-aarch64-unknown-linux-gnu/bin/rustc --crate-name yoke_derive --edition=2021 /home/opc/.cargo/registry/src/index.crates.io-1949cf8c6b5b557f/yoke-derive-0.8.2/src/lib.rs --error-format=json --json=diagnostic-rendered-ansi,artifacts,future-incompat --crate-type proc-macro --emit=dep-info,link -C prefer-dynamic -C embed-bitcode=no '--warn=clippy::wildcard_dependencies' '--warn=clippy::useless_transmute' --warn=unused_qualifications --warn=unused_macro_rules --warn=unused_lifetimes '--warn=clippy::unnecessary-wraps' --warn=unexpected_cfgs '--deny=clippy::trivially_copy_pass_by_ref' --deny=trivial_numeric_casts '--warn=clippy::transmutes_expressible_as_ptr_casts' '--warn=clippy::transmute_undefined_repr' '--warn=clippy::transmute_ptr_to_ref' '--warn=clippy::transmute_ptr_to_ptr' '--warn=clippy::transmute_int_to_non_zero' '--warn=clippy::transmute_int_to_bool' '--warn=clippy::transmute_bytes_to_str' '--warn=clippy::todo' '--warn=clippy::same_functions_in_if_condition' '--warn=clippy::or-fun-call' '--warn=clippy::negative_feature_names' '--warn=clippy::missing_transmute_annotations' '--warn=clippy::missing_fields_in_debug' --deny=missing_debug_implementations '--warn=clippy::mismatching_type_param_order' '--warn=clippy::large_stack_arrays' '--warn=clippy::infinite_loop' '--warn=clippy::fn_to_numeric_cast_any' '--deny=clippy::exhaustive_structs' '--deny=clippy::exhaustive_enums' '--warn=clippy::doc_markdown' '--warn=clippy::debug_assert_with_mut_call' '--warn=clippy::dbg_macro' '--warn=clippy::crosspointer_transmute' '--warn=clippy::collection_is_never_read' '--warn=clippy::branches-sharing-code' '--warn=clippy::alloc-instead-of-core' --check-cfg 'cfg(icu4c_enable_renaming)' --check-cfg 'cfg(needs_alloc_error_handler)' --check-cfg 'cfg(icu4x_run_size_tests)' --check-cfg 'cfg(icu4x_unstable_fast_trie_only)' -C debug-assertions=off --check-cfg 'cfg(docsrs,test)' --check-cfg 'cfg(feature, values())' -C metadata=02b3f550a75687b4 -C extra-filename=-ca1e7ec5ffadc8fc --out-dir /tmp/crossdb-turso-target/release/deps -L dependency=/tmp/crossdb-turso-target/release/deps --extern proc_macro2=/tmp/crossdb-turso-target/release/deps/libproc_macro2-161db97f1758d90e.rlib --extern quote=/tmp/crossdb-turso-target/release/deps/libquote-5c3f7e33372cef0a.rlib --extern syn=/tmp/crossdb-turso-target/release/deps/libsyn-73b8e456b142f972.rlib --extern synstructure=/tmp/crossdb-turso-target/release/deps/libsynstructure-a5d6146f4f053a73.rlib --extern proc_macro --cap-lints allow -C target-cpu=native`
   Compiling generic-array v0.14.7
     Running `/home/opc/.rustup/toolchains/stable-aarch64-unknown-linux-gnu/bin/rustc --crate-name build_script_build --edition=2015 /home/opc/.cargo/registry/src/index.crates.io-1949cf8c6b5b557f/generic-array-0.14.7/build.rs --error-format=json --json=diagnostic-rendered-ansi,artifacts,future-incompat --crate-type bin --emit=dep-info,link -C embed-bitcode=no -C debug-assertions=off --cfg 'feature="more_lengths"' --check-cfg 'cfg(docsrs,test)' --check-cfg 'cfg(feature, values("more_lengths", "serde", "zeroize"))' -C metadata=8b5728a835a8675a -C extra-filename=-931cbff0256aa351 --out-dir /tmp/crossdb-turso-target/release/build/generic-array-931cbff0256aa351 -L dependency=/tmp/crossdb-turso-target/release/deps --extern version_check=/tmp/crossdb-turso-target/release/deps/libversion_check-91a03da230a9d0f5.rlib --cap-lints allow -C target-cpu=native`
     Running `/tmp/crossdb-turso-target/release/build/generic-array-931cbff0256aa351/build-script-build`
   Compiling yoke v0.8.2
     Running `/home/opc/.rustup/toolchains/stable-aarch64-unknown-linux-gnu/bin/rustc --crate-name yoke --edition=2021 /home/opc/.cargo/registry/src/index.crates.io-1949cf8c6b5b557f/yoke-0.8.2/src/lib.rs --error-format=json --json=diagnostic-rendered-ansi,artifacts,future-incompat --crate-type lib --emit=dep-info,metadata,link -C opt-level=3 -C panic=abort -C codegen-units=4 -C debuginfo=line-tables-only '--warn=clippy::wildcard_dependencies' '--warn=clippy::useless_transmute' --warn=unused_qualifications --warn=unused_macro_rules --warn=unused_lifetimes '--warn=clippy::unnecessary-wraps' --warn=unexpected_cfgs '--deny=clippy::trivially_copy_pass_by_ref' --deny=trivial_numeric_casts '--warn=clippy::transmutes_expressible_as_ptr_casts' '--warn=clippy::transmute_undefined_repr' '--warn=clippy::transmute_ptr_to_ref' '--warn=clippy::transmute_ptr_to_ptr' '--warn=clippy::transmute_int_to_non_zero' '--warn=clippy::transmute_int_to_bool' '--warn=clippy::transmute_bytes_to_str' '--warn=clippy::todo' '--warn=clippy::same_functions_in_if_condition' '--warn=clippy::or-fun-call' '--warn=clippy::negative_feature_names' '--warn=clippy::missing_transmute_annotations' '--warn=clippy::missing_fields_in_debug' --deny=missing_debug_implementations '--warn=clippy::mismatching_type_param_order' '--warn=clippy::large_stack_arrays' '--warn=clippy::infinite_loop' '--warn=clippy::fn_to_numeric_cast_any' '--deny=clippy::exhaustive_structs' '--deny=clippy::exhaustive_enums' '--warn=clippy::doc_markdown' '--warn=clippy::debug_assert_with_mut_call' '--warn=clippy::dbg_macro' '--warn=clippy::crosspointer_transmute' '--warn=clippy::collection_is_never_read' '--warn=clippy::branches-sharing-code' '--warn=clippy::alloc-instead-of-core' --check-cfg 'cfg(icu4c_enable_renaming)' --check-cfg 'cfg(needs_alloc_error_handler)' --check-cfg 'cfg(icu4x_run_size_tests)' --check-cfg 'cfg(icu4x_unstable_fast_trie_only)' --cfg 'feature="alloc"' --cfg 'feature="derive"' --cfg 'feature="zerofrom"' --check-cfg 'cfg(docsrs,test)' --check-cfg 'cfg(feature, values("alloc", "default", "derive", "serde", "zerofrom"))' -C metadata=69045faeff1bbacb -C extra-filename=-81fc6f497e0db8e1 --out-dir /tmp/crossdb-turso-target/release/deps -L dependency=/tmp/crossdb-turso-target/release/deps --extern stable_deref_trait=/tmp/crossdb-turso-target/release/deps/libstable_deref_trait-ac71bddd65741783.rmeta --extern yoke_derive=/tmp/crossdb-turso-target/release/deps/libyoke_derive-ca1e7ec5ffadc8fc.so --extern zerofrom=/tmp/crossdb-turso-target/release/deps/libzerofrom-d8e68480b6c8415f.rmeta --cap-lints allow -C target-cpu=native`
     Running `/home/opc/.rustup/toolchains/stable-aarch64-unknown-linux-gnu/bin/rustc --crate-name typenum --edition=2018 /home/opc/.cargo/registry/src/index.crates.io-1949cf8c6b5b557f/typenum-1.18.0/src/lib.rs --error-format=json --json=diagnostic-rendered-ansi,artifacts,future-incompat --crate-type lib --emit=dep-info,metadata,link -C opt-level=3 -C panic=abort -C codegen-units=4 -C debuginfo=line-tables-only --check-cfg 'cfg(docsrs,test)' --check-cfg 'cfg(feature, values("const-generics", "force_unix_path_separator", "i128", "no_std", "scale-info", "scale_info", "strict"))' -C metadata=0b41cdc453f67f1c -C extra-filename=-df5cf35600c385b3 --out-dir /tmp/crossdb-turso-target/release/deps -L dependency=/tmp/crossdb-turso-target/release/deps --cap-lints allow -C target-cpu=native`
     Running `/home/opc/.rustup/toolchains/stable-aarch64-unknown-linux-gnu/bin/rustc --crate-name serde --edition=2021 /home/opc/.cargo/registry/src/index.crates.io-1949cf8c6b5b557f/serde-1.0.228/src/lib.rs --error-format=json --json=diagnostic-rendered-ansi,artifacts,future-incompat --crate-type lib --emit=dep-info,metadata,link -C opt-level=3 -C panic=abort -C codegen-units=4 -C debuginfo=line-tables-only --cfg 'feature="alloc"' --cfg 'feature="default"' --cfg 'feature="derive"' --cfg 'feature="serde_derive"' --cfg 'feature="std"' --check-cfg 'cfg(docsrs,test)' --check-cfg 'cfg(feature, values("alloc", "default", "derive", "rc", "serde_derive", "std", "unstable"))' -C metadata=3e0941ed357e1625 -C extra-filename=-a35f3fcb983465f3 --out-dir /tmp/crossdb-turso-target/release/deps -L dependency=/tmp/crossdb-turso-target/release/deps --extern serde_core=/tmp/crossdb-turso-target/release/deps/libserde_core-4bfcc51c8f5267bf.rmeta --extern serde_derive=/tmp/crossdb-turso-target/release/deps/libserde_derive-a6135c8d4fdc7571.so --cap-lints allow -C target-cpu=native --cfg if_docsrs_then_no_serde_core --check-cfg 'cfg(feature, values("result"))' --check-cfg 'cfg(if_docsrs_then_no_serde_core)' --check-cfg 'cfg(no_core_cstr)' --check-cfg 'cfg(no_core_error)' --check-cfg 'cfg(no_core_net)' --check-cfg 'cfg(no_core_num_saturating)' --check-cfg 'cfg(no_diagnostic_namespace)' --check-cfg 'cfg(no_serde_derive)' --check-cfg 'cfg(no_std_atomic)' --check-cfg 'cfg(no_std_atomic64)' --check-cfg 'cfg(no_target_has_atomic)'`
   Compiling memchr v2.7.6
     Running `/home/opc/.rustup/toolchains/stable-aarch64-unknown-linux-gnu/bin/rustc --crate-name memchr --edition=2021 /home/opc/.cargo/registry/src/index.crates.io-1949cf8c6b5b557f/memchr-2.7.6/src/lib.rs --error-format=json --json=diagnostic-rendered-ansi,artifacts,future-incompat --crate-type lib --emit=dep-info,metadata,link -C opt-level=3 -C panic=abort -C codegen-units=4 -C debuginfo=line-tables-only --cfg 'feature="alloc"' --cfg 'feature="default"' --cfg 'feature="std"' --check-cfg 'cfg(docsrs,test)' --check-cfg 'cfg(feature, values("alloc", "core", "default", "libc", "logging", "rustc-dep-of-std", "std", "use_std"))' -C metadata=eafbd645019e342e -C extra-filename=-73a5922a5a6589ea --out-dir /tmp/crossdb-turso-target/release/deps -L dependency=/tmp/crossdb-turso-target/release/deps --cap-lints allow -C target-cpu=native`
     Running `/home/opc/.rustup/toolchains/stable-aarch64-unknown-linux-gnu/bin/rustc --crate-name generic_array --edition=2015 /home/opc/.cargo/registry/src/index.crates.io-1949cf8c6b5b557f/generic-array-0.14.7/src/lib.rs --error-format=json --json=diagnostic-rendered-ansi,artifacts,future-incompat --crate-type lib --emit=dep-info,metadata,link -C opt-level=3 -C panic=abort -C codegen-units=4 -C debuginfo=line-tables-only --cfg 'feature="more_lengths"' --check-cfg 'cfg(docsrs,test)' --check-cfg 'cfg(feature, values("more_lengths", "serde", "zeroize"))' -C metadata=37a8e6db4a8449b4 -C extra-filename=-822ba8a117379cb1 --out-dir /tmp/crossdb-turso-target/release/deps -L dependency=/tmp/crossdb-turso-target/release/deps --extern typenum=/tmp/crossdb-turso-target/release/deps/libtypenum-df5cf35600c385b3.rmeta --cap-lints allow -C target-cpu=native --cfg relaxed_coherence`
   Compiling zerovec-derive v0.11.3
     Running `/home/opc/.rustup/toolchains/stable-aarch64-unknown-linux-gnu/bin/rustc --crate-name zerovec_derive --edition=2021 /home/opc/.cargo/registry/src/index.crates.io-1949cf8c6b5b557f/zerovec-derive-0.11.3/src/lib.rs --error-format=json --json=diagnostic-rendered-ansi,artifacts,future-incompat --crate-type proc-macro --emit=dep-info,link -C prefer-dynamic -C embed-bitcode=no '--warn=clippy::wildcard_dependencies' '--warn=clippy::useless_transmute' --warn=unused_qualifications --warn=unused_macro_rules --warn=unused_lifetimes '--warn=clippy::unnecessary-wraps' --warn=unexpected_cfgs '--deny=clippy::trivially_copy_pass_by_ref' --deny=trivial_numeric_casts '--warn=clippy::transmutes_expressible_as_ptr_casts' '--warn=clippy::transmute_undefined_repr' '--warn=clippy::transmute_ptr_to_ref' '--warn=clippy::transmute_ptr_to_ptr' '--warn=clippy::transmute_int_to_non_zero' '--warn=clippy::transmute_int_to_bool' '--warn=clippy::transmute_bytes_to_str' '--warn=clippy::todo' '--warn=clippy::same_functions_in_if_condition' '--warn=clippy::or-fun-call' '--warn=clippy::negative_feature_names' '--warn=clippy::missing_transmute_annotations' '--warn=clippy::missing_fields_in_debug' --deny=missing_debug_implementations '--warn=clippy::mismatching_type_param_order' '--warn=clippy::large_stack_arrays' '--warn=clippy::infinite_loop' '--warn=clippy::fn_to_numeric_cast_any' '--deny=clippy::exhaustive_structs' '--deny=clippy::exhaustive_enums' '--warn=clippy::doc_markdown' '--warn=clippy::debug_assert_with_mut_call' '--warn=clippy::dbg_macro' '--warn=clippy::crosspointer_transmute' '--warn=clippy::collection_is_never_read' '--warn=clippy::branches-sharing-code' '--warn=clippy::alloc-instead-of-core' --check-cfg 'cfg(icu4c_enable_renaming)' --check-cfg 'cfg(needs_alloc_error_handler)' --check-cfg 'cfg(icu4x_run_size_tests)' --check-cfg 'cfg(icu4x_unstable_fast_trie_only)' -C debug-assertions=off --check-cfg 'cfg(docsrs,test)' --check-cfg 'cfg(feature, values())' -C metadata=fc60e78a290b1fa1 -C extra-filename=-3b54158cbed5aa47 --out-dir /tmp/crossdb-turso-target/release/deps -L dependency=/tmp/crossdb-turso-target/release/deps --extern proc_macro2=/tmp/crossdb-turso-target/release/deps/libproc_macro2-161db97f1758d90e.rlib --extern quote=/tmp/crossdb-turso-target/release/deps/libquote-5c3f7e33372cef0a.rlib --extern syn=/tmp/crossdb-turso-target/release/deps/libsyn-73b8e456b142f972.rlib --extern proc_macro --cap-lints allow -C target-cpu=native`
   Compiling num-traits v0.2.19
     Running `/home/opc/.rustup/toolchains/stable-aarch64-unknown-linux-gnu/bin/rustc --crate-name build_script_build --edition=2021 /home/opc/.cargo/registry/src/index.crates.io-1949cf8c6b5b557f/num-traits-0.2.19/build.rs --error-format=json --json=diagnostic-rendered-ansi,artifacts,future-incompat --crate-type bin --emit=dep-info,link -C embed-bitcode=no -C debug-assertions=off --cfg 'feature="default"' --cfg 'feature="i128"' --cfg 'feature="std"' --check-cfg 'cfg(docsrs,test)' --check-cfg 'cfg(feature, values("default", "i128", "libm", "std"))' -C metadata=d371c587962d6eb0 -C extra-filename=-1f78fea5a46593d9 --out-dir /tmp/crossdb-turso-target/release/build/num-traits-1f78fea5a46593d9 -L dependency=/tmp/crossdb-turso-target/release/deps --extern autocfg=/tmp/crossdb-turso-target/release/deps/libautocfg-1181c978d8838c6b.rlib --cap-lints allow -C target-cpu=native`
   Compiling getrandom v0.2.15
     Running `/home/opc/.rustup/toolchains/stable-aarch64-unknown-linux-gnu/bin/rustc --crate-name getrandom --edition=2018 /home/opc/.cargo/registry/src/index.crates.io-1949cf8c6b5b557f/getrandom-0.2.15/src/lib.rs --error-format=json --json=diagnostic-rendered-ansi,artifacts,future-incompat --crate-type lib --emit=dep-info,metadata,link -C opt-level=3 -C panic=abort -C codegen-units=4 -C debuginfo=line-tables-only --check-cfg 'cfg(docsrs,test)' --check-cfg 'cfg(feature, values("compiler_builtins", "core", "custom", "js", "js-sys", "linux_disable_fallback", "rdrand", "rustc-dep-of-std", "std", "test-in-browser", "wasm-bindgen"))' -C metadata=6bbf0760258aa33b -C extra-filename=-6e172dae747c34ef --out-dir /tmp/crossdb-turso-target/release/deps -L dependency=/tmp/crossdb-turso-target/release/deps --extern cfg_if=/tmp/crossdb-turso-target/release/deps/libcfg_if-f71fb6b7fffc9a44.rmeta --extern libc=/tmp/crossdb-turso-target/release/deps/liblibc-9e79d656281227d1.rmeta --cap-lints allow -C target-cpu=native`
   Compiling itoa v1.0.15
     Running `/home/opc/.rustup/toolchains/stable-aarch64-unknown-linux-gnu/bin/rustc --crate-name itoa --edition=2018 /home/opc/.cargo/registry/src/index.crates.io-1949cf8c6b5b557f/itoa-1.0.15/src/lib.rs --error-format=json --json=diagnostic-rendered-ansi,artifacts,future-incompat --crate-type lib --emit=dep-info,metadata,link -C opt-level=3 -C panic=abort -C codegen-units=4 -C debuginfo=line-tables-only --check-cfg 'cfg(docsrs,test)' --check-cfg 'cfg(feature, values("no-panic"))' -C metadata=e0d32bed6db48ac2 -C extra-filename=-107de0cfbb930261 --out-dir /tmp/crossdb-turso-target/release/deps -L dependency=/tmp/crossdb-turso-target/release/deps --cap-lints allow -C target-cpu=native`
   Compiling getrandom v0.3.2
     Running `/home/opc/.rustup/toolchains/stable-aarch64-unknown-linux-gnu/bin/rustc --crate-name build_script_build --edition=2021 /home/opc/.cargo/registry/src/index.crates.io-1949cf8c6b5b557f/getrandom-0.3.2/build.rs --error-format=json --json=diagnostic-rendered-ansi,artifacts,future-incompat --crate-type bin --emit=dep-info,link -C embed-bitcode=no --warn=unexpected_cfgs --check-cfg 'cfg(getrandom_backend, values("custom", "efi_rng", "rdrand", "rndr", "linux_getrandom", "linux_raw", "wasm_js"))' --check-cfg 'cfg(getrandom_msan)' --check-cfg 'cfg(getrandom_windows_legacy)' --check-cfg 'cfg(getrandom_test_linux_fallback)' --check-cfg 'cfg(getrandom_test_linux_without_fallback)' --check-cfg 'cfg(getrandom_test_netbsd_fallback)' --check-cfg 'cfg(target_os, values("cygwin"))' -C debug-assertions=off --cfg 'feature="std"' --check-cfg 'cfg(docsrs,test)' --check-cfg 'cfg(feature, values("rustc-dep-of-std", "std", "wasm_js"))' -C metadata=a005f11c67bd1065 -C extra-filename=-46971e7ed7097ec6 --out-dir /tmp/crossdb-turso-target/release/build/getrandom-46971e7ed7097ec6 -L dependency=/tmp/crossdb-turso-target/release/deps --cap-lints allow -C target-cpu=native`
   Compiling once_cell v1.21.3
     Running `/home/opc/.rustup/toolchains/stable-aarch64-unknown-linux-gnu/bin/rustc --crate-name once_cell --edition=2021 /home/opc/.cargo/registry/src/index.crates.io-1949cf8c6b5b557f/once_cell-1.21.3/src/lib.rs --error-format=json --json=diagnostic-rendered-ansi,artifacts,future-incompat --crate-type lib --emit=dep-info,metadata,link -C opt-level=3 -C panic=abort -C codegen-units=4 -C debuginfo=line-tables-only --cfg 'feature="alloc"' --cfg 'feature="default"' --cfg 'feature="race"' --cfg 'feature="std"' --check-cfg 'cfg(docsrs,test)' --check-cfg 'cfg(feature, values("alloc", "atomic-polyfill", "critical-section", "default", "parking_lot", "portable-atomic", "race", "std", "unstable"))' -C metadata=c6ff0dd7f4af6142 -C extra-filename=-ac8f9edf4458f87b --out-dir /tmp/crossdb-turso-target/release/deps -L dependency=/tmp/crossdb-turso-target/release/deps --cap-lints allow -C target-cpu=native`
   Compiling zerovec v0.11.6
     Running `/home/opc/.rustup/toolchains/stable-aarch64-unknown-linux-gnu/bin/rustc --crate-name zerovec --edition=2021 /home/opc/.cargo/registry/src/index.crates.io-1949cf8c6b5b557f/zerovec-0.11.6/src/lib.rs --error-format=json --json=diagnostic-rendered-ansi,artifacts,future-incompat --crate-type lib --emit=dep-info,metadata,link -C opt-level=3 -C panic=abort -C codegen-units=4 -C debuginfo=line-tables-only '--warn=clippy::wildcard_dependencies' '--warn=clippy::useless_transmute' --warn=unused_qualifications --warn=unused_macro_rules --warn=unused_lifetimes '--warn=clippy::unnecessary-wraps' --warn=unexpected_cfgs '--deny=clippy::trivially_copy_pass_by_ref' --deny=trivial_numeric_casts '--warn=clippy::transmutes_expressible_as_ptr_casts' '--warn=clippy::transmute_undefined_repr' '--warn=clippy::transmute_ptr_to_ref' '--warn=clippy::transmute_ptr_to_ptr' '--warn=clippy::transmute_int_to_non_zero' '--warn=clippy::transmute_int_to_bool' '--warn=clippy::transmute_bytes_to_str' '--warn=clippy::todo' '--warn=clippy::same_functions_in_if_condition' '--warn=clippy::or-fun-call' '--warn=clippy::negative_feature_names' '--warn=clippy::missing_transmute_annotations' '--warn=clippy::missing_fields_in_debug' --deny=missing_debug_implementations '--warn=clippy::mismatching_type_param_order' '--warn=clippy::large_stack_arrays' '--warn=clippy::infinite_loop' '--warn=clippy::fn_to_numeric_cast_any' '--deny=clippy::exhaustive_structs' '--deny=clippy::exhaustive_enums' '--warn=clippy::doc_markdown' '--warn=clippy::debug_assert_with_mut_call' '--warn=clippy::dbg_macro' '--warn=clippy::crosspointer_transmute' '--warn=clippy::collection_is_never_read' '--warn=clippy::branches-sharing-code' '--warn=clippy::alloc-instead-of-core' --check-cfg 'cfg(icu4c_enable_renaming)' --check-cfg 'cfg(needs_alloc_error_handler)' --check-cfg 'cfg(icu4x_run_size_tests)' --check-cfg 'cfg(icu4x_unstable_fast_trie_only)' --cfg 'feature="alloc"' --cfg 'feature="derive"' --cfg 'feature="yoke"' --check-cfg 'cfg(docsrs,test)' --check-cfg 'cfg(feature, values("alloc", "databake", "derive", "hashmap", "schemars", "serde", "std", "yoke"))' -C metadata=635961ac61c5f3f2 -C extra-filename=-1b6f2ce8fecf604a --out-dir /tmp/crossdb-turso-target/release/deps -L dependency=/tmp/crossdb-turso-target/release/deps --extern yoke=/tmp/crossdb-turso-target/release/deps/libyoke-81fc6f497e0db8e1.rmeta --extern zerofrom=/tmp/crossdb-turso-target/release/deps/libzerofrom-d8e68480b6c8415f.rmeta --extern zerovec_derive=/tmp/crossdb-turso-target/release/deps/libzerovec_derive-3b54158cbed5aa47.so --cap-lints allow -C target-cpu=native`
     Running `/tmp/crossdb-turso-target/release/build/getrandom-46971e7ed7097ec6/build-script-build`
   Compiling rand_core v0.6.4
     Running `/home/opc/.rustup/toolchains/stable-aarch64-unknown-linux-gnu/bin/rustc --crate-name rand_core --edition=2018 /home/opc/.cargo/registry/src/index.crates.io-1949cf8c6b5b557f/rand_core-0.6.4/src/lib.rs --error-format=json --json=diagnostic-rendered-ansi,artifacts,future-incompat --crate-type lib --emit=dep-info,metadata,link -C opt-level=3 -C panic=abort -C codegen-units=4 -C debuginfo=line-tables-only --cfg 'feature="getrandom"' --check-cfg 'cfg(docsrs,test)' --check-cfg 'cfg(feature, values("alloc", "getrandom", "serde", "serde1", "std"))' -C metadata=0b70e4fdaa814571 -C extra-filename=-f86a94f7ee17f039 --out-dir /tmp/crossdb-turso-target/release/deps -L dependency=/tmp/crossdb-turso-target/release/deps --extern getrandom=/tmp/crossdb-turso-target/release/deps/libgetrandom-6e172dae747c34ef.rmeta --cap-lints allow -C target-cpu=native`
     Running `/tmp/crossdb-turso-target/release/build/num-traits-1f78fea5a46593d9/build-script-build`
   Compiling displaydoc v0.2.5
     Running `/home/opc/.rustup/toolchains/stable-aarch64-unknown-linux-gnu/bin/rustc --crate-name displaydoc --edition=2021 /home/opc/.cargo/registry/src/index.crates.io-1949cf8c6b5b557f/displaydoc-0.2.5/src/lib.rs --error-format=json --json=diagnostic-rendered-ansi,artifacts,future-incompat --crate-type proc-macro --emit=dep-info,link -C prefer-dynamic -C embed-bitcode=no -C debug-assertions=off --check-cfg 'cfg(docsrs,test)' --check-cfg 'cfg(feature, values("default", "std"))' -C metadata=0870133c48afe57a -C extra-filename=-a09172fdd7b3ea9b --out-dir /tmp/crossdb-turso-target/release/deps -L dependency=/tmp/crossdb-turso-target/release/deps --extern proc_macro2=/tmp/crossdb-turso-target/release/deps/libproc_macro2-161db97f1758d90e.rlib --extern quote=/tmp/crossdb-turso-target/release/deps/libquote-5c3f7e33372cef0a.rlib --extern syn=/tmp/crossdb-turso-target/release/deps/libsyn-73b8e456b142f972.rlib --extern proc_macro --cap-lints allow -C target-cpu=native`
   Compiling pkg-config v0.3.32
     Running `/home/opc/.rustup/toolchains/stable-aarch64-unknown-linux-gnu/bin/rustc --crate-name pkg_config --edition=2018 /home/opc/.cargo/registry/src/index.crates.io-1949cf8c6b5b557f/pkg-config-0.3.32/src/lib.rs --error-format=json --json=diagnostic-rendered-ansi,artifacts,future-incompat --crate-type lib --emit=dep-info,metadata,link -C embed-bitcode=no -C debug-assertions=off --check-cfg 'cfg(docsrs,test)' --check-cfg 'cfg(feature, values())' -C metadata=4e60fc4b18759865 -C extra-filename=-4c6acf5230efa2d7 --out-dir /tmp/crossdb-turso-target/release/deps -L dependency=/tmp/crossdb-turso-target/release/deps --cap-lints allow -C target-cpu=native`
   Compiling rustversion v1.0.20
     Running `/home/opc/.rustup/toolchains/stable-aarch64-unknown-linux-gnu/bin/rustc --crate-name build_script_build --edition=2018 /home/opc/.cargo/registry/src/index.crates.io-1949cf8c6b5b557f/rustversion-1.0.20/build/build.rs --error-format=json --json=diagnostic-rendered-ansi,artifacts,future-incompat --crate-type bin --emit=dep-info,link -C embed-bitcode=no -C debug-assertions=off --check-cfg 'cfg(docsrs,test)' --check-cfg 'cfg(feature, values())' -C metadata=c89bca981c618dca -C extra-filename=-d776e00199818601 --out-dir /tmp/crossdb-turso-target/release/build/rustversion-d776e00199818601 -L dependency=/tmp/crossdb-turso-target/release/deps --cap-lints allow -C target-cpu=native`
   Compiling crossbeam-utils v0.8.21
     Running `/home/opc/.rustup/toolchains/stable-aarch64-unknown-linux-gnu/bin/rustc --crate-name build_script_build --edition=2021 /home/opc/.cargo/registry/src/index.crates.io-1949cf8c6b5b557f/crossbeam-utils-0.8.21/build.rs --error-format=json --json=diagnostic-rendered-ansi,artifacts,future-incompat --crate-type bin --emit=dep-info,link -C embed-bitcode=no --warn=unexpected_cfgs '--allow=clippy::lint_groups_priority' '--allow=clippy::declare_interior_mutable_const' --check-cfg 'cfg(crossbeam_loom)' --check-cfg 'cfg(crossbeam_sanitize)' -C debug-assertions=off --cfg 'feature="default"' --cfg 'feature="std"' --check-cfg 'cfg(docsrs,test)' --check-cfg 'cfg(feature, values("default", "loom", "nightly", "std"))' -C metadata=3886841ebf79bc91 -C extra-filename=-6dfffe2180046fd4 --out-dir /tmp/crossdb-turso-target/release/build/crossbeam-utils-6dfffe2180046fd4 -L dependency=/tmp/crossdb-turso-target/release/deps --cap-lints allow -C target-cpu=native`
   Compiling pin-project-lite v0.2.16
     Running `/home/opc/.rustup/toolchains/stable-aarch64-unknown-linux-gnu/bin/rustc --crate-name pin_project_lite --edition=2018 /home/opc/.cargo/registry/src/index.crates.io-1949cf8c6b5b557f/pin-project-lite-0.2.16/src/lib.rs --error-format=json --json=diagnostic-rendered-ansi,artifacts,future-incompat --crate-type lib --emit=dep-info,metadata,link -C opt-level=3 -C panic=abort -C codegen-units=4 -C debuginfo=line-tables-only --warn=unreachable_pub --warn=unexpected_cfgs '--warn=clippy::undocumented_unsafe_blocks' '--warn=clippy::transmute_undefined_repr' '--warn=clippy::trailing_empty_array' --warn=single_use_lifetimes --warn=rust_2018_idioms '--warn=clippy::pedantic' --warn=non_ascii_idents '--warn=clippy::inline_asm_x86_att_syntax' --warn=improper_ctypes_definitions --warn=improper_ctypes --warn=deprecated_safe '--warn=clippy::default_union_representation' '--warn=clippy::as_underscore' '--warn=clippy::as_ptr_cast_mut' '--warn=clippy::all' '--allow=clippy::unreadable_literal' '--allow=clippy::type_complexity' '--allow=clippy::too_many_lines' '--allow=clippy::too_many_arguments' '--allow=clippy::struct_field_names' '--allow=clippy::struct_excessive_bools' '--allow=clippy::single_match_else' '--allow=clippy::single_match' '--allow=clippy::similar_names' '--allow=clippy::range_plus_one' '--allow=clippy::nonminimal_bool' '--allow=clippy::naive_bytecount' '--allow=clippy::module_name_repetitions' '--allow=clippy::missing_errors_doc' '--allow=clippy::manual_range_contains' '--allow=clippy::manual_assert' '--allow=clippy::lint_groups_priority' '--allow=clippy::incompatible_msrv' '--allow=clippy::float_cmp' '--allow=clippy::doc_markdown' '--allow=clippy::declare_interior_mutable_const' '--allow=clippy::cast_lossless' '--allow=clippy::borrow_as_ptr' '--allow=clippy::bool_assert_comparison' --check-cfg 'cfg(docsrs,test)' --check-cfg 'cfg(feature, values())' -C metadata=6562f3d184b8a0dd -C extra-filename=-8a3f8391f3e45f67 --out-dir /tmp/crossdb-turso-target/release/deps -L dependency=/tmp/crossdb-turso-target/release/deps --cap-lints allow -C target-cpu=native`
   Compiling regex-syntax v0.8.5
     Running `/home/opc/.rustup/toolchains/stable-aarch64-unknown-linux-gnu/bin/rustc --crate-name regex_syntax --edition=2021 /home/opc/.cargo/registry/src/index.crates.io-1949cf8c6b5b557f/regex-syntax-0.8.5/src/lib.rs --error-format=json --json=diagnostic-rendered-ansi,artifacts,future-incompat --crate-type lib --emit=dep-info,metadata,link -C opt-level=3 -C panic=abort -C codegen-units=4 -C debuginfo=line-tables-only --cfg 'feature="default"' --cfg 'feature="std"' --cfg 'feature="unicode"' --cfg 'feature="unicode-age"' --cfg 'feature="unicode-bool"' --cfg 'feature="unicode-case"' --cfg 'feature="unicode-gencat"' --cfg 'feature="unicode-perl"' --cfg 'feature="unicode-script"' --cfg 'feature="unicode-segment"' --check-cfg 'cfg(docsrs,test)' --check-cfg 'cfg(feature, values("arbitrary", "default", "std", "unicode", "unicode-age", "unicode-bool", "unicode-case", "unicode-gencat", "unicode-perl", "unicode-script", "unicode-segment"))' -C metadata=29c75d6b5a18bed7 -C extra-filename=-a846623b54585926 --out-dir /tmp/crossdb-turso-target/release/deps -L dependency=/tmp/crossdb-turso-target/release/deps --cap-lints allow -C target-cpu=native`
   Compiling prettyplease v0.2.34
     Running `/home/opc/.rustup/toolchains/stable-aarch64-unknown-linux-gnu/bin/rustc --crate-name build_script_build --edition=2021 /home/opc/.cargo/registry/src/index.crates.io-1949cf8c6b5b557f/prettyplease-0.2.34/build.rs --error-format=json --json=diagnostic-rendered-ansi,artifacts,future-incompat --crate-type bin --emit=dep-info,link -C embed-bitcode=no -C debug-assertions=off --cfg 'feature="verbatim"' --check-cfg 'cfg(docsrs,test)' --check-cfg 'cfg(feature, values("verbatim"))' -C metadata=f17c068659d6662a -C extra-filename=-afca063a0292576d --out-dir /tmp/crossdb-turso-target/release/build/prettyplease-afca063a0292576d -L dependency=/tmp/crossdb-turso-target/release/deps --cap-lints allow -C target-cpu=native`
   Compiling semver v1.0.26
     Running `/home/opc/.rustup/toolchains/stable-aarch64-unknown-linux-gnu/bin/rustc --crate-name build_script_build --edition=2018 /home/opc/.cargo/registry/src/index.crates.io-1949cf8c6b5b557f/semver-1.0.26/build.rs --error-format=json --json=diagnostic-rendered-ansi,artifacts,future-incompat --crate-type bin --emit=dep-info,link -C embed-bitcode=no -C debug-assertions=off --cfg 'feature="default"' --cfg 'feature="std"' --check-cfg 'cfg(docsrs,test)' --check-cfg 'cfg(feature, values("default", "serde", "std"))' -C metadata=0840db08e6f32d17 -C extra-filename=-be769fd34c1667d4 --out-dir /tmp/crossdb-turso-target/release/build/semver-be769fd34c1667d4 -L dependency=/tmp/crossdb-turso-target/release/deps --cap-lints allow -C target-cpu=native`
     Running `/tmp/crossdb-turso-target/release/build/semver-be769fd34c1667d4/build-script-build`
     Running `/tmp/crossdb-turso-target/release/build/prettyplease-afca063a0292576d/build-script-build`
     Running `/tmp/crossdb-turso-target/release/build/crossbeam-utils-6dfffe2180046fd4/build-script-build`
   Compiling zstd-sys v2.0.16+zstd.1.5.7
     Running `/home/opc/.rustup/toolchains/stable-aarch64-unknown-linux-gnu/bin/rustc --crate-name build_script_build --edition=2018 /home/opc/.cargo/registry/src/index.crates.io-1949cf8c6b5b557f/zstd-sys-2.0.16+zstd.1.5.7/build.rs --error-format=json --json=diagnostic-rendered-ansi,artifacts,future-incompat --crate-type bin --emit=dep-info,link -C embed-bitcode=no --allow=non_upper_case_globals -C debug-assertions=off --cfg 'feature="experimental"' --cfg 'feature="legacy"' --cfg 'feature="std"' --cfg 'feature="zdict_builder"' --check-cfg 'cfg(docsrs,test)' --check-cfg 'cfg(feature, values("bindgen", "debug", "default", "experimental", "fat-lto", "legacy", "no_asm", "no_wasm_shim", "non-cargo", "pkg-config", "seekable", "std", "thin", "thin-lto", "zdict_builder", "zstdmt"))' -C metadata=62cefb5dcdde75d3 -C extra-filename=-93302c1727549f9c --out-dir /tmp/crossdb-turso-target/release/build/zstd-sys-93302c1727549f9c -L dependency=/tmp/crossdb-turso-target/release/deps --extern cc=/tmp/crossdb-turso-target/release/deps/libcc-00d7e0c0fb7385c9.rlib --extern pkg_config=/tmp/crossdb-turso-target/release/deps/libpkg_config-4c6acf5230efa2d7.rlib --cap-lints allow -C target-cpu=native`
     Running `/tmp/crossdb-turso-target/release/build/rustversion-d776e00199818601/build-script-build`
     Running `/home/opc/.rustup/toolchains/stable-aarch64-unknown-linux-gnu/bin/rustc --crate-name num_traits --edition=2021 /home/opc/.cargo/registry/src/index.crates.io-1949cf8c6b5b557f/num-traits-0.2.19/src/lib.rs --error-format=json --json=diagnostic-rendered-ansi,artifacts,future-incompat --crate-type lib --emit=dep-info,metadata,link -C opt-level=3 -C panic=abort -C codegen-units=4 -C debuginfo=line-tables-only --cfg 'feature="default"' --cfg 'feature="i128"' --cfg 'feature="std"' --check-cfg 'cfg(docsrs,test)' --check-cfg 'cfg(feature, values("default", "i128", "libm", "std"))' -C metadata=39eb403267cad7d7 -C extra-filename=-5a0c67f6c18575a5 --out-dir /tmp/crossdb-turso-target/release/deps -L dependency=/tmp/crossdb-turso-target/release/deps --cap-lints allow -C target-cpu=native --cfg has_total_cmp --check-cfg 'cfg(has_total_cmp)'`
   Compiling crypto-common v0.1.6
     Running `/home/opc/.rustup/toolchains/stable-aarch64-unknown-linux-gnu/bin/rustc --crate-name crypto_common --edition=2018 /home/opc/.cargo/registry/src/index.crates.io-1949cf8c6b5b557f/crypto-common-0.1.6/src/lib.rs --error-format=json --json=diagnostic-rendered-ansi,artifacts,future-incompat --crate-type lib --emit=dep-info,metadata,link -C opt-level=3 -C panic=abort -C codegen-units=4 -C debuginfo=line-tables-only --cfg 'feature="getrandom"' --cfg 'feature="rand_core"' --check-cfg 'cfg(docsrs,test)' --check-cfg 'cfg(feature, values("getrandom", "rand_core", "std"))' -C metadata=7c2222d88afeac0b -C extra-filename=-957d27d2cec6a8fa --out-dir /tmp/crossdb-turso-target/release/deps -L dependency=/tmp/crossdb-turso-target/release/deps --extern generic_array=/tmp/crossdb-turso-target/release/deps/libgeneric_array-822ba8a117379cb1.rmeta --extern rand_core=/tmp/crossdb-turso-target/release/deps/librand_core-f86a94f7ee17f039.rmeta --extern typenum=/tmp/crossdb-turso-target/release/deps/libtypenum-df5cf35600c385b3.rmeta --cap-lints allow -C target-cpu=native`
     Running `/home/opc/.rustup/toolchains/stable-aarch64-unknown-linux-gnu/bin/rustc --crate-name getrandom --edition=2021 /home/opc/.cargo/registry/src/index.crates.io-1949cf8c6b5b557f/getrandom-0.3.2/src/lib.rs --error-format=json --json=diagnostic-rendered-ansi,artifacts,future-incompat --crate-type lib --emit=dep-info,metadata,link -C opt-level=3 -C panic=abort -C codegen-units=4 -C debuginfo=line-tables-only --warn=unexpected_cfgs --check-cfg 'cfg(getrandom_backend, values("custom", "efi_rng", "rdrand", "rndr", "linux_getrandom", "linux_raw", "wasm_js"))' --check-cfg 'cfg(getrandom_msan)' --check-cfg 'cfg(getrandom_windows_legacy)' --check-cfg 'cfg(getrandom_test_linux_fallback)' --check-cfg 'cfg(getrandom_test_linux_without_fallback)' --check-cfg 'cfg(getrandom_test_netbsd_fallback)' --check-cfg 'cfg(target_os, values("cygwin"))' --cfg 'feature="std"' --check-cfg 'cfg(docsrs,test)' --check-cfg 'cfg(feature, values("rustc-dep-of-std", "std", "wasm_js"))' -C metadata=f3dab65ea294d8af -C extra-filename=-a85e777aeef9e616 --out-dir /tmp/crossdb-turso-target/release/deps -L dependency=/tmp/crossdb-turso-target/release/deps --extern cfg_if=/tmp/crossdb-turso-target/release/deps/libcfg_if-f71fb6b7fffc9a44.rmeta --extern libc=/tmp/crossdb-turso-target/release/deps/liblibc-9e79d656281227d1.rmeta --cap-lints allow -C target-cpu=native`
   Compiling bitflags v2.9.4
     Running `/home/opc/.rustup/toolchains/stable-aarch64-unknown-linux-gnu/bin/rustc --crate-name bitflags --edition=2021 /home/opc/.cargo/registry/src/index.crates.io-1949cf8c6b5b557f/bitflags-2.9.4/src/lib.rs --error-format=json --json=diagnostic-rendered-ansi,artifacts,future-incompat --crate-type lib --emit=dep-info,metadata,link -C opt-level=3 -C panic=abort -C codegen-units=4 -C debuginfo=line-tables-only --cfg 'feature="std"' --check-cfg 'cfg(docsrs,test)' --check-cfg 'cfg(feature, values("arbitrary", "bytemuck", "example_generated", "serde", "std"))' -C metadata=782dcae5b9db6a76 -C extra-filename=-2a3983efc3670ae1 --out-dir /tmp/crossdb-turso-target/release/deps -L dependency=/tmp/crossdb-turso-target/release/deps --cap-lints allow -C target-cpu=native`
   Compiling powerfmt v0.2.0
     Running `/home/opc/.rustup/toolchains/stable-aarch64-unknown-linux-gnu/bin/rustc --crate-name powerfmt --edition=2021 /home/opc/.cargo/registry/src/index.crates.io-1949cf8c6b5b557f/powerfmt-0.2.0/src/lib.rs --error-format=json --json=diagnostic-rendered-ansi,artifacts,future-incompat --crate-type lib --emit=dep-info,metadata,link -C opt-level=3 -C panic=abort -C codegen-units=4 -C debuginfo=line-tables-only --check-cfg 'cfg(docsrs,test)' --check-cfg 'cfg(feature, values("alloc", "default", "macros", "std"))' -C metadata=d932463be5abb72c -C extra-filename=-a452f62cf9691e21 --out-dir /tmp/crossdb-turso-target/release/deps -L dependency=/tmp/crossdb-turso-target/release/deps --cap-lints allow -C target-cpu=native`
   Compiling writeable v0.6.3
     Running `/home/opc/.rustup/toolchains/stable-aarch64-unknown-linux-gnu/bin/rustc --crate-name writeable --edition=2021 /home/opc/.cargo/registry/src/index.crates.io-1949cf8c6b5b557f/writeable-0.6.3/src/lib.rs --error-format=json --json=diagnostic-rendered-ansi,artifacts,future-incompat --crate-type lib --emit=dep-info,metadata,link -C opt-level=3 -C panic=abort -C codegen-units=4 -C debuginfo=line-tables-only '--warn=clippy::wildcard_dependencies' '--warn=clippy::useless_transmute' --warn=unused_qualifications --warn=unused_macro_rules --warn=unused_lifetimes '--warn=clippy::unnecessary-wraps' --warn=unexpected_cfgs '--deny=clippy::trivially_copy_pass_by_ref' --deny=trivial_numeric_casts '--warn=clippy::transmutes_expressible_as_ptr_casts' '--warn=clippy::transmute_undefined_repr' '--warn=clippy::transmute_ptr_to_ref' '--warn=clippy::transmute_ptr_to_ptr' '--warn=clippy::transmute_int_to_non_zero' '--warn=clippy::transmute_int_to_bool' '--warn=clippy::transmute_bytes_to_str' '--warn=clippy::todo' '--warn=clippy::same_functions_in_if_condition' '--warn=clippy::or-fun-call' '--warn=clippy::negative_feature_names' '--warn=clippy::missing_transmute_annotations' '--warn=clippy::missing_fields_in_debug' --deny=missing_debug_implementations '--warn=clippy::mismatching_type_param_order' '--warn=clippy::large_stack_arrays' '--warn=clippy::infinite_loop' '--warn=clippy::fn_to_numeric_cast_any' '--deny=clippy::exhaustive_structs' '--deny=clippy::exhaustive_enums' '--warn=clippy::doc_markdown' '--warn=clippy::debug_assert_with_mut_call' '--warn=clippy::dbg_macro' '--warn=clippy::crosspointer_transmute' '--warn=clippy::collection_is_never_read' '--warn=clippy::branches-sharing-code' '--warn=clippy::alloc-instead-of-core' --check-cfg 'cfg(icu4c_enable_renaming)' --check-cfg 'cfg(needs_alloc_error_handler)' --check-cfg 'cfg(icu4x_run_size_tests)' --check-cfg 'cfg(icu4x_unstable_fast_trie_only)' --cfg 'feature="alloc"' --check-cfg 'cfg(docsrs,test)' --check-cfg 'cfg(feature, values("alloc", "default", "either"))' -C metadata=9f5515693cf2611e -C extra-filename=-61a1c463357a1928 --out-dir /tmp/crossdb-turso-target/release/deps -L dependency=/tmp/crossdb-turso-target/release/deps --cap-lints allow -C target-cpu=native`
   Compiling deranged v0.5.8
     Running `/home/opc/.rustup/toolchains/stable-aarch64-unknown-linux-gnu/bin/rustc --crate-name deranged --edition=2021 /home/opc/.cargo/registry/src/index.crates.io-1949cf8c6b5b557f/deranged-0.5.8/src/lib.rs --error-format=json --json=diagnostic-rendered-ansi,artifacts,future-incompat --crate-type lib --emit=dep-info,metadata,link -C opt-level=3 -C panic=abort -C codegen-units=4 -C debuginfo=line-tables-only --warn=unused '--warn=clippy::nursery' '--warn=clippy::all' --warn=variant-size-differences '--warn=clippy::use-debug' '--warn=clippy::unwrap-used' '--warn=clippy::unwrap-in-result' --warn=unused-qualifications --warn=unused-lifetimes --warn=unused-import-braces --deny=unstable-syntax-pre-expansion --deny=unsafe-op-in-unsafe-fn --warn=unreachable-pub '--warn=clippy::unnested-or-patterns' --deny=unnameable-test-items '--warn=clippy::uninlined-format-args' '--warn=clippy::unimplemented' '--warn=rustdoc::unescaped-backticks' '--deny=clippy::undocumented-unsafe-blocks' --deny=unconditional-recursion --warn=trivial-numeric-casts --warn=trivial-casts '--warn=clippy::todo' --deny=suspicious-double-ref-op '--deny=clippy::std-instead-of-core' --warn=single-use-lifetimes '--warn=clippy::semicolon-outside-block' '--allow=clippy::redundant-pub-crate' '--warn=rustdoc::private-doc-tests' '--warn=clippy::print-stdout' --deny=overlapping-range-endpoints '--allow=clippy::option-if-let-else' --deny=opaque-hidden-inferred-bound '--warn=clippy::obfuscated-if-else' --warn=noop-method-call --deny=non-ascii-idents --deny=named-arguments-used-positionally '--warn=clippy::missing-enforced-import-renames' '--warn=clippy::missing-docs-in-private-items' --warn=missing-docs --warn=missing-debug-implementations --warn=missing-copy-implementations --warn=missing-abi --warn=meta-variable-misuse '--warn=clippy::manual-let-else' --warn=macro-use-extern-crate --warn=let-underscore --warn=keyword-idents --deny=invalid-value --deny=invalid-reference-casting --deny=invalid-nan-comparisons --deny=invalid-macro-export-arguments --deny=invalid-from-utf8 --deny=improper-ctypes-definitions --deny=improper-ctypes --deny=hidden-glob-reexports '--warn=clippy::get-unwrap' --deny=future-incompatible '--warn=clippy::explicit-auto-deref' --deny=drop-bounds --deny=deref-nullptr '--warn=clippy::decimal-literal-representation' '--warn=clippy::dbg-macro' --deny=dangling-pointers-from-temporaries --deny=const-item-mutation --deny=clashing-extern-declarations --deny=ambiguous-glob-reexports '--deny=clippy::alloc-instead-of-core' --warn=unstable-name-collisions --allow=path-statements --cfg 'feature="default"' --cfg 'feature="powerfmt"' --cfg 'feature="serde"' --check-cfg 'cfg(docsrs,test)' --check-cfg 'cfg(feature, values("alloc", "default", "macros", "num", "powerfmt", "quickcheck", "rand", "rand010", "rand08", "rand09", "serde"))' -C metadata=eec4944c0e1604d8 -C extra-filename=-9eba4168d93cef63 --out-dir /tmp/crossdb-turso-target/release/deps -L dependency=/tmp/crossdb-turso-target/release/deps --extern powerfmt=/tmp/crossdb-turso-target/release/deps/libpowerfmt-a452f62cf9691e21.rmeta --extern serde_core=/tmp/crossdb-turso-target/release/deps/libserde_core-4bfcc51c8f5267bf.rmeta --cap-lints allow -C target-cpu=native`
     Running `/home/opc/.rustup/toolchains/stable-aarch64-unknown-linux-gnu/bin/rustc --crate-name rustversion --edition=2018 /home/opc/.cargo/registry/src/index.crates.io-1949cf8c6b5b557f/rustversion-1.0.20/src/lib.rs --error-format=json --json=diagnostic-rendered-ansi,artifacts,future-incompat --crate-type proc-macro --emit=dep-info,link -C prefer-dynamic -C embed-bitcode=no -C debug-assertions=off --check-cfg 'cfg(docsrs,test)' --check-cfg 'cfg(feature, values())' -C metadata=ab8b87944a3f2956 -C extra-filename=-0f4c0136ff4a3743 --out-dir /tmp/crossdb-turso-target/release/deps -L dependency=/tmp/crossdb-turso-target/release/deps --extern proc_macro --cap-lints allow -C target-cpu=native --check-cfg 'cfg(cfg_macro_not_allowed)' --check-cfg 'cfg(host_os, values("windows"))'`
     Running `/tmp/crossdb-turso-target/release/build/zstd-sys-93302c1727549f9c/build-script-build`
     Running `/home/opc/.rustup/toolchains/stable-aarch64-unknown-linux-gnu/bin/rustc --crate-name crossbeam_utils --edition=2021 /home/opc/.cargo/registry/src/index.crates.io-1949cf8c6b5b557f/crossbeam-utils-0.8.21/src/lib.rs --error-format=json --json=diagnostic-rendered-ansi,artifacts,future-incompat --crate-type lib --emit=dep-info,metadata,link -C opt-level=3 -C panic=abort -C codegen-units=4 -C debuginfo=line-tables-only --warn=unexpected_cfgs '--allow=clippy::lint_groups_priority' '--allow=clippy::declare_interior_mutable_const' --check-cfg 'cfg(crossbeam_loom)' --check-cfg 'cfg(crossbeam_sanitize)' --cfg 'feature="default"' --cfg 'feature="std"' --check-cfg 'cfg(docsrs,test)' --check-cfg 'cfg(feature, values("default", "loom", "nightly", "std"))' -C metadata=ee708a003d6d5f21 -C extra-filename=-a9ea6a3612052c9b --out-dir /tmp/crossdb-turso-target/release/deps -L dependency=/tmp/crossdb-turso-target/release/deps --cap-lints allow -C target-cpu=native --check-cfg 'cfg(crossbeam_no_atomic,crossbeam_sanitize_thread)'`
     Running `/home/opc/.rustup/toolchains/stable-aarch64-unknown-linux-gnu/bin/rustc --crate-name semver --edition=2018 /home/opc/.cargo/registry/src/index.crates.io-1949cf8c6b5b557f/semver-1.0.26/src/lib.rs --error-format=json --json=diagnostic-rendered-ansi,artifacts,future-incompat --crate-type lib --emit=dep-info,metadata,link -C embed-bitcode=no -C debug-assertions=off --cfg 'feature="default"' --cfg 'feature="std"' --check-cfg 'cfg(docsrs,test)' --check-cfg 'cfg(feature, values("default", "serde", "std"))' -C metadata=368152dc8ab04307 -C extra-filename=-58bf6fb86b3098ec --out-dir /tmp/crossdb-turso-target/release/deps -L dependency=/tmp/crossdb-turso-target/release/deps --cap-lints allow -C target-cpu=native --check-cfg 'cfg(no_alloc_crate)' --check-cfg 'cfg(no_const_vec_new)' --check-cfg 'cfg(no_exhaustive_int_match)' --check-cfg 'cfg(no_non_exhaustive)' --check-cfg 'cfg(no_nonzero_bitscan)' --check-cfg 'cfg(no_str_strip_prefix)' --check-cfg 'cfg(no_track_caller)' --check-cfg 'cfg(no_unsafe_op_in_unsafe_fn_lint)' --check-cfg 'cfg(test_node_semver)'`
   Compiling smallvec v1.15.1
     Running `/home/opc/.rustup/toolchains/stable-aarch64-unknown-linux-gnu/bin/rustc --crate-name smallvec --edition=2018 /home/opc/.cargo/registry/src/index.crates.io-1949cf8c6b5b557f/smallvec-1.15.1/src/lib.rs --error-format=json --json=diagnostic-rendered-ansi,artifacts,future-incompat --crate-type lib --emit=dep-info,metadata,link -C opt-level=3 -C panic=abort -C codegen-units=4 -C debuginfo=line-tables-only --cfg 'feature="const_generics"' --cfg 'feature="const_new"' --cfg 'feature="union"' --check-cfg 'cfg(docsrs,test)' --check-cfg 'cfg(feature, values("arbitrary", "bincode", "const_generics", "const_new", "debugger_visualizer", "drain_filter", "drain_keep_rest", "impl_bincode", "malloc_size_of", "may_dangle", "serde", "specialization", "union", "unty", "write"))' -C metadata=ba2162b75b37b158 -C extra-filename=-aa4f292241a651e6 --out-dir /tmp/crossdb-turso-target/release/deps -L dependency=/tmp/crossdb-turso-target/release/deps --cap-lints allow -C target-cpu=native`
   Compiling byteorder v1.5.0
     Running `/home/opc/.rustup/toolchains/stable-aarch64-unknown-linux-gnu/bin/rustc --crate-name byteorder --edition=2021 /home/opc/.cargo/registry/src/index.crates.io-1949cf8c6b5b557f/byteorder-1.5.0/src/lib.rs --error-format=json --json=diagnostic-rendered-ansi,artifacts,future-incompat --crate-type lib --emit=dep-info,metadata,link -C opt-level=3 -C panic=abort -C codegen-units=4 -C debuginfo=line-tables-only --cfg 'feature="default"' --cfg 'feature="std"' --check-cfg 'cfg(docsrs,test)' --check-cfg 'cfg(feature, values("default", "i128", "std"))' -C metadata=eb2715303b6ccd8d -C extra-filename=-8346cd828264898a --out-dir /tmp/crossdb-turso-target/release/deps -L dependency=/tmp/crossdb-turso-target/release/deps --cap-lints allow -C target-cpu=native`
   Compiling crunchy v0.2.3
     Running `/home/opc/.rustup/toolchains/stable-aarch64-unknown-linux-gnu/bin/rustc --crate-name build_script_build --edition=2021 /home/opc/.cargo/registry/src/index.crates.io-1949cf8c6b5b557f/crunchy-0.2.3/build.rs --error-format=json --json=diagnostic-rendered-ansi,artifacts,future-incompat --crate-type bin --emit=dep-info,link -C embed-bitcode=no -C debug-assertions=off --cfg 'feature="default"' --cfg 'feature="limit_128"' --check-cfg 'cfg(docsrs,test)' --check-cfg 'cfg(feature, values("default", "limit_1024", "limit_128", "limit_2048", "limit_256", "limit_512", "limit_64", "std"))' -C metadata=6dfe9d8c22fe89ad -C extra-filename=-1bde2bb710fdb0d0 --out-dir /tmp/crossdb-turso-target/release/build/crunchy-1bde2bb710fdb0d0 -L dependency=/tmp/crossdb-turso-target/release/deps --cap-lints allow -C target-cpu=native`
   Compiling log v0.4.27
     Running `/home/opc/.rustup/toolchains/stable-aarch64-unknown-linux-gnu/bin/rustc --crate-name log --edition=2021 /home/opc/.cargo/registry/src/index.crates.io-1949cf8c6b5b557f/log-0.4.27/src/lib.rs --error-format=json --json=diagnostic-rendered-ansi,artifacts,future-incompat --crate-type lib --emit=dep-info,metadata,link -C opt-level=3 -C panic=abort -C codegen-units=4 -C debuginfo=line-tables-only --cfg 'feature="std"' --check-cfg 'cfg(docsrs,test)' --check-cfg 'cfg(feature, values("kv", "kv_serde", "kv_std", "kv_sval", "kv_unstable", "kv_unstable_serde", "kv_unstable_std", "kv_unstable_sval", "max_level_debug", "max_level_error", "max_level_info", "max_level_off", "max_level_trace", "max_level_warn", "release_max_level_debug", "release_max_level_error", "release_max_level_info", "release_max_level_off", "release_max_level_trace", "release_max_level_warn", "serde", "std", "sval", "sval_ref", "value-bag"))' -C metadata=cd9a1d800f4cc469 -C extra-filename=-169bd1157f94eda1 --out-dir /tmp/crossdb-turso-target/release/deps -L dependency=/tmp/crossdb-turso-target/release/deps --cap-lints allow -C target-cpu=native`
   Compiling either v1.15.0
     Running `/home/opc/.rustup/toolchains/stable-aarch64-unknown-linux-gnu/bin/rustc --crate-name either --edition=2021 /home/opc/.cargo/registry/src/index.crates.io-1949cf8c6b5b557f/either-1.15.0/src/lib.rs --error-format=json --json=diagnostic-rendered-ansi,artifacts,future-incompat --crate-type lib --emit=dep-info,metadata,link -C embed-bitcode=no -C debug-assertions=off --cfg 'feature="default"' --cfg 'feature="std"' --cfg 'feature="use_std"' --check-cfg 'cfg(docsrs,test)' --check-cfg 'cfg(feature, values("default", "serde", "std", "use_std"))' -C metadata=97b8f1f21a3d168a -C extra-filename=-ce399df9530737d3 --out-dir /tmp/crossdb-turso-target/release/deps -L dependency=/tmp/crossdb-turso-target/release/deps --cap-lints allow -C target-cpu=native`
   Compiling num-conv v0.2.1
     Running `/home/opc/.rustup/toolchains/stable-aarch64-unknown-linux-gnu/bin/rustc --crate-name num_conv --edition=2021 /home/opc/.cargo/registry/src/index.crates.io-1949cf8c6b5b557f/num-conv-0.2.1/src/lib.rs --error-format=json --json=diagnostic-rendered-ansi,artifacts,future-incompat --crate-type lib --emit=dep-info,metadata,link -C opt-level=3 -C panic=abort -C codegen-units=4 -C debuginfo=line-tables-only --warn=unused --warn=unreachable-pub '--deny=clippy::std-instead-of-core' --warn=missing-docs '--deny=clippy::alloc-instead-of-core' --check-cfg 'cfg(docsrs,test)' --check-cfg 'cfg(feature, values())' -C metadata=e6d0617fa8d9419e -C extra-filename=-538d79bd5f121a86 --out-dir /tmp/crossdb-turso-target/release/deps -L dependency=/tmp/crossdb-turso-target/release/deps --cap-lints allow -C target-cpu=native`
   Compiling time-core v0.1.8
     Running `/home/opc/.rustup/toolchains/stable-aarch64-unknown-linux-gnu/bin/rustc --crate-name time_core --edition=2024 /home/opc/.cargo/registry/src/index.crates.io-1949cf8c6b5b557f/time-core-0.1.8/src/lib.rs --error-format=json --json=diagnostic-rendered-ansi,artifacts,future-incompat --crate-type lib --emit=dep-info,metadata,link -C opt-level=3 -C panic=abort -C codegen-units=4 -C debuginfo=line-tables-only --warn=unused '--warn=clippy::nursery' '--warn=clippy::all' --warn=variant-size-differences '--warn=clippy::use-debug' '--warn=clippy::unwrap-used' '--warn=clippy::unwrap-in-result' --warn=unused-qualifications --warn=unused-lifetimes --warn=unused-import-braces --deny=unstable-syntax-pre-expansion --deny=unsafe-op-in-unsafe-fn --warn=unreachable-pub '--warn=clippy::unnested-or-patterns' --deny=unnameable-test-items '--warn=clippy::uninlined-format-args' '--warn=clippy::unimplemented' --deny=unexpected_cfgs '--warn=rustdoc::unescaped-backticks' '--deny=clippy::undocumented-unsafe-blocks' --deny=unconditional-recursion --warn=trivial-numeric-casts --warn=trivial-casts '--warn=clippy::todo' --deny=suspicious-double-ref-op '--deny=clippy::std-instead-of-core' --warn=single-use-lifetimes '--warn=clippy::semicolon-outside-block' '--warn=rustdoc::private-doc-tests' '--warn=clippy::print-stdout' --deny=overlapping-range-endpoints --deny=opaque-hidden-inferred-bound '--warn=clippy::obfuscated-if-else' --warn=noop-method-call --deny=non-ascii-idents --deny=named-arguments-used-positionally '--warn=clippy::missing-enforced-import-renames' '--warn=clippy::missing-docs-in-private-items' --warn=missing-docs --warn=missing-debug-implementations --warn=missing-copy-implementations --warn=missing-abi --warn=meta-variable-misuse '--warn=clippy::manual-let-else' --warn=macro-use-extern-crate --warn=let-underscore --warn=keyword-idents --deny=invalid-value --deny=invalid-reference-casting --deny=invalid-nan-comparisons --deny=invalid-macro-export-arguments --deny=invalid-from-utf8 --deny=improper-ctypes-definitions --deny=improper-ctypes --deny=hidden-glob-reexports '--warn=clippy::get-unwrap' --deny=future-incompatible '--warn=clippy::explicit-auto-deref' --deny=drop-bounds --deny=deref-nullptr '--warn=clippy::decimal-literal-representation' '--warn=clippy::dbg-macro' --deny=dangling-pointers-from-temporaries --deny=const-item-mutation --deny=clashing-extern-declarations '--warn=clippy::as-underscore' --deny=ambiguous-glob-reexports '--deny=clippy::alloc-instead-of-core' --allow=unstable-name-collisions '--allow=clippy::uninhabited-references' '--allow=clippy::redundant-pub-crate' '--allow=clippy::option-if-let-else' '--allow=clippy::incompatible-msrv' --check-cfg 'cfg(__ui_tests)' --check-cfg 'cfg(bench)' --check-cfg 'cfg(docsrs,test)' --check-cfg 'cfg(feature, values("large-dates"))' -C metadata=d6cc4139a5e973c3 -C extra-filename=-bc3f2721fd70322c --out-dir /tmp/crossdb-turso-target/release/deps -L dependency=/tmp/crossdb-turso-target/release/deps --cap-lints allow -C target-cpu=native`
   Compiling time v0.3.47
     Running `/home/opc/.rustup/toolchains/stable-aarch64-unknown-linux-gnu/bin/rustc --crate-name time --edition=2024 /home/opc/.cargo/registry/src/index.crates.io-1949cf8c6b5b557f/time-0.3.47/src/lib.rs --error-format=json --json=diagnostic-rendered-ansi,artifacts,future-incompat --crate-type lib --emit=dep-info,metadata,link -C opt-level=3 -C panic=abort -C codegen-units=4 -C debuginfo=line-tables-only --warn=unused '--warn=clippy::nursery' '--warn=clippy::all' --warn=variant-size-differences '--warn=clippy::use-debug' '--warn=clippy::unwrap-used' '--warn=clippy::unwrap-in-result' --warn=unused-qualifications --warn=unused-lifetimes --warn=unused-import-braces --deny=unstable-syntax-pre-expansion --deny=unsafe-op-in-unsafe-fn --warn=unreachable-pub '--warn=clippy::unnested-or-patterns' --deny=unnameable-test-items '--warn=clippy::uninlined-format-args' '--warn=clippy::unimplemented' --deny=unexpected_cfgs '--warn=rustdoc::unescaped-backticks' '--deny=clippy::undocumented-unsafe-blocks' --deny=unconditional-recursion --warn=trivial-numeric-casts --warn=trivial-casts '--warn=clippy::todo' --deny=suspicious-double-ref-op '--deny=clippy::std-instead-of-core' --warn=single-use-lifetimes '--warn=clippy::semicolon-outside-block' '--warn=rustdoc::private-doc-tests' '--warn=clippy::print-stdout' --deny=overlapping-range-endpoints --deny=opaque-hidden-inferred-bound '--warn=clippy::obfuscated-if-else' --warn=noop-method-call --deny=non-ascii-idents --deny=named-arguments-used-positionally '--warn=clippy::missing-enforced-import-renames' '--warn=clippy::missing-docs-in-private-items' --warn=missing-docs --warn=missing-debug-implementations --warn=missing-copy-implementations --warn=missing-abi --warn=meta-variable-misuse '--warn=clippy::manual-let-else' --warn=macro-use-extern-crate --warn=let-underscore --warn=keyword-idents --deny=invalid-value --deny=invalid-reference-casting --deny=invalid-nan-comparisons --deny=invalid-macro-export-arguments --deny=invalid-from-utf8 --deny=improper-ctypes-definitions --deny=improper-ctypes --deny=hidden-glob-reexports '--warn=clippy::get-unwrap' --deny=future-incompatible '--warn=clippy::explicit-auto-deref' --deny=drop-bounds --deny=deref-nullptr '--warn=clippy::decimal-literal-representation' '--warn=clippy::dbg-macro' --deny=dangling-pointers-from-temporaries --deny=const-item-mutation --deny=clashing-extern-declarations '--warn=clippy::as-underscore' --deny=ambiguous-glob-reexports '--deny=clippy::alloc-instead-of-core' --allow=unstable-name-collisions '--allow=clippy::uninhabited-references' '--allow=clippy::redundant-pub-crate' '--allow=clippy::option-if-let-else' '--allow=clippy::incompatible-msrv' --check-cfg 'cfg(__ui_tests)' --check-cfg 'cfg(bench)' --cfg 'feature="alloc"' --cfg 'feature="default"' --cfg 'feature="formatting"' --cfg 'feature="parsing"' --cfg 'feature="serde"' --cfg 'feature="serde-well-known"' --cfg 'feature="std"' --check-cfg 'cfg(docsrs,test)' --check-cfg 'cfg(feature, values("alloc", "default", "formatting", "large-dates", "local-offset", "macros", "parsing", "quickcheck", "rand", "rand08", "rand09", "serde", "serde-human-readable", "serde-well-known", "std", "wasm-bindgen"))' -C metadata=d75406f308c9325f -C extra-filename=-1035936a1404e707 --out-dir /tmp/crossdb-turso-target/release/deps -L dependency=/tmp/crossdb-turso-target/release/deps --extern deranged=/tmp/crossdb-turso-target/release/deps/libderanged-9eba4168d93cef63.rmeta --extern itoa=/tmp/crossdb-turso-target/release/deps/libitoa-107de0cfbb930261.rmeta --extern num_conv=/tmp/crossdb-turso-target/release/deps/libnum_conv-538d79bd5f121a86.rmeta --extern powerfmt=/tmp/crossdb-turso-target/release/deps/libpowerfmt-a452f62cf9691e21.rmeta --extern serde_core=/tmp/crossdb-turso-target/release/deps/libserde_core-4bfcc51c8f5267bf.rmeta --extern time_core=/tmp/crossdb-turso-target/release/deps/libtime_core-bc3f2721fd70322c.rmeta --cap-lints allow -C target-cpu=native`
     Running `/tmp/crossdb-turso-target/release/build/crunchy-1bde2bb710fdb0d0/build-script-build`
   Compiling rustc_version v0.4.1
     Running `/home/opc/.rustup/toolchains/stable-aarch64-unknown-linux-gnu/bin/rustc --crate-name rustc_version --edition=2018 /home/opc/.cargo/registry/src/index.crates.io-1949cf8c6b5b557f/rustc_version-0.4.1/src/lib.rs --error-format=json --json=diagnostic-rendered-ansi,artifacts,future-incompat --crate-type lib --emit=dep-info,metadata,link -C embed-bitcode=no -C debug-assertions=off --check-cfg 'cfg(docsrs,test)' --check-cfg 'cfg(feature, values())' -C metadata=3330040892e919f4 -C extra-filename=-941fb232116233ff --out-dir /tmp/crossdb-turso-target/release/deps -L dependency=/tmp/crossdb-turso-target/release/deps --extern semver=/tmp/crossdb-turso-target/release/deps/libsemver-58bf6fb86b3098ec.rmeta --cap-lints allow -C target-cpu=native`
     Running `/home/opc/.rustup/toolchains/stable-aarch64-unknown-linux-gnu/bin/rustc --crate-name prettyplease --edition=2021 /home/opc/.cargo/registry/src/index.crates.io-1949cf8c6b5b557f/prettyplease-0.2.34/src/lib.rs --error-format=json --json=diagnostic-rendered-ansi,artifacts,future-incompat --crate-type lib --emit=dep-info,metadata,link -C embed-bitcode=no -C debug-assertions=off --cfg 'feature="verbatim"' --check-cfg 'cfg(docsrs,test)' --check-cfg 'cfg(feature, values("verbatim"))' -C metadata=f0187e55755eaff6 -C extra-filename=-8f8befcf812f6461 --out-dir /tmp/crossdb-turso-target/release/deps -L dependency=/tmp/crossdb-turso-target/release/deps --extern proc_macro2=/tmp/crossdb-turso-target/release/deps/libproc_macro2-161db97f1758d90e.rmeta --extern syn=/tmp/crossdb-turso-target/release/deps/libsyn-73b8e456b142f972.rmeta --cap-lints allow -C target-cpu=native --check-cfg 'cfg(exhaustive)' --check-cfg 'cfg(prettyplease_debug)' --check-cfg 'cfg(prettyplease_debug_indent)'`
   Compiling tinystr v0.8.3
     Running `/home/opc/.rustup/toolchains/stable-aarch64-unknown-linux-gnu/bin/rustc --crate-name tinystr --edition=2021 /home/opc/.cargo/registry/src/index.crates.io-1949cf8c6b5b557f/tinystr-0.8.3/src/lib.rs --error-format=json --json=diagnostic-rendered-ansi,artifacts,future-incompat --crate-type lib --emit=dep-info,metadata,link -C opt-level=3 -C panic=abort -C codegen-units=4 -C debuginfo=line-tables-only '--warn=clippy::wildcard_dependencies' '--warn=clippy::useless_transmute' --warn=unused_qualifications --warn=unused_macro_rules --warn=unused_lifetimes '--warn=clippy::unnecessary-wraps' --warn=unexpected_cfgs '--deny=clippy::trivially_copy_pass_by_ref' --deny=trivial_numeric_casts '--warn=clippy::transmutes_expressible_as_ptr_casts' '--warn=clippy::transmute_undefined_repr' '--warn=clippy::transmute_ptr_to_ref' '--warn=clippy::transmute_ptr_to_ptr' '--warn=clippy::transmute_int_to_non_zero' '--warn=clippy::transmute_int_to_bool' '--warn=clippy::transmute_bytes_to_str' '--warn=clippy::todo' '--warn=clippy::same_functions_in_if_condition' '--warn=clippy::or-fun-call' '--warn=clippy::negative_feature_names' '--warn=clippy::missing_transmute_annotations' '--warn=clippy::missing_fields_in_debug' --deny=missing_debug_implementations '--warn=clippy::mismatching_type_param_order' '--warn=clippy::large_stack_arrays' '--warn=clippy::infinite_loop' '--warn=clippy::fn_to_numeric_cast_any' '--deny=clippy::exhaustive_structs' '--deny=clippy::exhaustive_enums' '--warn=clippy::doc_markdown' '--warn=clippy::debug_assert_with_mut_call' '--warn=clippy::dbg_macro' '--warn=clippy::crosspointer_transmute' '--warn=clippy::collection_is_never_read' '--warn=clippy::branches-sharing-code' '--warn=clippy::alloc-instead-of-core' --check-cfg 'cfg(icu4c_enable_renaming)' --check-cfg 'cfg(needs_alloc_error_handler)' --check-cfg 'cfg(icu4x_run_size_tests)' --check-cfg 'cfg(icu4x_unstable_fast_trie_only)' --cfg 'feature="alloc"' --cfg 'feature="zerovec"' --check-cfg 'cfg(docsrs,test)' --check-cfg 'cfg(feature, values("alloc", "databake", "default", "serde", "std", "zerovec"))' -C metadata=6404c5d9c0c1151f -C extra-filename=-23fbf56c541559bf --out-dir /tmp/crossdb-turso-target/release/deps -L dependency=/tmp/crossdb-turso-target/release/deps --extern displaydoc=/tmp/crossdb-turso-target/release/deps/libdisplaydoc-a09172fdd7b3ea9b.so --extern zerovec=/tmp/crossdb-turso-target/release/deps/libzerovec-1b6f2ce8fecf604a.rmeta --cap-lints allow -C target-cpu=native`
   Compiling aho-corasick v1.1.3
     Running `/home/opc/.rustup/toolchains/stable-aarch64-unknown-linux-gnu/bin/rustc --crate-name aho_corasick --edition=2021 /home/opc/.cargo/registry/src/index.crates.io-1949cf8c6b5b557f/aho-corasick-1.1.3/src/lib.rs --error-format=json --json=diagnostic-rendered-ansi,artifacts,future-incompat --crate-type lib --emit=dep-info,metadata,link -C opt-level=3 -C panic=abort -C codegen-units=4 -C debuginfo=line-tables-only --cfg 'feature="default"' --cfg 'feature="perf-literal"' --cfg 'feature="std"' --check-cfg 'cfg(docsrs,test)' --check-cfg 'cfg(feature, values("default", "logging", "perf-literal", "std"))' -C metadata=de8c052a6e0023c9 -C extra-filename=-bdced3c7627abf4e --out-dir /tmp/crossdb-turso-target/release/deps -L dependency=/tmp/crossdb-turso-target/release/deps --extern memchr=/tmp/crossdb-turso-target/release/deps/libmemchr-73a5922a5a6589ea.rmeta --cap-lints allow -C target-cpu=native`
   Compiling slab v0.4.9
     Running `/home/opc/.rustup/toolchains/stable-aarch64-unknown-linux-gnu/bin/rustc --crate-name build_script_build --edition=2018 /home/opc/.cargo/registry/src/index.crates.io-1949cf8c6b5b557f/slab-0.4.9/build.rs --error-format=json --json=diagnostic-rendered-ansi,artifacts,future-incompat --crate-type bin --emit=dep-info,link -C embed-bitcode=no -C debug-assertions=off --cfg 'feature="default"' --cfg 'feature="std"' --check-cfg 'cfg(docsrs,test)' --check-cfg 'cfg(feature, values("default", "serde", "std"))' -C metadata=d682b2f7e5db0a6d -C extra-filename=-b959274c541e254b --out-dir /tmp/crossdb-turso-target/release/build/slab-b959274c541e254b -L dependency=/tmp/crossdb-turso-target/release/deps --extern autocfg=/tmp/crossdb-turso-target/release/deps/libautocfg-1181c978d8838c6b.rlib --cap-lints allow -C target-cpu=native`
   Compiling zstd-safe v7.2.4
     Running `/home/opc/.rustup/toolchains/stable-aarch64-unknown-linux-gnu/bin/rustc --crate-name build_script_build --edition=2018 /home/opc/.cargo/registry/src/index.crates.io-1949cf8c6b5b557f/zstd-safe-7.2.4/build.rs --error-format=json --json=diagnostic-rendered-ansi,artifacts,future-incompat --crate-type bin --emit=dep-info,link -C embed-bitcode=no --allow=non_upper_case_globals -C debug-assertions=off --cfg 'feature="arrays"' --cfg 'feature="experimental"' --cfg 'feature="legacy"' --cfg 'feature="std"' --cfg 'feature="zdict_builder"' --check-cfg 'cfg(docsrs,test)' --check-cfg 'cfg(feature, values("arrays", "bindgen", "debug", "default", "doc-cfg", "experimental", "fat-lto", "legacy", "no_asm", "pkg-config", "seekable", "std", "thin", "thin-lto", "zdict_builder", "zstdmt"))' -C metadata=5dc4c93d372d236c -C extra-filename=-4d7097ccc25b7246 --out-dir /tmp/crossdb-turso-target/release/build/zstd-safe-4d7097ccc25b7246 -L dependency=/tmp/crossdb-turso-target/release/deps --cap-lints allow -C target-cpu=native`
   Compiling fnv v1.0.7
     Running `/home/opc/.rustup/toolchains/stable-aarch64-unknown-linux-gnu/bin/rustc --crate-name fnv --edition=2015 /home/opc/.cargo/registry/src/index.crates.io-1949cf8c6b5b557f/fnv-1.0.7/lib.rs --error-format=json --json=diagnostic-rendered-ansi,artifacts,future-incompat --crate-type lib --emit=dep-info,metadata,link -C embed-bitcode=no -C debug-assertions=off --cfg 'feature="default"' --cfg 'feature="std"' --check-cfg 'cfg(docsrs,test)' --check-cfg 'cfg(feature, values("default", "std"))' -C metadata=02f92343d2bddef2 -C extra-filename=-1429b583d8091e16 --out-dir /tmp/crossdb-turso-target/release/deps -L dependency=/tmp/crossdb-turso-target/release/deps --cap-lints allow -C target-cpu=native`
   Compiling litemap v0.8.2
     Running `/home/opc/.rustup/toolchains/stable-aarch64-unknown-linux-gnu/bin/rustc --crate-name litemap --edition=2021 /home/opc/.cargo/registry/src/index.crates.io-1949cf8c6b5b557f/litemap-0.8.2/src/lib.rs --error-format=json --json=diagnostic-rendered-ansi,artifacts,future-incompat --crate-type lib --emit=dep-info,metadata,link -C opt-level=3 -C panic=abort -C codegen-units=4 -C debuginfo=line-tables-only '--warn=clippy::wildcard_dependencies' '--warn=clippy::useless_transmute' --warn=unused_qualifications --warn=unused_macro_rules --warn=unused_lifetimes '--warn=clippy::unnecessary-wraps' --warn=unexpected_cfgs '--deny=clippy::trivially_copy_pass_by_ref' --deny=trivial_numeric_casts '--warn=clippy::transmutes_expressible_as_ptr_casts' '--warn=clippy::transmute_undefined_repr' '--warn=clippy::transmute_ptr_to_ref' '--warn=clippy::transmute_ptr_to_ptr' '--warn=clippy::transmute_int_to_non_zero' '--warn=clippy::transmute_int_to_bool' '--warn=clippy::transmute_bytes_to_str' '--warn=clippy::todo' '--warn=clippy::same_functions_in_if_condition' '--warn=clippy::or-fun-call' '--warn=clippy::negative_feature_names' '--warn=clippy::missing_transmute_annotations' '--warn=clippy::missing_fields_in_debug' --deny=missing_debug_implementations '--warn=clippy::mismatching_type_param_order' '--warn=clippy::large_stack_arrays' '--warn=clippy::infinite_loop' '--warn=clippy::fn_to_numeric_cast_any' '--deny=clippy::exhaustive_structs' '--deny=clippy::exhaustive_enums' '--warn=clippy::doc_markdown' '--warn=clippy::debug_assert_with_mut_call' '--warn=clippy::dbg_macro' '--warn=clippy::crosspointer_transmute' '--warn=clippy::collection_is_never_read' '--warn=clippy::branches-sharing-code' '--warn=clippy::alloc-instead-of-core' --check-cfg 'cfg(icu4c_enable_renaming)' --check-cfg 'cfg(needs_alloc_error_handler)' --check-cfg 'cfg(icu4x_run_size_tests)' --check-cfg 'cfg(icu4x_unstable_fast_trie_only)' --cfg 'feature="alloc"' --check-cfg 'cfg(docsrs,test)' --check-cfg 'cfg(feature, values("alloc", "databake", "default", "serde", "testing", "yoke"))' -C metadata=841f872f58a9feb5 -C extra-filename=-a600975a6835ccfa --out-dir /tmp/crossdb-turso-target/release/deps -L dependency=/tmp/crossdb-turso-target/release/deps --cap-lints allow -C target-cpu=native`
   Compiling ident_case v1.0.1
     Running `/home/opc/.rustup/toolchains/stable-aarch64-unknown-linux-gnu/bin/rustc --crate-name ident_case --edition=2015 /home/opc/.cargo/registry/src/index.crates.io-1949cf8c6b5b557f/ident_case-1.0.1/src/lib.rs --error-format=json --json=diagnostic-rendered-ansi,artifacts,future-incompat --crate-type lib --emit=dep-info,metadata,link -C embed-bitcode=no -C debug-assertions=off --check-cfg 'cfg(docsrs,test)' --check-cfg 'cfg(feature, values())' -C metadata=7202ffdae50d1049 -C extra-filename=-894e4d9ed46edd76 --out-dir /tmp/crossdb-turso-target/release/deps -L dependency=/tmp/crossdb-turso-target/release/deps --cap-lints allow -C target-cpu=native`
   Compiling zerocopy v0.8.26
     Running `/home/opc/.rustup/toolchains/stable-aarch64-unknown-linux-gnu/bin/rustc --crate-name build_script_build --edition=2021 /home/opc/.cargo/registry/src/index.crates.io-1949cf8c6b5b557f/zerocopy-0.8.26/build.rs --error-format=json --json=diagnostic-rendered-ansi,artifacts,future-incompat --crate-type bin --emit=dep-info,link -C embed-bitcode=no -C debug-assertions=off --cfg 'feature="simd"' --check-cfg 'cfg(docsrs,test)' --check-cfg 'cfg(feature, values("__internal_use_only_features_that_work_on_stable", "alloc", "derive", "float-nightly", "simd", "simd-nightly", "std", "zerocopy-derive"))' -C metadata=3960dcda88984fa1 -C extra-filename=-8dc4b7536e641f01 --out-dir /tmp/crossdb-turso-target/release/build/zerocopy-8dc4b7536e641f01 -L dependency=/tmp/crossdb-turso-target/release/deps --cap-lints allow -C target-cpu=native`
   Compiling strsim v0.11.1
     Running `/home/opc/.rustup/toolchains/stable-aarch64-unknown-linux-gnu/bin/rustc --crate-name strsim --edition=2015 /home/opc/.cargo/registry/src/index.crates.io-1949cf8c6b5b557f/strsim-0.11.1/src/lib.rs --error-format=json --json=diagnostic-rendered-ansi,artifacts,future-incompat --crate-type lib --emit=dep-info,metadata,link -C embed-bitcode=no -C debug-assertions=off --check-cfg 'cfg(docsrs,test)' --check-cfg 'cfg(feature, values())' -C metadata=8d4fe970bc09b311 -C extra-filename=-0b418096e0f0fb8f --out-dir /tmp/crossdb-turso-target/release/deps -L dependency=/tmp/crossdb-turso-target/release/deps --cap-lints allow -C target-cpu=native`
   Compiling darling_core v0.20.11
     Running `/home/opc/.rustup/toolchains/stable-aarch64-unknown-linux-gnu/bin/rustc --crate-name darling_core --edition=2021 /home/opc/.cargo/registry/src/index.crates.io-1949cf8c6b5b557f/darling_core-0.20.11/src/lib.rs --error-format=json --json=diagnostic-rendered-ansi,artifacts,future-incompat --crate-type lib --emit=dep-info,metadata,link -C embed-bitcode=no -C debug-assertions=off --cfg 'feature="strsim"' --cfg 'feature="suggestions"' --check-cfg 'cfg(docsrs,test)' --check-cfg 'cfg(feature, values("diagnostics", "strsim", "suggestions"))' -C metadata=d3b00a6eddc0935a -C extra-filename=-714fa5f2ee460b32 --out-dir /tmp/crossdb-turso-target/release/deps -L dependency=/tmp/crossdb-turso-target/release/deps --extern fnv=/tmp/crossdb-turso-target/release/deps/libfnv-1429b583d8091e16.rmeta --extern ident_case=/tmp/crossdb-turso-target/release/deps/libident_case-894e4d9ed46edd76.rmeta --extern proc_macro2=/tmp/crossdb-turso-target/release/deps/libproc_macro2-161db97f1758d90e.rmeta --extern quote=/tmp/crossdb-turso-target/release/deps/libquote-5c3f7e33372cef0a.rmeta --extern strsim=/tmp/crossdb-turso-target/release/deps/libstrsim-0b418096e0f0fb8f.rmeta --extern syn=/tmp/crossdb-turso-target/release/deps/libsyn-73b8e456b142f972.rmeta --cap-lints allow -C target-cpu=native`
     Running `/tmp/crossdb-turso-target/release/build/zerocopy-8dc4b7536e641f01/build-script-build`
   Compiling icu_locale_core v2.2.0
     Running `/home/opc/.rustup/toolchains/stable-aarch64-unknown-linux-gnu/bin/rustc --crate-name icu_locale_core --edition=2021 /home/opc/.cargo/registry/src/index.crates.io-1949cf8c6b5b557f/icu_locale_core-2.2.0/src/lib.rs --error-format=json --json=diagnostic-rendered-ansi,artifacts,future-incompat --crate-type lib --emit=dep-info,metadata,link -C opt-level=3 -C panic=abort -C codegen-units=4 -C debuginfo=line-tables-only '--warn=clippy::wildcard_dependencies' '--warn=clippy::useless_transmute' --warn=unused_qualifications --warn=unused_macro_rules --warn=unused_lifetimes '--warn=clippy::unnecessary-wraps' --warn=unexpected_cfgs '--deny=clippy::trivially_copy_pass_by_ref' --deny=trivial_numeric_casts '--warn=clippy::transmutes_expressible_as_ptr_casts' '--warn=clippy::transmute_undefined_repr' '--warn=clippy::transmute_ptr_to_ref' '--warn=clippy::transmute_ptr_to_ptr' '--warn=clippy::transmute_int_to_non_zero' '--warn=clippy::transmute_int_to_bool' '--warn=clippy::transmute_bytes_to_str' '--warn=clippy::todo' '--warn=clippy::same_functions_in_if_condition' '--warn=clippy::or-fun-call' '--warn=clippy::negative_feature_names' '--warn=clippy::missing_transmute_annotations' '--warn=clippy::missing_fields_in_debug' --deny=missing_debug_implementations '--warn=clippy::mismatching_type_param_order' '--warn=clippy::large_stack_arrays' '--warn=clippy::infinite_loop' '--warn=clippy::fn_to_numeric_cast_any' '--deny=clippy::exhaustive_structs' '--deny=clippy::exhaustive_enums' '--warn=clippy::doc_markdown' '--warn=clippy::debug_assert_with_mut_call' '--warn=clippy::dbg_macro' '--warn=clippy::crosspointer_transmute' '--warn=clippy::collection_is_never_read' '--warn=clippy::branches-sharing-code' '--warn=clippy::alloc-instead-of-core' --check-cfg 'cfg(icu4c_enable_renaming)' --check-cfg 'cfg(needs_alloc_error_handler)' --check-cfg 'cfg(icu4x_run_size_tests)' --check-cfg 'cfg(icu4x_unstable_fast_trie_only)' --cfg 'feature="alloc"' --cfg 'feature="zerovec"' --check-cfg 'cfg(docsrs,test)' --check-cfg 'cfg(feature, values("alloc", "databake", "serde", "zerovec"))' -C metadata=7fefbb027e4e0424 -C extra-filename=-25ac043f5b3df263 --out-dir /tmp/crossdb-turso-target/release/deps -L dependency=/tmp/crossdb-turso-target/release/deps --extern displaydoc=/tmp/crossdb-turso-target/release/deps/libdisplaydoc-a09172fdd7b3ea9b.so --extern litemap=/tmp/crossdb-turso-target/release/deps/liblitemap-a600975a6835ccfa.rmeta --extern tinystr=/tmp/crossdb-turso-target/release/deps/libtinystr-23fbf56c541559bf.rmeta --extern writeable=/tmp/crossdb-turso-target/release/deps/libwriteable-61a1c463357a1928.rmeta --extern zerovec=/tmp/crossdb-turso-target/release/deps/libzerovec-1b6f2ce8fecf604a.rmeta --cap-lints allow -C target-cpu=native`
     Running `/tmp/crossdb-turso-target/release/build/slab-b959274c541e254b/build-script-build`
   Compiling regex-automata v0.4.13
     Running `/home/opc/.rustup/toolchains/stable-aarch64-unknown-linux-gnu/bin/rustc --crate-name regex_automata --edition=2021 /home/opc/.cargo/registry/src/index.crates.io-1949cf8c6b5b557f/regex-automata-0.4.13/src/lib.rs --error-format=json --json=diagnostic-rendered-ansi,artifacts,future-incompat --crate-type lib --emit=dep-info,metadata,link -C opt-level=3 -C panic=abort -C codegen-units=4 -C debuginfo=line-tables-only --allow=unexpected_cfgs --check-cfg 'cfg(docsrs_regex)' --cfg 'feature="alloc"' --cfg 'feature="dfa-build"' --cfg 'feature="dfa-onepass"' --cfg 'feature="dfa-search"' --cfg 'feature="hybrid"' --cfg 'feature="meta"' --cfg 'feature="nfa-backtrack"' --cfg 'feature="nfa-pikevm"' --cfg 'feature="nfa-thompson"' --cfg 'feature="perf-inline"' --cfg 'feature="perf-literal"' --cfg 'feature="perf-literal-multisubstring"' --cfg 'feature="perf-literal-substring"' --cfg 'feature="std"' --cfg 'feature="syntax"' --cfg 'feature="unicode"' --cfg 'feature="unicode-age"' --cfg 'feature="unicode-bool"' --cfg 'feature="unicode-case"' --cfg 'feature="unicode-gencat"' --cfg 'feature="unicode-perl"' --cfg 'feature="unicode-script"' --cfg 'feature="unicode-segment"' --cfg 'feature="unicode-word-boundary"' --check-cfg 'cfg(docsrs,test)' --check-cfg 'cfg(feature, values("alloc", "default", "dfa", "dfa-build", "dfa-onepass", "dfa-search", "hybrid", "internal-instrument", "internal-instrument-pikevm", "logging", "meta", "nfa", "nfa-backtrack", "nfa-pikevm", "nfa-thompson", "perf", "perf-inline", "perf-literal", "perf-literal-multisubstring", "perf-literal-substring", "std", "syntax", "unicode", "unicode-age", "unicode-bool", "unicode-case", "unicode-gencat", "unicode-perl", "unicode-script", "unicode-segment", "unicode-word-boundary"))' -C metadata=112f0fbfa01313dc -C extra-filename=-76cb29c94fc95ac2 --out-dir /tmp/crossdb-turso-target/release/deps -L dependency=/tmp/crossdb-turso-target/release/deps --extern aho_corasick=/tmp/crossdb-turso-target/release/deps/libaho_corasick-bdced3c7627abf4e.rmeta --extern memchr=/tmp/crossdb-turso-target/release/deps/libmemchr-73a5922a5a6589ea.rmeta --extern regex_syntax=/tmp/crossdb-turso-target/release/deps/libregex_syntax-a846623b54585926.rmeta --cap-lints allow -C target-cpu=native`
     Running `/home/opc/.rustup/toolchains/stable-aarch64-unknown-linux-gnu/bin/rustc --crate-name crunchy --edition=2021 /home/opc/.cargo/registry/src/index.crates.io-1949cf8c6b5b557f/crunchy-0.2.3/src/lib.rs --error-format=json --json=diagnostic-rendered-ansi,artifacts,future-incompat --crate-type lib --emit=dep-info,metadata,link -C opt-level=3 -C panic=abort -C codegen-units=4 -C debuginfo=line-tables-only --cfg 'feature="default"' --cfg 'feature="limit_128"' --check-cfg 'cfg(docsrs,test)' --check-cfg 'cfg(feature, values("default", "limit_1024", "limit_128", "limit_2048", "limit_256", "limit_512", "limit_64", "std"))' -C metadata=f0f005eaafe9a4ae -C extra-filename=-d7c7c5016513165b --out-dir /tmp/crossdb-turso-target/release/deps -L dependency=/tmp/crossdb-turso-target/release/deps --cap-lints allow -C target-cpu=native`
   Compiling potential_utf v0.1.5
     Running `/home/opc/.rustup/toolchains/stable-aarch64-unknown-linux-gnu/bin/rustc --crate-name potential_utf --edition=2021 /home/opc/.cargo/registry/src/index.crates.io-1949cf8c6b5b557f/potential_utf-0.1.5/src/lib.rs --error-format=json --json=diagnostic-rendered-ansi,artifacts,future-incompat --crate-type lib --emit=dep-info,metadata,link -C opt-level=3 -C panic=abort -C codegen-units=4 -C debuginfo=line-tables-only '--warn=clippy::wildcard_dependencies' '--warn=clippy::useless_transmute' --warn=unused_qualifications --warn=unused_macro_rules --warn=unused_lifetimes '--warn=clippy::unnecessary-wraps' --warn=unexpected_cfgs '--deny=clippy::trivially_copy_pass_by_ref' --deny=trivial_numeric_casts '--warn=clippy::transmutes_expressible_as_ptr_casts' '--warn=clippy::transmute_undefined_repr' '--warn=clippy::transmute_ptr_to_ref' '--warn=clippy::transmute_ptr_to_ptr' '--warn=clippy::transmute_int_to_non_zero' '--warn=clippy::transmute_int_to_bool' '--warn=clippy::transmute_bytes_to_str' '--warn=clippy::todo' '--warn=clippy::same_functions_in_if_condition' '--warn=clippy::or-fun-call' '--warn=clippy::negative_feature_names' '--warn=clippy::missing_transmute_annotations' '--warn=clippy::missing_fields_in_debug' --deny=missing_debug_implementations '--warn=clippy::mismatching_type_param_order' '--warn=clippy::large_stack_arrays' '--warn=clippy::infinite_loop' '--warn=clippy::fn_to_numeric_cast_any' '--deny=clippy::exhaustive_structs' '--deny=clippy::exhaustive_enums' '--warn=clippy::doc_markdown' '--warn=clippy::debug_assert_with_mut_call' '--warn=clippy::dbg_macro' '--warn=clippy::crosspointer_transmute' '--warn=clippy::collection_is_never_read' '--warn=clippy::branches-sharing-code' '--warn=clippy::alloc-instead-of-core' --check-cfg 'cfg(icu4c_enable_renaming)' --check-cfg 'cfg(needs_alloc_error_handler)' --check-cfg 'cfg(icu4x_run_size_tests)' --check-cfg 'cfg(icu4x_unstable_fast_trie_only)' --cfg 'feature="alloc"' --cfg 'feature="writeable"' --cfg 'feature="zerovec"' --check-cfg 'cfg(docsrs,test)' --check-cfg 'cfg(feature, values("alloc", "databake", "default", "serde", "writeable", "zerovec"))' -C metadata=efd4ef75588e249a -C extra-filename=-32ebdef5c60c6136 --out-dir /tmp/crossdb-turso-target/release/deps -L dependency=/tmp/crossdb-turso-target/release/deps --extern writeable=/tmp/crossdb-turso-target/release/deps/libwriteable-61a1c463357a1928.rmeta --extern zerovec=/tmp/crossdb-turso-target/release/deps/libzerovec-1b6f2ce8fecf604a.rmeta --cap-lints allow -C target-cpu=native`
   Compiling zerotrie v0.2.4
     Running `/home/opc/.rustup/toolchains/stable-aarch64-unknown-linux-gnu/bin/rustc --crate-name zerotrie --edition=2021 /home/opc/.cargo/registry/src/index.crates.io-1949cf8c6b5b557f/zerotrie-0.2.4/src/lib.rs --error-format=json --json=diagnostic-rendered-ansi,artifacts,future-incompat --crate-type lib --emit=dep-info,metadata,link -C opt-level=3 -C panic=abort -C codegen-units=4 -C debuginfo=line-tables-only '--warn=clippy::wildcard_dependencies' '--warn=clippy::useless_transmute' --warn=unused_qualifications --warn=unused_macro_rules --warn=unused_lifetimes '--warn=clippy::unnecessary-wraps' --warn=unexpected_cfgs '--deny=clippy::trivially_copy_pass_by_ref' --deny=trivial_numeric_casts '--warn=clippy::transmutes_expressible_as_ptr_casts' '--warn=clippy::transmute_undefined_repr' '--warn=clippy::transmute_ptr_to_ref' '--warn=clippy::transmute_ptr_to_ptr' '--warn=clippy::transmute_int_to_non_zero' '--warn=clippy::transmute_int_to_bool' '--warn=clippy::transmute_bytes_to_str' '--warn=clippy::todo' '--warn=clippy::same_functions_in_if_condition' '--warn=clippy::or-fun-call' '--warn=clippy::negative_feature_names' '--warn=clippy::missing_transmute_annotations' '--warn=clippy::missing_fields_in_debug' --deny=missing_debug_implementations '--warn=clippy::mismatching_type_param_order' '--warn=clippy::large_stack_arrays' '--warn=clippy::infinite_loop' '--warn=clippy::fn_to_numeric_cast_any' '--deny=clippy::exhaustive_structs' '--deny=clippy::exhaustive_enums' '--warn=clippy::doc_markdown' '--warn=clippy::debug_assert_with_mut_call' '--warn=clippy::dbg_macro' '--warn=clippy::crosspointer_transmute' '--warn=clippy::collection_is_never_read' '--warn=clippy::branches-sharing-code' '--warn=clippy::alloc-instead-of-core' --check-cfg 'cfg(icu4c_enable_renaming)' --check-cfg 'cfg(needs_alloc_error_handler)' --check-cfg 'cfg(icu4x_run_size_tests)' --check-cfg 'cfg(icu4x_unstable_fast_trie_only)' --cfg 'feature="alloc"' --cfg 'feature="yoke"' --cfg 'feature="zerofrom"' --check-cfg 'cfg(docsrs,test)' --check-cfg 'cfg(feature, values("alloc", "databake", "default", "dense", "litemap", "serde", "yoke", "zerofrom", "zerovec"))' -C metadata=5cb8d0ab07f1b6ac -C extra-filename=-4758efb01e742cc7 --out-dir /tmp/crossdb-turso-target/release/deps -L dependency=/tmp/crossdb-turso-target/release/deps --extern displaydoc=/tmp/crossdb-turso-target/release/deps/libdisplaydoc-a09172fdd7b3ea9b.so --extern yoke=/tmp/crossdb-turso-target/release/deps/libyoke-81fc6f497e0db8e1.rmeta --extern zerofrom=/tmp/crossdb-turso-target/release/deps/libzerofrom-d8e68480b6c8415f.rmeta --cap-lints allow -C target-cpu=native`
   Compiling tracing-core v0.1.33
     Running `/home/opc/.rustup/toolchains/stable-aarch64-unknown-linux-gnu/bin/rustc --crate-name tracing_core --edition=2018 /home/opc/.cargo/registry/src/index.crates.io-1949cf8c6b5b557f/tracing-core-0.1.33/src/lib.rs --error-format=json --json=diagnostic-rendered-ansi,artifacts,future-incompat --crate-type lib --emit=dep-info,metadata,link -C opt-level=3 -C panic=abort -C codegen-units=4 -C debuginfo=line-tables-only --warn=unexpected_cfgs --check-cfg 'cfg(flaky_tests)' --check-cfg 'cfg(tracing_unstable)' --cfg 'feature="default"' --cfg 'feature="once_cell"' --cfg 'feature="std"' --check-cfg 'cfg(docsrs,test)' --check-cfg 'cfg(feature, values("default", "once_cell", "std", "valuable"))' -C metadata=d2d048bff2a1ebb3 -C extra-filename=-fd71b1f8e4746c82 --out-dir /tmp/crossdb-turso-target/release/deps -L dependency=/tmp/crossdb-turso-target/release/deps --extern once_cell=/tmp/crossdb-turso-target/release/deps/libonce_cell-ac8f9edf4458f87b.rmeta --cap-lints allow -C target-cpu=native`
   Compiling async-trait v0.1.89
     Running `/home/opc/.rustup/toolchains/stable-aarch64-unknown-linux-gnu/bin/rustc --crate-name async_trait --edition=2021 /home/opc/.cargo/registry/src/index.crates.io-1949cf8c6b5b557f/async-trait-0.1.89/src/lib.rs --error-format=json --json=diagnostic-rendered-ansi,artifacts,future-incompat --crate-type proc-macro --emit=dep-info,link -C prefer-dynamic -C embed-bitcode=no -C debug-assertions=off --check-cfg 'cfg(docsrs,test)' --check-cfg 'cfg(feature, values())' -C metadata=11195c8da3640059 -C extra-filename=-b828e5e31fc4f7bb --out-dir /tmp/crossdb-turso-target/release/deps -L dependency=/tmp/crossdb-turso-target/release/deps --extern proc_macro2=/tmp/crossdb-turso-target/release/deps/libproc_macro2-161db97f1758d90e.rlib --extern quote=/tmp/crossdb-turso-target/release/deps/libquote-5c3f7e33372cef0a.rlib --extern syn=/tmp/crossdb-turso-target/release/deps/libsyn-73b8e456b142f972.rlib --extern proc_macro --cap-lints allow -C target-cpu=native`
   Compiling ownedbytes v0.9.0
     Running `/home/opc/.rustup/toolchains/stable-aarch64-unknown-linux-gnu/bin/rustc --crate-name ownedbytes --edition=2021 /home/opc/.cargo/registry/src/index.crates.io-1949cf8c6b5b557f/ownedbytes-0.9.0/src/lib.rs --error-format=json --json=diagnostic-rendered-ansi,artifacts,future-incompat --crate-type lib --emit=dep-info,metadata,link -C opt-level=3 -C panic=abort -C codegen-units=4 -C debuginfo=line-tables-only --check-cfg 'cfg(docsrs,test)' --check-cfg 'cfg(feature, values())' -C metadata=93e0284b21440082 -C extra-filename=-c25fb754a7399170 --out-dir /tmp/crossdb-turso-target/release/deps -L dependency=/tmp/crossdb-turso-target/release/deps --extern stable_deref_trait=/tmp/crossdb-turso-target/release/deps/libstable_deref_trait-ac71bddd65741783.rmeta --cap-lints allow -C target-cpu=native`
   Compiling typeid v1.0.3
     Running `/home/opc/.rustup/toolchains/stable-aarch64-unknown-linux-gnu/bin/rustc --crate-name build_script_build --edition=2018 /home/opc/.cargo/registry/src/index.crates.io-1949cf8c6b5b557f/typeid-1.0.3/build.rs --error-format=json --json=diagnostic-rendered-ansi,artifacts,future-incompat --crate-type bin --emit=dep-info,link -C embed-bitcode=no -C debug-assertions=off --check-cfg 'cfg(docsrs,test)' --check-cfg 'cfg(feature, values())' -C metadata=f7cdf9a00cec28e4 -C extra-filename=-95c73d587a859251 --out-dir /tmp/crossdb-turso-target/release/build/typeid-95c73d587a859251 -L dependency=/tmp/crossdb-turso-target/release/deps --cap-lints allow -C target-cpu=native`
   Compiling utf8_iter v1.0.4
     Running `/home/opc/.rustup/toolchains/stable-aarch64-unknown-linux-gnu/bin/rustc --crate-name utf8_iter --edition=2021 /home/opc/.cargo/registry/src/index.crates.io-1949cf8c6b5b557f/utf8_iter-1.0.4/src/lib.rs --error-format=json --json=diagnostic-rendered-ansi,artifacts,future-incompat --crate-type lib --emit=dep-info,metadata,link -C opt-level=3 -C panic=abort -C codegen-units=4 -C debuginfo=line-tables-only --check-cfg 'cfg(docsrs,test)' --check-cfg 'cfg(feature, values())' -C metadata=d166e66b354308a7 -C extra-filename=-501d2c008ecab85b --out-dir /tmp/crossdb-turso-target/release/deps -L dependency=/tmp/crossdb-turso-target/release/deps --cap-lints allow -C target-cpu=native`
     Running `/home/opc/.rustup/toolchains/stable-aarch64-unknown-linux-gnu/bin/rustc --crate-name either --edition=2021 /home/opc/.cargo/registry/src/index.crates.io-1949cf8c6b5b557f/either-1.15.0/src/lib.rs --error-format=json --json=diagnostic-rendered-ansi,artifacts,future-incompat --crate-type lib --emit=dep-info,metadata,link -C opt-level=3 -C panic=abort -C codegen-units=4 -C debuginfo=line-tables-only --cfg 'feature="default"' --cfg 'feature="std"' --cfg 'feature="use_std"' --check-cfg 'cfg(docsrs,test)' --check-cfg 'cfg(feature, values("default", "serde", "std", "use_std"))' -C metadata=b9624c815ab4656f -C extra-filename=-1c50b50c501203a6 --out-dir /tmp/crossdb-turso-target/release/deps -L dependency=/tmp/crossdb-turso-target/release/deps --cap-lints allow -C target-cpu=native`
   Compiling glob v0.3.2
     Running `/home/opc/.rustup/toolchains/stable-aarch64-unknown-linux-gnu/bin/rustc --crate-name glob --edition=2015 /home/opc/.cargo/registry/src/index.crates.io-1949cf8c6b5b557f/glob-0.3.2/src/lib.rs --error-format=json --json=diagnostic-rendered-ansi,artifacts,future-incompat --crate-type lib --emit=dep-info,metadata,link -C embed-bitcode=no -C debug-assertions=off --check-cfg 'cfg(docsrs,test)' --check-cfg 'cfg(feature, values())' -C metadata=91d51c64f613f68d -C extra-filename=-466ed003741326ce --out-dir /tmp/crossdb-turso-target/release/deps -L dependency=/tmp/crossdb-turso-target/release/deps --cap-lints allow -C target-cpu=native`
   Compiling rustix v1.0.7
     Running `/home/opc/.rustup/toolchains/stable-aarch64-unknown-linux-gnu/bin/rustc --crate-name build_script_build --edition=2021 /home/opc/.cargo/registry/src/index.crates.io-1949cf8c6b5b557f/rustix-1.0.7/build.rs --error-format=json --json=diagnostic-rendered-ansi,artifacts,future-incompat --crate-type bin --emit=dep-info,link -C embed-bitcode=no --warn=unexpected_cfgs --check-cfg 'cfg(alloc_c_string)' --check-cfg 'cfg(alloc_ffi)' --check-cfg 'cfg(apple)' --check-cfg 'cfg(asm_experimental_arch)' --check-cfg 'cfg(bsd)' --check-cfg 'cfg(core_c_str)' --check-cfg 'cfg(core_ffi_c)' --check-cfg 'cfg(core_intrinsics)' --check-cfg 'cfg(criterion)' --check-cfg 'cfg(document_experimental_runtime_api)' --check-cfg 'cfg(error_in_core)' --check-cfg 'cfg(fix_y2038)' --check-cfg 'cfg(freebsdlike)' --check-cfg 'cfg(libc)' --check-cfg 'cfg(linux_kernel)' --check-cfg 'cfg(linux_like)' --check-cfg 'cfg(linux_raw)' --check-cfg 'cfg(netbsdlike)' --check-cfg 'cfg(rustc_attrs)' --check-cfg 'cfg(solarish)' --check-cfg 'cfg(staged_api)' --check-cfg 'cfg(static_assertions)' --check-cfg 'cfg(thumb_mode)' --check-cfg 'cfg(wasi)' --check-cfg 'cfg(wasi_ext)' --check-cfg 'cfg(wasip2)' --check-cfg 'cfg(target_arch, values("xtensa"))' --check-cfg 'cfg(target_os, values("cygwin"))' -C debug-assertions=off --cfg 'feature="alloc"' --cfg 'feature="default"' --cfg 'feature="event"' --cfg 'feature="fs"' --cfg 'feature="io_uring"' --cfg 'feature="net"' --cfg 'feature="std"' --cfg 'feature="thread"' --check-cfg 'cfg(docsrs,test)' --check-cfg 'cfg(feature, values("all-apis", "alloc", "compiler_builtins", "core", "default", "event", "fs", "io_uring", "libc", "libc_errno", "linux_4_11", "linux_5_1", "linux_5_11", "linux_latest", "mm", "mount", "net", "param", "pipe", "process", "pty", "rand", "runtime", "rustc-dep-of-std", "rustc-std-workspace-alloc", "shm", "std", "stdio", "system", "termios", "thread", "time", "try_close", "use-explicitly-provided-auxv", "use-libc", "use-libc-auxv"))' -C metadata=9180a62a582b6e5a -C extra-filename=-3e55c03668d124fc --out-dir /tmp/crossdb-turso-target/release/build/rustix-3e55c03668d124fc -L dependency=/tmp/crossdb-turso-target/release/deps --cap-lints allow -C target-cpu=native`
     Running `/tmp/crossdb-turso-target/release/build/rustix-3e55c03668d124fc/build-script-build`
   Compiling clang-sys v1.8.1
     Running `/home/opc/.rustup/toolchains/stable-aarch64-unknown-linux-gnu/bin/rustc --crate-name build_script_build --edition=2021 /home/opc/.cargo/registry/src/index.crates.io-1949cf8c6b5b557f/clang-sys-1.8.1/build.rs --error-format=json --json=diagnostic-rendered-ansi,artifacts,future-incompat --crate-type bin --emit=dep-info,link -C embed-bitcode=no -C debug-assertions=off --cfg 'feature="clang_3_5"' --cfg 'feature="clang_3_6"' --cfg 'feature="clang_3_7"' --cfg 'feature="clang_3_8"' --cfg 'feature="clang_3_9"' --cfg 'feature="clang_4_0"' --cfg 'feature="clang_5_0"' --cfg 'feature="clang_6_0"' --cfg 'feature="libloading"' --cfg 'feature="runtime"' --check-cfg 'cfg(docsrs,test)' --check-cfg 'cfg(feature, values("clang_10_0", "clang_11_0", "clang_12_0", "clang_13_0", "clang_14_0", "clang_15_0", "clang_16_0", "clang_17_0", "clang_18_0", "clang_3_5", "clang_3_6", "clang_3_7", "clang_3_8", "clang_3_9", "clang_4_0", "clang_5_0", "clang_6_0", "clang_7_0", "clang_8_0", "clang_9_0", "libcpp", "libloading", "runtime", "static"))' -C metadata=271e001ea4807e88 -C extra-filename=-ac04bce2438ae9b0 --out-dir /tmp/crossdb-turso-target/release/build/clang-sys-ac04bce2438ae9b0 -L dependency=/tmp/crossdb-turso-target/release/deps --extern glob=/tmp/crossdb-turso-target/release/deps/libglob-466ed003741326ce.rlib --cap-lints allow -C target-cpu=native`
   Compiling icu_collections v2.2.0
     Running `/home/opc/.rustup/toolchains/stable-aarch64-unknown-linux-gnu/bin/rustc --crate-name icu_collections --edition=2021 /home/opc/.cargo/registry/src/index.crates.io-1949cf8c6b5b557f/icu_collections-2.2.0/src/lib.rs --error-format=json --json=diagnostic-rendered-ansi,artifacts,future-incompat --crate-type lib --emit=dep-info,metadata,link -C opt-level=3 -C panic=abort -C codegen-units=4 -C debuginfo=line-tables-only '--warn=clippy::wildcard_dependencies' '--warn=clippy::useless_transmute' --warn=unused_qualifications --warn=unused_macro_rules --warn=unused_lifetimes '--warn=clippy::unnecessary-wraps' --warn=unexpected_cfgs '--deny=clippy::trivially_copy_pass_by_ref' --deny=trivial_numeric_casts '--warn=clippy::transmutes_expressible_as_ptr_casts' '--warn=clippy::transmute_undefined_repr' '--warn=clippy::transmute_ptr_to_ref' '--warn=clippy::transmute_ptr_to_ptr' '--warn=clippy::transmute_int_to_non_zero' '--warn=clippy::transmute_int_to_bool' '--warn=clippy::transmute_bytes_to_str' '--warn=clippy::todo' '--warn=clippy::same_functions_in_if_condition' '--warn=clippy::or-fun-call' '--warn=clippy::negative_feature_names' '--warn=clippy::missing_transmute_annotations' '--warn=clippy::missing_fields_in_debug' --deny=missing_debug_implementations '--warn=clippy::mismatching_type_param_order' '--warn=clippy::large_stack_arrays' '--warn=clippy::infinite_loop' '--warn=clippy::fn_to_numeric_cast_any' '--deny=clippy::exhaustive_structs' '--deny=clippy::exhaustive_enums' '--warn=clippy::doc_markdown' '--warn=clippy::debug_assert_with_mut_call' '--warn=clippy::dbg_macro' '--warn=clippy::crosspointer_transmute' '--warn=clippy::collection_is_never_read' '--warn=clippy::branches-sharing-code' '--warn=clippy::alloc-instead-of-core' --check-cfg 'cfg(icu4c_enable_renaming)' --check-cfg 'cfg(needs_alloc_error_handler)' --check-cfg 'cfg(icu4x_run_size_tests)' --check-cfg 'cfg(icu4x_unstable_fast_trie_only)' --check-cfg 'cfg(docsrs,test)' --check-cfg 'cfg(feature, values("alloc", "databake", "serde"))' -C metadata=0a6a37e51bba6f10 -C extra-filename=-dbdbd877cb39fe9b --out-dir /tmp/crossdb-turso-target/release/deps -L dependency=/tmp/crossdb-turso-target/release/deps --extern displaydoc=/tmp/crossdb-turso-target/release/deps/libdisplaydoc-a09172fdd7b3ea9b.so --extern potential_utf=/tmp/crossdb-turso-target/release/deps/libpotential_utf-32ebdef5c60c6136.rmeta --extern utf8_iter=/tmp/crossdb-turso-target/release/deps/libutf8_iter-501d2c008ecab85b.rmeta --extern yoke=/tmp/crossdb-turso-target/release/deps/libyoke-81fc6f497e0db8e1.rmeta --extern zerofrom=/tmp/crossdb-turso-target/release/deps/libzerofrom-d8e68480b6c8415f.rmeta --extern zerovec=/tmp/crossdb-turso-target/release/deps/libzerovec-1b6f2ce8fecf604a.rmeta --cap-lints allow -C target-cpu=native`
     Running `/tmp/crossdb-turso-target/release/build/typeid-95c73d587a859251/build-script-build`
   Compiling tantivy-common v0.11.0
     Running `/home/opc/.rustup/toolchains/stable-aarch64-unknown-linux-gnu/bin/rustc --crate-name tantivy_common --edition=2024 /home/opc/.cargo/registry/src/index.crates.io-1949cf8c6b5b557f/tantivy-common-0.11.0/src/lib.rs --error-format=json --json=diagnostic-rendered-ansi,artifacts,future-incompat --crate-type lib --emit=dep-info,metadata,link -C opt-level=3 -C panic=abort -C codegen-units=4 -C debuginfo=line-tables-only --check-cfg 'cfg(docsrs,test)' --check-cfg 'cfg(feature, values())' -C metadata=afaf8d3edf9c5f33 -C extra-filename=-b6318034885de7a7 --out-dir /tmp/crossdb-turso-target/release/deps -L dependency=/tmp/crossdb-turso-target/release/deps --extern async_trait=/tmp/crossdb-turso-target/release/deps/libasync_trait-b828e5e31fc4f7bb.so --extern byteorder=/tmp/crossdb-turso-target/release/deps/libbyteorder-8346cd828264898a.rmeta --extern ownedbytes=/tmp/crossdb-turso-target/release/deps/libownedbytes-c25fb754a7399170.rmeta --extern serde=/tmp/crossdb-turso-target/release/deps/libserde-a35f3fcb983465f3.rmeta --extern time=/tmp/crossdb-turso-target/release/deps/libtime-1035936a1404e707.rmeta --cap-lints allow -C target-cpu=native`
   Compiling icu_provider v2.2.0
     Running `/home/opc/.rustup/toolchains/stable-aarch64-unknown-linux-gnu/bin/rustc --crate-name icu_provider --edition=2021 /home/opc/.cargo/registry/src/index.crates.io-1949cf8c6b5b557f/icu_provider-2.2.0/src/lib.rs --error-format=json --json=diagnostic-rendered-ansi,artifacts,future-incompat --crate-type lib --emit=dep-info,metadata,link -C opt-level=3 -C panic=abort -C codegen-units=4 -C debuginfo=line-tables-only '--warn=clippy::wildcard_dependencies' '--warn=clippy::useless_transmute' --warn=unused_qualifications --warn=unused_macro_rules --warn=unused_lifetimes '--warn=clippy::unnecessary-wraps' --warn=unexpected_cfgs '--deny=clippy::trivially_copy_pass_by_ref' --deny=trivial_numeric_casts '--warn=clippy::transmutes_expressible_as_ptr_casts' '--warn=clippy::transmute_undefined_repr' '--warn=clippy::transmute_ptr_to_ref' '--warn=clippy::transmute_ptr_to_ptr' '--warn=clippy::transmute_int_to_non_zero' '--warn=clippy::transmute_int_to_bool' '--warn=clippy::transmute_bytes_to_str' '--warn=clippy::todo' '--warn=clippy::same_functions_in_if_condition' '--warn=clippy::or-fun-call' '--warn=clippy::negative_feature_names' '--warn=clippy::missing_transmute_annotations' '--warn=clippy::missing_fields_in_debug' --deny=missing_debug_implementations '--warn=clippy::mismatching_type_param_order' '--warn=clippy::large_stack_arrays' '--warn=clippy::infinite_loop' '--warn=clippy::fn_to_numeric_cast_any' '--deny=clippy::exhaustive_structs' '--deny=clippy::exhaustive_enums' '--warn=clippy::doc_markdown' '--warn=clippy::debug_assert_with_mut_call' '--warn=clippy::dbg_macro' '--warn=clippy::crosspointer_transmute' '--warn=clippy::collection_is_never_read' '--warn=clippy::branches-sharing-code' '--warn=clippy::alloc-instead-of-core' --check-cfg 'cfg(icu4c_enable_renaming)' --check-cfg 'cfg(needs_alloc_error_handler)' --check-cfg 'cfg(icu4x_run_size_tests)' --check-cfg 'cfg(icu4x_unstable_fast_trie_only)' --cfg 'feature="alloc"' --cfg 'feature="baked"' --check-cfg 'cfg(docsrs,test)' --check-cfg 'cfg(feature, values("alloc", "baked", "deserialize_bincode_1", "deserialize_json", "deserialize_postcard_1", "export", "logging", "serde", "std", "sync", "zerotrie"))' -C metadata=82218958fd92f7a1 -C extra-filename=-4d98a251e1d4b7d4 --out-dir /tmp/crossdb-turso-target/release/deps -L dependency=/tmp/crossdb-turso-target/release/deps --extern displaydoc=/tmp/crossdb-turso-target/release/deps/libdisplaydoc-a09172fdd7b3ea9b.so --extern icu_locale_core=/tmp/crossdb-turso-target/release/deps/libicu_locale_core-25ac043f5b3df263.rmeta --extern stable_deref_trait=/tmp/crossdb-turso-target/release/deps/libstable_deref_trait-ac71bddd65741783.rmeta --extern writeable=/tmp/crossdb-turso-target/release/deps/libwriteable-61a1c463357a1928.rmeta --extern yoke=/tmp/crossdb-turso-target/release/deps/libyoke-81fc6f497e0db8e1.rmeta --extern zerofrom=/tmp/crossdb-turso-target/release/deps/libzerofrom-d8e68480b6c8415f.rmeta --extern zerotrie=/tmp/crossdb-turso-target/release/deps/libzerotrie-4758efb01e742cc7.rmeta --extern zerovec=/tmp/crossdb-turso-target/release/deps/libzerovec-1b6f2ce8fecf604a.rmeta --cap-lints allow -C target-cpu=native`
   Compiling bitpacking v0.9.3
     Running `/home/opc/.rustup/toolchains/stable-aarch64-unknown-linux-gnu/bin/rustc --crate-name bitpacking --edition=2021 /home/opc/.cargo/registry/src/index.crates.io-1949cf8c6b5b557f/bitpacking-0.9.3/src/lib.rs --error-format=json --json=diagnostic-rendered-ansi,artifacts,future-incompat --crate-type lib --emit=dep-info,metadata,link -C opt-level=3 -C panic=abort -C codegen-units=4 -C debuginfo=line-tables-only --cfg 'feature="bitpacker1x"' --cfg 'feature="bitpacker4x"' --check-cfg 'cfg(docsrs,test)' --check-cfg 'cfg(feature, values("bitpacker1x", "bitpacker4x", "bitpacker8x", "default"))' -C metadata=5b463088a05c34e3 -C extra-filename=-f7dd22fac9834fe4 --out-dir /tmp/crossdb-turso-target/release/deps -L dependency=/tmp/crossdb-turso-target/release/deps --extern crunchy=/tmp/crossdb-turso-target/release/deps/libcrunchy-d7c7c5016513165b.rmeta --cap-lints allow -C target-cpu=native`
     Running `/home/opc/.rustup/toolchains/stable-aarch64-unknown-linux-gnu/bin/rustc --crate-name zstd_sys --edition=2018 /home/opc/.cargo/registry/src/index.crates.io-1949cf8c6b5b557f/zstd-sys-2.0.16+zstd.1.5.7/src/lib.rs --error-format=json --json=diagnostic-rendered-ansi,artifacts,future-incompat --crate-type lib --emit=dep-info,metadata,link -C opt-level=3 -C panic=abort -C codegen-units=4 -C debuginfo=line-tables-only --allow=non_upper_case_globals --cfg 'feature="experimental"' --cfg 'feature="legacy"' --cfg 'feature="std"' --cfg 'feature="zdict_builder"' --check-cfg 'cfg(docsrs,test)' --check-cfg 'cfg(feature, values("bindgen", "debug", "default", "experimental", "fat-lto", "legacy", "no_asm", "no_wasm_shim", "non-cargo", "pkg-config", "seekable", "std", "thin", "thin-lto", "zdict_builder", "zstdmt"))' -C metadata=59a7cd35b66867ca -C extra-filename=-f07c5bbd5cc1d5e1 --out-dir /tmp/crossdb-turso-target/release/deps -L dependency=/tmp/crossdb-turso-target/release/deps --cap-lints allow -C target-cpu=native -L native=/tmp/crossdb-turso-target/release/build/zstd-sys-3f310674bc734c67/out -l static=zstd`
     Running `/tmp/crossdb-turso-target/release/build/zstd-safe-4d7097ccc25b7246/build-script-build`
     Running `/home/opc/.rustup/toolchains/stable-aarch64-unknown-linux-gnu/bin/rustc --crate-name zstd_safe --edition=2018 /home/opc/.cargo/registry/src/index.crates.io-1949cf8c6b5b557f/zstd-safe-7.2.4/src/lib.rs --error-format=json --json=diagnostic-rendered-ansi,artifacts,future-incompat --crate-type lib --emit=dep-info,metadata,link -C opt-level=3 -C panic=abort -C codegen-units=4 -C debuginfo=line-tables-only --allow=non_upper_case_globals --cfg 'feature="arrays"' --cfg 'feature="experimental"' --cfg 'feature="legacy"' --cfg 'feature="std"' --cfg 'feature="zdict_builder"' --check-cfg 'cfg(docsrs,test)' --check-cfg 'cfg(feature, values("arrays", "bindgen", "debug", "default", "doc-cfg", "experimental", "fat-lto", "legacy", "no_asm", "pkg-config", "seekable", "std", "thin", "thin-lto", "zdict_builder", "zstdmt"))' -C metadata=516ade4645e2a603 -C extra-filename=-edcafea0fb4f7c1f --out-dir /tmp/crossdb-turso-target/release/deps -L dependency=/tmp/crossdb-turso-target/release/deps --extern zstd_sys=/tmp/crossdb-turso-target/release/deps/libzstd_sys-f07c5bbd5cc1d5e1.rmeta --cap-lints allow -C target-cpu=native -L native=/tmp/crossdb-turso-target/release/build/zstd-sys-3f310674bc734c67/out`
     Running `/home/opc/.rustup/toolchains/stable-aarch64-unknown-linux-gnu/bin/rustc --crate-name slab --edition=2018 /home/opc/.cargo/registry/src/index.crates.io-1949cf8c6b5b557f/slab-0.4.9/src/lib.rs --error-format=json --json=diagnostic-rendered-ansi,artifacts,future-incompat --crate-type lib --emit=dep-info,metadata,link -C opt-level=3 -C panic=abort -C codegen-units=4 -C debuginfo=line-tables-only --cfg 'feature="default"' --cfg 'feature="std"' --check-cfg 'cfg(docsrs,test)' --check-cfg 'cfg(feature, values("default", "serde", "std"))' -C metadata=21c8c11cb66e9821 -C extra-filename=-ccc4a9466023a8b9 --out-dir /tmp/crossdb-turso-target/release/deps -L dependency=/tmp/crossdb-turso-target/release/deps --cap-lints allow -C target-cpu=native`
     Running `/home/opc/.rustup/toolchains/stable-aarch64-unknown-linux-gnu/bin/rustc --crate-name zerocopy --edition=2021 /home/opc/.cargo/registry/src/index.crates.io-1949cf8c6b5b557f/zerocopy-0.8.26/src/lib.rs --error-format=json --json=diagnostic-rendered-ansi,artifacts,future-incompat --crate-type lib --emit=dep-info,metadata,link -C opt-level=3 -C panic=abort -C codegen-units=4 -C debuginfo=line-tables-only --cfg 'feature="simd"' --check-cfg 'cfg(docsrs,test)' --check-cfg 'cfg(feature, values("__internal_use_only_features_that_work_on_stable", "alloc", "derive", "float-nightly", "simd", "simd-nightly", "std", "zerocopy-derive"))' -C metadata=77b8810001660738 -C extra-filename=-e8faf9c70738fd15 --out-dir /tmp/crossdb-turso-target/release/deps -L dependency=/tmp/crossdb-turso-target/release/deps --cap-lints allow -C target-cpu=native --cfg zerocopy_aarch64_simd_1_59_0 --cfg zerocopy_core_error_1_81_0 --cfg zerocopy_diagnostic_on_unimplemented_1_78_0 --cfg zerocopy_generic_bounds_in_const_fn_1_61_0 --cfg zerocopy_panic_in_const_and_vec_try_reserve_1_57_0 --cfg zerocopy_target_has_atomics_1_60_0 --check-cfg 'cfg(zerocopy_aarch64_simd_1_59_0)' --check-cfg 'cfg(rust, values("1.59.0"))' --check-cfg 'cfg(zerocopy_core_error_1_81_0)' --check-cfg 'cfg(rust, values("1.81.0"))' --check-cfg 'cfg(zerocopy_diagnostic_on_unimplemented_1_78_0)' --check-cfg 'cfg(rust, values("1.78.0"))' --check-cfg 'cfg(zerocopy_generic_bounds_in_const_fn_1_61_0)' --check-cfg 'cfg(rust, values("1.61.0"))' --check-cfg 'cfg(zerocopy_panic_in_const_and_vec_try_reserve_1_57_0)' --check-cfg 'cfg(rust, values("1.57.0"))' --check-cfg 'cfg(zerocopy_target_has_atomics_1_60_0)' --check-cfg 'cfg(rust, values("1.60.0"))' --check-cfg 'cfg(doc_cfg)' --check-cfg 'cfg(kani)' --check-cfg 'cfg(__ZEROCOPY_INTERNAL_USE_ONLY_NIGHTLY_FEATURES_IN_TESTS)' --check-cfg 'cfg(coverage_nightly)'`
   Compiling darling_macro v0.20.11
     Running `/home/opc/.rustup/toolchains/stable-aarch64-unknown-linux-gnu/bin/rustc --crate-name darling_macro --edition=2021 /home/opc/.cargo/registry/src/index.crates.io-1949cf8c6b5b557f/darling_macro-0.20.11/src/lib.rs --error-format=json --json=diagnostic-rendered-ansi,artifacts,future-incompat --crate-type proc-macro --emit=dep-info,link -C prefer-dynamic -C embed-bitcode=no -C debug-assertions=off --check-cfg 'cfg(docsrs,test)' --check-cfg 'cfg(feature, values())' -C metadata=fba55ee458f5ee35 -C extra-filename=-64a864b3210aeb70 --out-dir /tmp/crossdb-turso-target/release/deps -L dependency=/tmp/crossdb-turso-target/release/deps --extern darling_core=/tmp/crossdb-turso-target/release/deps/libdarling_core-714fa5f2ee460b32.rlib --extern quote=/tmp/crossdb-turso-target/release/deps/libquote-5c3f7e33372cef0a.rlib --extern syn=/tmp/crossdb-turso-target/release/deps/libsyn-73b8e456b142f972.rlib --extern proc_macro --cap-lints allow -C target-cpu=native`
   Compiling crossbeam-epoch v0.9.18
     Running `/home/opc/.rustup/toolchains/stable-aarch64-unknown-linux-gnu/bin/rustc --crate-name crossbeam_epoch --edition=2021 /home/opc/.cargo/registry/src/index.crates.io-1949cf8c6b5b557f/crossbeam-epoch-0.9.18/src/lib.rs --error-format=json --json=diagnostic-rendered-ansi,artifacts,future-incompat --crate-type lib --emit=dep-info,metadata,link -C opt-level=3 -C panic=abort -C codegen-units=4 -C debuginfo=line-tables-only --cfg 'feature="alloc"' --cfg 'feature="default"' --cfg 'feature="std"' --check-cfg 'cfg(docsrs,test)' --check-cfg 'cfg(feature, values("alloc", "default", "loom", "loom-crate", "nightly", "std"))' -C metadata=68c5d5ffbd527f6d -C extra-filename=-6189978c62fb27bd --out-dir /tmp/crossdb-turso-target/release/deps -L dependency=/tmp/crossdb-turso-target/release/deps --extern crossbeam_utils=/tmp/crossdb-turso-target/release/deps/libcrossbeam_utils-a9ea6a3612052c9b.rmeta --cap-lints allow -C target-cpu=native`
   Compiling inout v0.1.4
     Running `/home/opc/.rustup/toolchains/stable-aarch64-unknown-linux-gnu/bin/rustc --crate-name inout --edition=2021 /home/opc/.cargo/registry/src/index.crates.io-1949cf8c6b5b557f/inout-0.1.4/src/lib.rs --error-format=json --json=diagnostic-rendered-ansi,artifacts,future-incompat --crate-type lib --emit=dep-info,metadata,link -C opt-level=3 -C panic=abort -C codegen-units=4 -C debuginfo=line-tables-only --check-cfg 'cfg(docsrs,test)' --check-cfg 'cfg(feature, values("block-padding", "std"))' -C metadata=cfea08dfad4dcd71 -C extra-filename=-97f3dcc68e51b336 --out-dir /tmp/crossdb-turso-target/release/deps -L dependency=/tmp/crossdb-turso-target/release/deps --extern generic_array=/tmp/crossdb-turso-target/release/deps/libgeneric_array-822ba8a117379cb1.rmeta --cap-lints allow -C target-cpu=native`
   Compiling futures-macro v0.3.31
     Running `/home/opc/.rustup/toolchains/stable-aarch64-unknown-linux-gnu/bin/rustc --crate-name futures_macro --edition=2018 /home/opc/.cargo/registry/src/index.crates.io-1949cf8c6b5b557f/futures-macro-0.3.31/src/lib.rs --error-format=json --json=diagnostic-rendered-ansi,artifacts,future-incompat --crate-type proc-macro --emit=dep-info,link -C prefer-dynamic -C embed-bitcode=no --warn=unreachable_pub --warn=unexpected_cfgs --warn=single_use_lifetimes --warn=rust_2018_idioms --warn=missing_debug_implementations --check-cfg 'cfg(futures_sanitizer)' -C debug-assertions=off --check-cfg 'cfg(docsrs,test)' --check-cfg 'cfg(feature, values())' -C metadata=95ceb0123c10559f -C extra-filename=-3a1e05c0fa91bdb4 --out-dir /tmp/crossdb-turso-target/release/deps -L dependency=/tmp/crossdb-turso-target/release/deps --extern proc_macro2=/tmp/crossdb-turso-target/release/deps/libproc_macro2-161db97f1758d90e.rlib --extern quote=/tmp/crossdb-turso-target/release/deps/libquote-5c3f7e33372cef0a.rlib --extern syn=/tmp/crossdb-turso-target/release/deps/libsyn-73b8e456b142f972.rlib --extern proc_macro --cap-lints allow -C target-cpu=native`
   Compiling tracing-attributes v0.1.28
     Running `/home/opc/.rustup/toolchains/stable-aarch64-unknown-linux-gnu/bin/rustc --crate-name tracing_attributes --edition=2018 /home/opc/.cargo/registry/src/index.crates.io-1949cf8c6b5b557f/tracing-attributes-0.1.28/src/lib.rs --error-format=json --json=diagnostic-rendered-ansi,artifacts,future-incompat --crate-type proc-macro --emit=dep-info,link -C prefer-dynamic -C embed-bitcode=no --warn=unexpected_cfgs --check-cfg 'cfg(flaky_tests)' --check-cfg 'cfg(tracing_unstable)' -C debug-assertions=off --check-cfg 'cfg(docsrs,test)' --check-cfg 'cfg(feature, values("async-await"))' -C metadata=36c94a75c1e3db76 -C extra-filename=-fae84322bbecbb4a --out-dir /tmp/crossdb-turso-target/release/deps -L dependency=/tmp/crossdb-turso-target/release/deps --extern proc_macro2=/tmp/crossdb-turso-target/release/deps/libproc_macro2-161db97f1758d90e.rlib --extern quote=/tmp/crossdb-turso-target/release/deps/libquote-5c3f7e33372cef0a.rlib --extern syn=/tmp/crossdb-turso-target/release/deps/libsyn-73b8e456b142f972.rlib --extern proc_macro --cap-lints allow -C target-cpu=native`
   Compiling cpufeatures v0.2.17
     Running `/home/opc/.rustup/toolchains/stable-aarch64-unknown-linux-gnu/bin/rustc --crate-name cpufeatures --edition=2018 /home/opc/.cargo/registry/src/index.crates.io-1949cf8c6b5b557f/cpufeatures-0.2.17/src/lib.rs --error-format=json --json=diagnostic-rendered-ansi,artifacts,future-incompat --crate-type lib --emit=dep-info,metadata,link -C opt-level=3 -C panic=abort -C codegen-units=4 -C debuginfo=line-tables-only --check-cfg 'cfg(docsrs,test)' --check-cfg 'cfg(feature, values())' -C metadata=56e626ccb1612d24 -C extra-filename=-00b1731f0d81eae8 --out-dir /tmp/crossdb-turso-target/release/deps -L dependency=/tmp/crossdb-turso-target/release/deps --extern libc=/tmp/crossdb-turso-target/release/deps/liblibc-9e79d656281227d1.rmeta --cap-lints allow -C target-cpu=native`
   Compiling thiserror v2.0.16
     Running `/home/opc/.rustup/toolchains/stable-aarch64-unknown-linux-gnu/bin/rustc --crate-name build_script_build --edition=2021 /home/opc/.cargo/registry/src/index.crates.io-1949cf8c6b5b557f/thiserror-2.0.16/build.rs --error-format=json --json=diagnostic-rendered-ansi,artifacts,future-incompat --crate-type bin --emit=dep-info,link -C embed-bitcode=no -C debug-assertions=off --cfg 'feature="default"' --cfg 'feature="std"' --check-cfg 'cfg(docsrs,test)' --check-cfg 'cfg(feature, values("default", "std"))' -C metadata=e931c14205dfcae0 -C extra-filename=-ea814ad8195cff02 --out-dir /tmp/crossdb-turso-target/release/build/thiserror-ea814ad8195cff02 -L dependency=/tmp/crossdb-turso-target/release/deps --cap-lints allow -C target-cpu=native`
   Compiling futures-core v0.3.31
     Running `/home/opc/.rustup/toolchains/stable-aarch64-unknown-linux-gnu/bin/rustc --crate-name futures_core --edition=2018 /home/opc/.cargo/registry/src/index.crates.io-1949cf8c6b5b557f/futures-core-0.3.31/src/lib.rs --error-format=json --json=diagnostic-rendered-ansi,artifacts,future-incompat --crate-type lib --emit=dep-info,metadata,link -C opt-level=3 -C panic=abort -C codegen-units=4 -C debuginfo=line-tables-only --warn=unreachable_pub --warn=unexpected_cfgs --warn=single_use_lifetimes --warn=rust_2018_idioms --warn=missing_debug_implementations --check-cfg 'cfg(futures_sanitizer)' --cfg 'feature="alloc"' --cfg 'feature="std"' --check-cfg 'cfg(docsrs,test)' --check-cfg 'cfg(feature, values("alloc", "cfg-target-has-atomic", "default", "portable-atomic", "std", "unstable"))' -C metadata=44971a9d787de613 -C extra-filename=-398e07a58fb28ac5 --out-dir /tmp/crossdb-turso-target/release/deps -L dependency=/tmp/crossdb-turso-target/release/deps --cap-lints allow -C target-cpu=native`
   Compiling libm v0.2.11
     Running `/home/opc/.rustup/toolchains/stable-aarch64-unknown-linux-gnu/bin/rustc --crate-name build_script_build --edition=2021 /home/opc/.cargo/registry/src/index.crates.io-1949cf8c6b5b557f/libm-0.2.11/build.rs --error-format=json --json=diagnostic-rendered-ansi,artifacts,future-incompat --crate-type bin --emit=dep-info,link -C embed-bitcode=no -C debug-assertions=off --cfg 'feature="default"' --check-cfg 'cfg(docsrs,test)' --check-cfg 'cfg(feature, values("default", "force-soft-floats", "unstable"))' -C metadata=c3a1e9496276a066 -C extra-filename=-dd9d079d0707e7c4 --out-dir /tmp/crossdb-turso-target/release/build/libm-dd9d079d0707e7c4 -L dependency=/tmp/crossdb-turso-target/release/deps --cap-lints allow -C target-cpu=native`
   Compiling futures-task v0.3.31
     Running `/home/opc/.rustup/toolchains/stable-aarch64-unknown-linux-gnu/bin/rustc --crate-name futures_task --edition=2018 /home/opc/.cargo/registry/src/index.crates.io-1949cf8c6b5b557f/futures-task-0.3.31/src/lib.rs --error-format=json --json=diagnostic-rendered-ansi,artifacts,future-incompat --crate-type lib --emit=dep-info,metadata,link -C opt-level=3 -C panic=abort -C codegen-units=4 -C debuginfo=line-tables-only --warn=unreachable_pub --warn=unexpected_cfgs --warn=single_use_lifetimes --warn=rust_2018_idioms --warn=missing_debug_implementations --check-cfg 'cfg(futures_sanitizer)' --cfg 'feature="alloc"' --cfg 'feature="std"' --check-cfg 'cfg(docsrs,test)' --check-cfg 'cfg(feature, values("alloc", "cfg-target-has-atomic", "default", "std", "unstable"))' -C metadata=4a0065730eb17b6e -C extra-filename=-05babeceec83a30e --out-dir /tmp/crossdb-turso-target/release/deps -L dependency=/tmp/crossdb-turso-target/release/deps --cap-lints allow -C target-cpu=native`
   Compiling serde_json v1.0.140
     Running `/home/opc/.rustup/toolchains/stable-aarch64-unknown-linux-gnu/bin/rustc --crate-name build_script_build --edition=2021 /home/opc/.cargo/registry/src/index.crates.io-1949cf8c6b5b557f/serde_json-1.0.140/build.rs --error-format=json --json=diagnostic-rendered-ansi,artifacts,future-incompat --crate-type bin --emit=dep-info,link -C embed-bitcode=no -C debug-assertions=off --cfg 'feature="default"' --cfg 'feature="std"' --check-cfg 'cfg(docsrs,test)' --check-cfg 'cfg(feature, values("alloc", "arbitrary_precision", "default", "float_roundtrip", "indexmap", "preserve_order", "raw_value", "std", "unbounded_depth"))' -C metadata=6d387ed6a67812ac -C extra-filename=-ab6df174bde4cd8e --out-dir /tmp/crossdb-turso-target/release/build/serde_json-ab6df174bde4cd8e -L dependency=/tmp/crossdb-turso-target/release/deps --cap-lints allow -C target-cpu=native`
   Compiling subtle v2.6.1
     Running `/home/opc/.rustup/toolchains/stable-aarch64-unknown-linux-gnu/bin/rustc --crate-name subtle --edition=2018 /home/opc/.cargo/registry/src/index.crates.io-1949cf8c6b5b557f/subtle-2.6.1/src/lib.rs --error-format=json --json=diagnostic-rendered-ansi,artifacts,future-incompat --crate-type lib --emit=dep-info,metadata,link -C opt-level=3 -C panic=abort -C codegen-units=4 -C debuginfo=line-tables-only --check-cfg 'cfg(docsrs,test)' --check-cfg 'cfg(feature, values("const-generics", "core_hint_black_box", "default", "i128", "nightly", "std"))' -C metadata=70071affcd6c423e -C extra-filename=-6557066817a73b65 --out-dir /tmp/crossdb-turso-target/release/deps -L dependency=/tmp/crossdb-turso-target/release/deps --cap-lints allow -C target-cpu=native`
   Compiling rayon-core v1.12.1
     Running `/home/opc/.rustup/toolchains/stable-aarch64-unknown-linux-gnu/bin/rustc --crate-name build_script_build --edition=2021 /home/opc/.cargo/registry/src/index.crates.io-1949cf8c6b5b557f/rayon-core-1.12.1/build.rs --error-format=json --json=diagnostic-rendered-ansi,artifacts,future-incompat --crate-type bin --emit=dep-info,link -C embed-bitcode=no -C debug-assertions=off --check-cfg 'cfg(docsrs,test)' --check-cfg 'cfg(feature, values("web_spin_lock"))' -C metadata=7dfd74535b7318ea -C extra-filename=-99de232a909f9331 --out-dir /tmp/crossdb-turso-target/release/build/rayon-core-99de232a909f9331 -L dependency=/tmp/crossdb-turso-target/release/deps --cap-lints allow -C target-cpu=native`
   Compiling erased-serde v0.4.10
     Running `/home/opc/.rustup/toolchains/stable-aarch64-unknown-linux-gnu/bin/rustc --crate-name build_script_build --edition=2021 /home/opc/.cargo/registry/src/index.crates.io-1949cf8c6b5b557f/erased-serde-0.4.10/build.rs --error-format=json --json=diagnostic-rendered-ansi,artifacts,future-incompat --crate-type bin --emit=dep-info,link -C embed-bitcode=no -C debug-assertions=off --cfg 'feature="alloc"' --check-cfg 'cfg(docsrs,test)' --check-cfg 'cfg(feature, values("alloc", "default", "std", "unstable-debug"))' -C metadata=55ff6c21ffe516b5 -C extra-filename=-7898c56abe76711e --out-dir /tmp/crossdb-turso-target/release/build/erased-serde-7898c56abe76711e -L dependency=/tmp/crossdb-turso-target/release/deps --cap-lints allow -C target-cpu=native`
   Compiling utf8-ranges v1.0.5
     Running `/home/opc/.rustup/toolchains/stable-aarch64-unknown-linux-gnu/bin/rustc --crate-name utf8_ranges --edition=2015 /home/opc/.cargo/registry/src/index.crates.io-1949cf8c6b5b557f/utf8-ranges-1.0.5/src/lib.rs --error-format=json --json=diagnostic-rendered-ansi,artifacts,future-incompat --crate-type lib --emit=dep-info,metadata,link -C opt-level=3 -C panic=abort -C codegen-units=4 -C debuginfo=line-tables-only --check-cfg 'cfg(docsrs,test)' --check-cfg 'cfg(feature, values())' -C metadata=ca17982c4e4d4896 -C extra-filename=-43293df654ac646c --out-dir /tmp/crossdb-turso-target/release/deps -L dependency=/tmp/crossdb-turso-target/release/deps --cap-lints allow -C target-cpu=native`
   Compiling rustix v0.38.44
     Running `/home/opc/.rustup/toolchains/stable-aarch64-unknown-linux-gnu/bin/rustc --crate-name build_script_build --edition=2021 /home/opc/.cargo/registry/src/index.crates.io-1949cf8c6b5b557f/rustix-0.38.44/build.rs --error-format=json --json=diagnostic-rendered-ansi,artifacts,future-incompat --crate-type bin --emit=dep-info,link -C embed-bitcode=no --warn=unexpected_cfgs --check-cfg 'cfg(alloc_c_string)' --check-cfg 'cfg(alloc_ffi)' --check-cfg 'cfg(apple)' --check-cfg 'cfg(asm_experimental_arch)' --check-cfg 'cfg(bsd)' --check-cfg 'cfg(core_c_str)' --check-cfg 'cfg(core_ffi_c)' --check-cfg 'cfg(core_intrinsics)' --check-cfg 'cfg(criterion)' --check-cfg 'cfg(document_experimental_runtime_api)' --check-cfg 'cfg(fix_y2038)' --check-cfg 'cfg(freebsdlike)' --check-cfg 'cfg(libc)' --check-cfg 'cfg(linux_kernel)' --check-cfg 'cfg(linux_like)' --check-cfg 'cfg(linux_raw)' --check-cfg 'cfg(netbsdlike)' --check-cfg 'cfg(rustc_attrs)' --check-cfg 'cfg(solarish)' --check-cfg 'cfg(staged_api)' --check-cfg 'cfg(static_assertions)' --check-cfg 'cfg(thumb_mode)' --check-cfg 'cfg(wasi)' --check-cfg 'cfg(wasi_ext)' --check-cfg 'cfg(target_arch, values("xtensa"))' -C debug-assertions=off --cfg 'feature="alloc"' --cfg 'feature="fs"' --cfg 'feature="libc-extra-traits"' --cfg 'feature="std"' --check-cfg 'cfg(docsrs,test)' --check-cfg 'cfg(feature, values("all-apis", "alloc", "cc", "compiler_builtins", "core", "default", "event", "fs", "io_uring", "itoa", "libc", "libc-extra-traits", "libc_errno", "linux_4_11", "linux_latest", "mm", "mount", "net", "once_cell", "param", "pipe", "process", "procfs", "pty", "rand", "runtime", "rustc-dep-of-std", "rustc-std-workspace-alloc", "shm", "std", "stdio", "system", "termios", "thread", "time", "try_close", "use-explicitly-provided-auxv", "use-libc", "use-libc-auxv"))' -C metadata=b6e322313f4faa79 -C extra-filename=-4b169a41fe8258f7 --out-dir /tmp/crossdb-turso-target/release/build/rustix-4b169a41fe8258f7 -L dependency=/tmp/crossdb-turso-target/release/deps --cap-lints allow -C target-cpu=native`
   Compiling icu_locale_data v2.2.0
     Running `/home/opc/.rustup/toolchains/stable-aarch64-unknown-linux-gnu/bin/rustc --crate-name build_script_build --edition=2021 /home/opc/.cargo/registry/src/index.crates.io-1949cf8c6b5b557f/icu_locale_data-2.2.0/build.rs --error-format=json --json=diagnostic-rendered-ansi,artifacts,future-incompat --crate-type bin --emit=dep-info,link -C embed-bitcode=no --warn=unexpected_cfgs --check-cfg 'cfg(icu4x_custom_data)' -C debug-assertions=off --check-cfg 'cfg(docsrs,test)' --check-cfg 'cfg(feature, values())' -C metadata=91af010605f14213 -C extra-filename=-6a19ae1bfb8786e9 --out-dir /tmp/crossdb-turso-target/release/build/icu_locale_data-6a19ae1bfb8786e9 -L dependency=/tmp/crossdb-turso-target/release/deps --cap-lints allow -C target-cpu=native`
   Compiling icu_normalizer_data v2.2.0
     Running `/home/opc/.rustup/toolchains/stable-aarch64-unknown-linux-gnu/bin/rustc --crate-name build_script_build --edition=2021 /home/opc/.cargo/registry/src/index.crates.io-1949cf8c6b5b557f/icu_normalizer_data-2.2.0/build.rs --error-format=json --json=diagnostic-rendered-ansi,artifacts,future-incompat --crate-type bin --emit=dep-info,link -C embed-bitcode=no --warn=unexpected_cfgs --check-cfg 'cfg(icu4x_custom_data)' -C debug-assertions=off --check-cfg 'cfg(docsrs,test)' --check-cfg 'cfg(feature, values())' -C metadata=5687f87924fea8f9 -C extra-filename=-470488cddbb1f810 --out-dir /tmp/crossdb-turso-target/release/build/icu_normalizer_data-470488cddbb1f810 -L dependency=/tmp/crossdb-turso-target/release/deps --cap-lints allow -C target-cpu=native`
   Compiling pin-utils v0.1.0
     Running `/home/opc/.rustup/toolchains/stable-aarch64-unknown-linux-gnu/bin/rustc --crate-name pin_utils --edition=2018 /home/opc/.cargo/registry/src/index.crates.io-1949cf8c6b5b557f/pin-utils-0.1.0/src/lib.rs --error-format=json --json=diagnostic-rendered-ansi,artifacts,future-incompat --crate-type lib --emit=dep-info,metadata,link -C opt-level=3 -C panic=abort -C codegen-units=4 -C debuginfo=line-tables-only --check-cfg 'cfg(docsrs,test)' --check-cfg 'cfg(feature, values())' -C metadata=3468ec76ab1fadb1 -C extra-filename=-720dcbe0314e6ee4 --out-dir /tmp/crossdb-turso-target/release/deps -L dependency=/tmp/crossdb-turso-target/release/deps --cap-lints allow -C target-cpu=native`
   Compiling linux-raw-sys v0.9.3
     Running `/home/opc/.rustup/toolchains/stable-aarch64-unknown-linux-gnu/bin/rustc --crate-name linux_raw_sys --edition=2021 /home/opc/.cargo/registry/src/index.crates.io-1949cf8c6b5b557f/linux-raw-sys-0.9.3/src/lib.rs --error-format=json --json=diagnostic-rendered-ansi,artifacts,future-incompat --crate-type lib --emit=dep-info,metadata,link -C opt-level=3 -C panic=abort -C codegen-units=4 -C debuginfo=line-tables-only --warn=unexpected_cfgs --check-cfg 'cfg(target_arch, values("xtensa"))' --cfg 'feature="elf"' --cfg 'feature="errno"' --cfg 'feature="general"' --cfg 'feature="if_ether"' --cfg 'feature="io_uring"' --cfg 'feature="ioctl"' --cfg 'feature="net"' --cfg 'feature="netlink"' --cfg 'feature="no_std"' --cfg 'feature="prctl"' --cfg 'feature="xdp"' --check-cfg 'cfg(docsrs,test)' --check-cfg 'cfg(feature, values("bootparam", "btrfs", "compiler_builtins", "core", "default", "elf", "elf_uapi", "errno", "general", "if_arp", "if_ether", "if_packet", "image", "io_uring", "ioctl", "landlock", "loop_device", "mempolicy", "net", "netlink", "no_std", "prctl", "ptrace", "rustc-dep-of-std", "std", "system", "xdp"))' -C metadata=47b1aa6595a7c3a9 -C extra-filename=-c8da2d8e43d64e98 --out-dir /tmp/crossdb-turso-target/release/deps -L dependency=/tmp/crossdb-turso-target/release/deps --cap-lints allow -C target-cpu=native`
     Running `/home/opc/.rustup/toolchains/stable-aarch64-unknown-linux-gnu/bin/rustc --crate-name rustix --edition=2021 /home/opc/.cargo/registry/src/index.crates.io-1949cf8c6b5b557f/rustix-1.0.7/src/lib.rs --error-format=json --json=diagnostic-rendered-ansi,artifacts,future-incompat --crate-type lib --emit=dep-info,metadata,link -C opt-level=3 -C panic=abort -C codegen-units=4 -C debuginfo=line-tables-only --warn=unexpected_cfgs --check-cfg 'cfg(alloc_c_string)' --check-cfg 'cfg(alloc_ffi)' --check-cfg 'cfg(apple)' --check-cfg 'cfg(asm_experimental_arch)' --check-cfg 'cfg(bsd)' --check-cfg 'cfg(core_c_str)' --check-cfg 'cfg(core_ffi_c)' --check-cfg 'cfg(core_intrinsics)' --check-cfg 'cfg(criterion)' --check-cfg 'cfg(document_experimental_runtime_api)' --check-cfg 'cfg(error_in_core)' --check-cfg 'cfg(fix_y2038)' --check-cfg 'cfg(freebsdlike)' --check-cfg 'cfg(libc)' --check-cfg 'cfg(linux_kernel)' --check-cfg 'cfg(linux_like)' --check-cfg 'cfg(linux_raw)' --check-cfg 'cfg(netbsdlike)' --check-cfg 'cfg(rustc_attrs)' --check-cfg 'cfg(solarish)' --check-cfg 'cfg(staged_api)' --check-cfg 'cfg(static_assertions)' --check-cfg 'cfg(thumb_mode)' --check-cfg 'cfg(wasi)' --check-cfg 'cfg(wasi_ext)' --check-cfg 'cfg(wasip2)' --check-cfg 'cfg(target_arch, values("xtensa"))' --check-cfg 'cfg(target_os, values("cygwin"))' --cfg 'feature="alloc"' --cfg 'feature="default"' --cfg 'feature="event"' --cfg 'feature="fs"' --cfg 'feature="io_uring"' --cfg 'feature="net"' --cfg 'feature="std"' --cfg 'feature="thread"' --check-cfg 'cfg(docsrs,test)' --check-cfg 'cfg(feature, values("all-apis", "alloc", "compiler_builtins", "core", "default", "event", "fs", "io_uring", "libc", "libc_errno", "linux_4_11", "linux_5_1", "linux_5_11", "linux_latest", "mm", "mount", "net", "param", "pipe", "process", "pty", "rand", "runtime", "rustc-dep-of-std", "rustc-std-workspace-alloc", "shm", "std", "stdio", "system", "termios", "thread", "time", "try_close", "use-explicitly-provided-auxv", "use-libc", "use-libc-auxv"))' -C metadata=8e391d74269d1b50 -C extra-filename=-305e4b922d1feba2 --out-dir /tmp/crossdb-turso-target/release/deps -L dependency=/tmp/crossdb-turso-target/release/deps --extern bitflags=/tmp/crossdb-turso-target/release/deps/libbitflags-2a3983efc3670ae1.rmeta --extern linux_raw_sys=/tmp/crossdb-turso-target/release/deps/liblinux_raw_sys-c8da2d8e43d64e98.rmeta --cap-lints allow -C target-cpu=native --cfg static_assertions --cfg linux_raw --cfg linux_like --cfg linux_kernel`
   Compiling futures-util v0.3.31
     Running `/home/opc/.rustup/toolchains/stable-aarch64-unknown-linux-gnu/bin/rustc --crate-name futures_util --edition=2018 /home/opc/.cargo/registry/src/index.crates.io-1949cf8c6b5b557f/futures-util-0.3.31/src/lib.rs --error-format=json --json=diagnostic-rendered-ansi,artifacts,future-incompat --crate-type lib --emit=dep-info,metadata,link -C opt-level=3 -C panic=abort -C codegen-units=4 -C debuginfo=line-tables-only --warn=unreachable_pub --warn=unexpected_cfgs --warn=single_use_lifetimes --warn=rust_2018_idioms --warn=missing_debug_implementations --check-cfg 'cfg(futures_sanitizer)' --cfg 'feature="alloc"' --cfg 'feature="async-await"' --cfg 'feature="async-await-macro"' --cfg 'feature="default"' --cfg 'feature="futures-macro"' --cfg 'feature="slab"' --cfg 'feature="std"' --check-cfg 'cfg(docsrs,test)' --check-cfg 'cfg(feature, values("alloc", "async-await", "async-await-macro", "bilock", "cfg-target-has-atomic", "channel", "compat", "default", "futures-channel", "futures-io", "futures-macro", "futures-sink", "futures_01", "io", "io-compat", "memchr", "portable-atomic", "sink", "slab", "std", "tokio-io", "unstable", "write-all-vectored"))' -C metadata=fac05fc952bc5411 -C extra-filename=-5bb79d4f7d3e61f6 --out-dir /tmp/crossdb-turso-target/release/deps -L dependency=/tmp/crossdb-turso-target/release/deps --extern futures_core=/tmp/crossdb-turso-target/release/deps/libfutures_core-398e07a58fb28ac5.rmeta --extern futures_macro=/tmp/crossdb-turso-target/release/deps/libfutures_macro-3a1e05c0fa91bdb4.so --extern futures_task=/tmp/crossdb-turso-target/release/deps/libfutures_task-05babeceec83a30e.rmeta --extern pin_project_lite=/tmp/crossdb-turso-target/release/deps/libpin_project_lite-8a3f8391f3e45f67.rmeta --extern pin_utils=/tmp/crossdb-turso-target/release/deps/libpin_utils-720dcbe0314e6ee4.rmeta --extern slab=/tmp/crossdb-turso-target/release/deps/libslab-ccc4a9466023a8b9.rmeta --cap-lints allow -C target-cpu=native`
     Running `/tmp/crossdb-turso-target/release/build/icu_normalizer_data-470488cddbb1f810/build-script-build`
     Running `/tmp/crossdb-turso-target/release/build/icu_locale_data-6a19ae1bfb8786e9/build-script-build`
     Running `/tmp/crossdb-turso-target/release/build/rustix-4b169a41fe8258f7/build-script-build`
   Compiling tantivy-fst v0.5.0
     Running `/home/opc/.rustup/toolchains/stable-aarch64-unknown-linux-gnu/bin/rustc --crate-name tantivy_fst --edition=2021 /home/opc/.cargo/registry/src/index.crates.io-1949cf8c6b5b557f/tantivy-fst-0.5.0/src/lib.rs --error-format=json --json=diagnostic-rendered-ansi,artifacts,future-incompat --crate-type lib --emit=dep-info,metadata,link -C opt-level=3 -C panic=abort -C codegen-units=4 -C debuginfo=line-tables-only --cfg 'feature="default"' --cfg 'feature="regex"' --cfg 'feature="regex-syntax"' --check-cfg 'cfg(docsrs,test)' --check-cfg 'cfg(feature, values("default", "regex", "regex-syntax"))' -C metadata=87ab533bb59d8411 -C extra-filename=-2c5a8c9949316768 --out-dir /tmp/crossdb-turso-target/release/deps -L dependency=/tmp/crossdb-turso-target/release/deps --extern byteorder=/tmp/crossdb-turso-target/release/deps/libbyteorder-8346cd828264898a.rmeta --extern regex_syntax=/tmp/crossdb-turso-target/release/deps/libregex_syntax-a846623b54585926.rmeta --extern utf8_ranges=/tmp/crossdb-turso-target/release/deps/libutf8_ranges-43293df654ac646c.rmeta --cap-lints allow -C target-cpu=native`
     Running `/tmp/crossdb-turso-target/release/build/erased-serde-7898c56abe76711e/build-script-build`
     Running `/tmp/crossdb-turso-target/release/build/rayon-core-99de232a909f9331/build-script-build`
   Compiling universal-hash v0.5.1
     Running `/home/opc/.rustup/toolchains/stable-aarch64-unknown-linux-gnu/bin/rustc --crate-name universal_hash --edition=2021 /home/opc/.cargo/registry/src/index.crates.io-1949cf8c6b5b557f/universal-hash-0.5.1/src/lib.rs --error-format=json --json=diagnostic-rendered-ansi,artifacts,future-incompat --crate-type lib --emit=dep-info,metadata,link -C opt-level=3 -C panic=abort -C codegen-units=4 -C debuginfo=line-tables-only --check-cfg 'cfg(docsrs,test)' --check-cfg 'cfg(feature, values("std"))' -C metadata=50eba58e784210bf -C extra-filename=-65d25ef1d0604eeb --out-dir /tmp/crossdb-turso-target/release/deps -L dependency=/tmp/crossdb-turso-target/release/deps --extern crypto_common=/tmp/crossdb-turso-target/release/deps/libcrypto_common-957d27d2cec6a8fa.rmeta --extern subtle=/tmp/crossdb-turso-target/release/deps/libsubtle-6557066817a73b65.rmeta --cap-lints allow -C target-cpu=native`
     Running `/tmp/crossdb-turso-target/release/build/serde_json-ab6df174bde4cd8e/build-script-build`
     Running `/tmp/crossdb-turso-target/release/build/libm-dd9d079d0707e7c4/build-script-build`
     Running `/tmp/crossdb-turso-target/release/build/thiserror-ea814ad8195cff02/build-script-build`
   Compiling tracing v0.1.41
     Running `/home/opc/.rustup/toolchains/stable-aarch64-unknown-linux-gnu/bin/rustc --crate-name tracing --edition=2018 /home/opc/.cargo/registry/src/index.crates.io-1949cf8c6b5b557f/tracing-0.1.41/src/lib.rs --error-format=json --json=diagnostic-rendered-ansi,artifacts,future-incompat --crate-type lib --emit=dep-info,metadata,link -C opt-level=3 -C panic=abort -C codegen-units=4 -C debuginfo=line-tables-only --warn=unexpected_cfgs --check-cfg 'cfg(flaky_tests)' --check-cfg 'cfg(tracing_unstable)' --cfg 'feature="attributes"' --cfg 'feature="default"' --cfg 'feature="std"' --cfg 'feature="tracing-attributes"' --check-cfg 'cfg(docsrs,test)' --check-cfg 'cfg(feature, values("async-await", "attributes", "default", "log", "log-always", "max_level_debug", "max_level_error", "max_level_info", "max_level_off", "max_level_trace", "max_level_warn", "release_max_level_debug", "release_max_level_error", "release_max_level_info", "release_max_level_off", "release_max_level_trace", "release_max_level_warn", "std", "tracing-attributes", "valuable"))' -C metadata=69ac54636900b42c -C extra-filename=-fce2d56f8a37498e --out-dir /tmp/crossdb-turso-target/release/deps -L dependency=/tmp/crossdb-turso-target/release/deps --extern pin_project_lite=/tmp/crossdb-turso-target/release/deps/libpin_project_lite-8a3f8391f3e45f67.rmeta --extern tracing_attributes=/tmp/crossdb-turso-target/release/deps/libtracing_attributes-fae84322bbecbb4a.so --extern tracing_core=/tmp/crossdb-turso-target/release/deps/libtracing_core-fd71b1f8e4746c82.rmeta --cap-lints allow -C target-cpu=native`
   Compiling cipher v0.4.4
     Running `/home/opc/.rustup/toolchains/stable-aarch64-unknown-linux-gnu/bin/rustc --crate-name cipher --edition=2021 /home/opc/.cargo/registry/src/index.crates.io-1949cf8c6b5b557f/cipher-0.4.4/src/lib.rs --error-format=json --json=diagnostic-rendered-ansi,artifacts,future-incompat --crate-type lib --emit=dep-info,metadata,link -C opt-level=3 -C panic=abort -C codegen-units=4 -C debuginfo=line-tables-only --check-cfg 'cfg(docsrs,test)' --check-cfg 'cfg(feature, values("alloc", "blobby", "block-padding", "dev", "rand_core", "std", "zeroize"))' -C metadata=292cca8b12cb508a -C extra-filename=-b9bfa2dbf78dded8 --out-dir /tmp/crossdb-turso-target/release/deps -L dependency=/tmp/crossdb-turso-target/release/deps --extern crypto_common=/tmp/crossdb-turso-target/release/deps/libcrypto_common-957d27d2cec6a8fa.rmeta --extern inout=/tmp/crossdb-turso-target/release/deps/libinout-97f3dcc68e51b336.rmeta --cap-lints allow -C target-cpu=native`
   Compiling crossbeam-deque v0.8.6
     Running `/home/opc/.rustup/toolchains/stable-aarch64-unknown-linux-gnu/bin/rustc --crate-name crossbeam_deque --edition=2021 /home/opc/.cargo/registry/src/index.crates.io-1949cf8c6b5b557f/crossbeam-deque-0.8.6/src/lib.rs --error-format=json --json=diagnostic-rendered-ansi,artifacts,future-incompat --crate-type lib --emit=dep-info,metadata,link -C opt-level=3 -C panic=abort -C codegen-units=4 -C debuginfo=line-tables-only --warn=unexpected_cfgs '--allow=clippy::lint_groups_priority' '--allow=clippy::declare_interior_mutable_const' --check-cfg 'cfg(crossbeam_loom)' --check-cfg 'cfg(crossbeam_sanitize)' --cfg 'feature="default"' --cfg 'feature="std"' --check-cfg 'cfg(docsrs,test)' --check-cfg 'cfg(feature, values("default", "std"))' -C metadata=46ffd239440861de -C extra-filename=-cc14f3285e2a3243 --out-dir /tmp/crossdb-turso-target/release/deps -L dependency=/tmp/crossdb-turso-target/release/deps --extern crossbeam_epoch=/tmp/crossdb-turso-target/release/deps/libcrossbeam_epoch-6189978c62fb27bd.rmeta --extern crossbeam_utils=/tmp/crossdb-turso-target/release/deps/libcrossbeam_utils-a9ea6a3612052c9b.rmeta --cap-lints allow -C target-cpu=native`
   Compiling darling v0.20.11
     Running `/home/opc/.rustup/toolchains/stable-aarch64-unknown-linux-gnu/bin/rustc --crate-name darling --edition=2021 /home/opc/.cargo/registry/src/index.crates.io-1949cf8c6b5b557f/darling-0.20.11/src/lib.rs --error-format=json --json=diagnostic-rendered-ansi,artifacts,future-incompat --crate-type lib --emit=dep-info,metadata,link -C embed-bitcode=no --warn=unexpected_cfgs --check-cfg 'cfg(compiletests)' -C debug-assertions=off --cfg 'feature="default"' --cfg 'feature="suggestions"' --check-cfg 'cfg(docsrs,test)' --check-cfg 'cfg(feature, values("default", "diagnostics", "suggestions"))' -C metadata=873fe384c716f0fa -C extra-filename=-fa57c36a28ae105a --out-dir /tmp/crossdb-turso-target/release/deps -L dependency=/tmp/crossdb-turso-target/release/deps --extern darling_core=/tmp/crossdb-turso-target/release/deps/libdarling_core-714fa5f2ee460b32.rmeta --extern darling_macro=/tmp/crossdb-turso-target/release/deps/libdarling_macro-64a864b3210aeb70.so --cap-lints allow -C target-cpu=native`
   Compiling ppv-lite86 v0.2.21
     Running `/home/opc/.rustup/toolchains/stable-aarch64-unknown-linux-gnu/bin/rustc --crate-name ppv_lite86 --edition=2021 /home/opc/.cargo/registry/src/index.crates.io-1949cf8c6b5b557f/ppv-lite86-0.2.21/src/lib.rs --error-format=json --json=diagnostic-rendered-ansi,artifacts,future-incompat --crate-type lib --emit=dep-info,metadata,link -C opt-level=3 -C panic=abort -C codegen-units=4 -C debuginfo=line-tables-only --cfg 'feature="simd"' --cfg 'feature="std"' --check-cfg 'cfg(docsrs,test)' --check-cfg 'cfg(feature, values("default", "no_simd", "simd", "std"))' -C metadata=be520d154149d80b -C extra-filename=-793fa5ca547671a1 --out-dir /tmp/crossdb-turso-target/release/deps -L dependency=/tmp/crossdb-turso-target/release/deps --extern zerocopy=/tmp/crossdb-turso-target/release/deps/libzerocopy-e8faf9c70738fd15.rmeta --cap-lints allow -C target-cpu=native`
   Compiling zstd v0.13.3
     Running `/home/opc/.rustup/toolchains/stable-aarch64-unknown-linux-gnu/bin/rustc --crate-name zstd --edition=2018 /home/opc/.cargo/registry/src/index.crates.io-1949cf8c6b5b557f/zstd-0.13.3/src/lib.rs --error-format=json --json=diagnostic-rendered-ansi,artifacts,future-incompat --crate-type lib --emit=dep-info,metadata,link -C opt-level=3 -C panic=abort -C codegen-units=4 -C debuginfo=line-tables-only --cfg 'feature="arrays"' --cfg 'feature="default"' --cfg 'feature="experimental"' --cfg 'feature="legacy"' --cfg 'feature="zdict_builder"' --check-cfg 'cfg(docsrs,test)' --check-cfg 'cfg(feature, values("arrays", "bindgen", "debug", "default", "doc-cfg", "experimental", "fat-lto", "legacy", "no_asm", "pkg-config", "thin", "thin-lto", "wasm", "zdict_builder", "zstdmt"))' -C metadata=a9fe29b231314f3b -C extra-filename=-33dda1f513224f0f --out-dir /tmp/crossdb-turso-target/release/deps -L dependency=/tmp/crossdb-turso-target/release/deps --extern zstd_safe=/tmp/crossdb-turso-target/release/deps/libzstd_safe-edcafea0fb4f7c1f.rmeta --cap-lints allow -C target-cpu=native -L native=/tmp/crossdb-turso-target/release/build/zstd-sys-3f310674bc734c67/out`
   Compiling tantivy-bitpacker v0.10.0
     Running `/home/opc/.rustup/toolchains/stable-aarch64-unknown-linux-gnu/bin/rustc --crate-name tantivy_bitpacker --edition=2024 /home/opc/.cargo/registry/src/index.crates.io-1949cf8c6b5b557f/tantivy-bitpacker-0.10.0/src/lib.rs --error-format=json --json=diagnostic-rendered-ansi,artifacts,future-incompat --crate-type lib --emit=dep-info,metadata,link -C opt-level=3 -C panic=abort -C codegen-units=4 -C debuginfo=line-tables-only --check-cfg 'cfg(docsrs,test)' --check-cfg 'cfg(feature, values())' -C metadata=2d0871ce0e56bfab -C extra-filename=-5c7a4b56e0c63165 --out-dir /tmp/crossdb-turso-target/release/deps -L dependency=/tmp/crossdb-turso-target/release/deps --extern bitpacking=/tmp/crossdb-turso-target/release/deps/libbitpacking-f7dd22fac9834fe4.rmeta --cap-lints allow -C target-cpu=native`
     Running `/home/opc/.rustup/toolchains/stable-aarch64-unknown-linux-gnu/bin/rustc --crate-name typeid --edition=2018 /home/opc/.cargo/registry/src/index.crates.io-1949cf8c6b5b557f/typeid-1.0.3/src/lib.rs --error-format=json --json=diagnostic-rendered-ansi,artifacts,future-incompat --crate-type lib --emit=dep-info,metadata,link -C opt-level=3 -C panic=abort -C codegen-units=4 -C debuginfo=line-tables-only --check-cfg 'cfg(docsrs,test)' --check-cfg 'cfg(feature, values())' -C metadata=e74e917c4180ce7a -C extra-filename=-b5f37e58a77e8671 --out-dir /tmp/crossdb-turso-target/release/deps -L dependency=/tmp/crossdb-turso-target/release/deps --cap-lints allow -C target-cpu=native --check-cfg 'cfg(no_const_type_id)'`
     Running `/tmp/crossdb-turso-target/release/build/clang-sys-ac04bce2438ae9b0/build-script-build`
   Compiling itertools v0.14.0
     Running `/home/opc/.rustup/toolchains/stable-aarch64-unknown-linux-gnu/bin/rustc --crate-name itertools --edition=2018 /home/opc/.cargo/registry/src/index.crates.io-1949cf8c6b5b557f/itertools-0.14.0/src/lib.rs --error-format=json --json=diagnostic-rendered-ansi,artifacts,future-incompat --crate-type lib --emit=dep-info,metadata,link -C opt-level=3 -C panic=abort -C codegen-units=4 -C debuginfo=line-tables-only --cfg 'feature="default"' --cfg 'feature="use_alloc"' --cfg 'feature="use_std"' --check-cfg 'cfg(docsrs,test)' --check-cfg 'cfg(feature, values("default", "use_alloc", "use_std"))' -C metadata=ca9a694cf3494e61 -C extra-filename=-610f69c2620f84c6 --out-dir /tmp/crossdb-turso-target/release/deps -L dependency=/tmp/crossdb-turso-target/release/deps --extern either=/tmp/crossdb-turso-target/release/deps/libeither-1c50b50c501203a6.rmeta --cap-lints allow -C target-cpu=native`
   Compiling rand_core v0.9.3
     Running `/home/opc/.rustup/toolchains/stable-aarch64-unknown-linux-gnu/bin/rustc --crate-name rand_core --edition=2021 /home/opc/.cargo/registry/src/index.crates.io-1949cf8c6b5b557f/rand_core-0.9.3/src/lib.rs --error-format=json --json=diagnostic-rendered-ansi,artifacts,future-incompat --crate-type lib --emit=dep-info,metadata,link -C opt-level=3 -C panic=abort -C codegen-units=4 -C debuginfo=line-tables-only --cfg 'feature="os_rng"' --cfg 'feature="std"' --check-cfg 'cfg(docsrs,test)' --check-cfg 'cfg(feature, values("os_rng", "serde", "std"))' -C metadata=61e9814ace0429ae -C extra-filename=-54c9173ba2ce094f --out-dir /tmp/crossdb-turso-target/release/deps -L dependency=/tmp/crossdb-turso-target/release/deps --extern getrandom=/tmp/crossdb-turso-target/release/deps/libgetrandom-a85e777aeef9e616.rmeta --cap-lints allow -C target-cpu=native`
   Compiling thiserror-impl v2.0.16
     Running `/home/opc/.rustup/toolchains/stable-aarch64-unknown-linux-gnu/bin/rustc --crate-name thiserror_impl --edition=2021 /home/opc/.cargo/registry/src/index.crates.io-1949cf8c6b5b557f/thiserror-impl-2.0.16/src/lib.rs --error-format=json --json=diagnostic-rendered-ansi,artifacts,future-incompat --crate-type proc-macro --emit=dep-info,link -C prefer-dynamic -C embed-bitcode=no -C debug-assertions=off --check-cfg 'cfg(docsrs,test)' --check-cfg 'cfg(feature, values())' -C metadata=efbcc01b17617563 -C extra-filename=-47972c0d2b58ffaa --out-dir /tmp/crossdb-turso-target/release/deps -L dependency=/tmp/crossdb-turso-target/release/deps --extern proc_macro2=/tmp/crossdb-turso-target/release/deps/libproc_macro2-161db97f1758d90e.rlib --extern quote=/tmp/crossdb-turso-target/release/deps/libquote-5c3f7e33372cef0a.rlib --extern syn=/tmp/crossdb-turso-target/release/deps/libsyn-73b8e456b142f972.rlib --extern proc_macro --cap-lints allow -C target-cpu=native`
   Compiling bytemuck_derive v1.9.3
     Running `/home/opc/.rustup/toolchains/stable-aarch64-unknown-linux-gnu/bin/rustc --crate-name bytemuck_derive --edition=2018 /home/opc/.cargo/registry/src/index.crates.io-1949cf8c6b5b557f/bytemuck_derive-1.9.3/src/lib.rs --error-format=json --json=diagnostic-rendered-ansi,artifacts,future-incompat --crate-type proc-macro --emit=dep-info,link -C prefer-dynamic -C embed-bitcode=no -C debug-assertions=off --check-cfg 'cfg(docsrs,test)' --check-cfg 'cfg(feature, values())' -C metadata=4f71b7b19f785344 -C extra-filename=-9af012425e5010aa --out-dir /tmp/crossdb-turso-target/release/deps -L dependency=/tmp/crossdb-turso-target/release/deps --extern proc_macro2=/tmp/crossdb-turso-target/release/deps/libproc_macro2-161db97f1758d90e.rlib --extern quote=/tmp/crossdb-turso-target/release/deps/libquote-5c3f7e33372cef0a.rlib --extern syn=/tmp/crossdb-turso-target/release/deps/libsyn-73b8e456b142f972.rlib --extern proc_macro --cap-lints allow -C target-cpu=native`
   Compiling lock_api v0.4.13
     Running `/home/opc/.rustup/toolchains/stable-aarch64-unknown-linux-gnu/bin/rustc --crate-name build_script_build --edition=2021 /home/opc/.cargo/registry/src/index.crates.io-1949cf8c6b5b557f/lock_api-0.4.13/build.rs --error-format=json --json=diagnostic-rendered-ansi,artifacts,future-incompat --crate-type bin --emit=dep-info,link -C embed-bitcode=no -C debug-assertions=off --cfg 'feature="arc_lock"' --cfg 'feature="atomic_usize"' --cfg 'feature="default"' --check-cfg 'cfg(docsrs,test)' --check-cfg 'cfg(feature, values("arc_lock", "atomic_usize", "default", "nightly", "owning_ref", "serde"))' -C metadata=b5befd38ceb025ed -C extra-filename=-9d955264669e2e54 --out-dir /tmp/crossdb-turso-target/release/build/lock_api-9d955264669e2e54 -L dependency=/tmp/crossdb-turso-target/release/deps --extern autocfg=/tmp/crossdb-turso-target/release/deps/libautocfg-1181c978d8838c6b.rlib --cap-lints allow -C target-cpu=native`
   Compiling memoffset v0.9.1
     Running `/home/opc/.rustup/toolchains/stable-aarch64-unknown-linux-gnu/bin/rustc --crate-name build_script_build --edition=2015 /home/opc/.cargo/registry/src/index.crates.io-1949cf8c6b5b557f/memoffset-0.9.1/build.rs --error-format=json --json=diagnostic-rendered-ansi,artifacts,future-incompat --crate-type bin --emit=dep-info,link -C embed-bitcode=no -C debug-assertions=off --cfg 'feature="default"' --check-cfg 'cfg(docsrs,test)' --check-cfg 'cfg(feature, values("default", "unstable_const", "unstable_offset_of"))' -C metadata=3219eec4337d378f -C extra-filename=-436071c54651dd93 --out-dir /tmp/crossdb-turso-target/release/build/memoffset-436071c54651dd93 -L dependency=/tmp/crossdb-turso-target/release/deps --extern autocfg=/tmp/crossdb-turso-target/release/deps/libautocfg-1181c978d8838c6b.rlib --cap-lints allow -C target-cpu=native`
   Compiling foldhash v0.2.0
     Running `/home/opc/.rustup/toolchains/stable-aarch64-unknown-linux-gnu/bin/rustc --crate-name foldhash --edition=2021 /home/opc/.cargo/registry/src/index.crates.io-1949cf8c6b5b557f/foldhash-0.2.0/src/lib.rs --error-format=json --json=diagnostic-rendered-ansi,artifacts,future-incompat --crate-type lib --emit=dep-info,metadata,link -C opt-level=3 -C panic=abort -C codegen-units=4 -C debuginfo=line-tables-only --check-cfg 'cfg(docsrs,test)' --check-cfg 'cfg(feature, values("default", "nightly", "std"))' -C metadata=be6bf5b271e1f4b8 -C extra-filename=-849bfd54e7584762 --out-dir /tmp/crossdb-turso-target/release/deps -L dependency=/tmp/crossdb-turso-target/release/deps --cap-lints allow -C target-cpu=native`
   Compiling minimal-lexical v0.2.1
     Running `/home/opc/.rustup/toolchains/stable-aarch64-unknown-linux-gnu/bin/rustc --crate-name minimal_lexical --edition=2018 /home/opc/.cargo/registry/src/index.crates.io-1949cf8c6b5b557f/minimal-lexical-0.2.1/src/lib.rs --error-format=json --json=diagnostic-rendered-ansi,artifacts,future-incompat --crate-type lib --emit=dep-info,metadata,link -C embed-bitcode=no -C debug-assertions=off --cfg 'feature="std"' --check-cfg 'cfg(docsrs,test)' --check-cfg 'cfg(feature, values("alloc", "compact", "default", "lint", "nightly", "std"))' -C metadata=8052e32d82f8b389 -C extra-filename=-0754e8cd320b1970 --out-dir /tmp/crossdb-turso-target/release/deps -L dependency=/tmp/crossdb-turso-target/release/deps --cap-lints allow -C target-cpu=native`
     Running `/home/opc/.rustup/toolchains/stable-aarch64-unknown-linux-gnu/bin/rustc --crate-name build_script_build --edition=2021 /home/opc/.cargo/registry/src/index.crates.io-1949cf8c6b5b557f/rustix-0.38.44/build.rs --error-format=json --json=diagnostic-rendered-ansi,artifacts,future-incompat --crate-type bin --emit=dep-info,link -C embed-bitcode=no --warn=unexpected_cfgs --check-cfg 'cfg(alloc_c_string)' --check-cfg 'cfg(alloc_ffi)' --check-cfg 'cfg(apple)' --check-cfg 'cfg(asm_experimental_arch)' --check-cfg 'cfg(bsd)' --check-cfg 'cfg(core_c_str)' --check-cfg 'cfg(core_ffi_c)' --check-cfg 'cfg(core_intrinsics)' --check-cfg 'cfg(criterion)' --check-cfg 'cfg(document_experimental_runtime_api)' --check-cfg 'cfg(fix_y2038)' --check-cfg 'cfg(freebsdlike)' --check-cfg 'cfg(libc)' --check-cfg 'cfg(linux_kernel)' --check-cfg 'cfg(linux_like)' --check-cfg 'cfg(linux_raw)' --check-cfg 'cfg(netbsdlike)' --check-cfg 'cfg(rustc_attrs)' --check-cfg 'cfg(solarish)' --check-cfg 'cfg(staged_api)' --check-cfg 'cfg(static_assertions)' --check-cfg 'cfg(thumb_mode)' --check-cfg 'cfg(wasi)' --check-cfg 'cfg(wasi_ext)' --check-cfg 'cfg(target_arch, values("xtensa"))' -C debug-assertions=off --cfg 'feature="alloc"' --cfg 'feature="event"' --cfg 'feature="fs"' --cfg 'feature="libc-extra-traits"' --cfg 'feature="pipe"' --cfg 'feature="process"' --cfg 'feature="std"' --cfg 'feature="time"' --check-cfg 'cfg(docsrs,test)' --check-cfg 'cfg(feature, values("all-apis", "alloc", "cc", "compiler_builtins", "core", "default", "event", "fs", "io_uring", "itoa", "libc", "libc-extra-traits", "libc_errno", "linux_4_11", "linux_latest", "mm", "mount", "net", "once_cell", "param", "pipe", "process", "procfs", "pty", "rand", "runtime", "rustc-dep-of-std", "rustc-std-workspace-alloc", "shm", "std", "stdio", "system", "termios", "thread", "time", "try_close", "use-explicitly-provided-auxv", "use-libc", "use-libc-auxv"))' -C metadata=8880829796f41475 -C extra-filename=-f7c1dd7229143ef5 --out-dir /tmp/crossdb-turso-target/release/build/rustix-f7c1dd7229143ef5 -L dependency=/tmp/crossdb-turso-target/release/deps --cap-lints allow -C target-cpu=native`
   Compiling heck v0.5.0
     Running `/home/opc/.rustup/toolchains/stable-aarch64-unknown-linux-gnu/bin/rustc --crate-name heck --edition=2021 /home/opc/.cargo/registry/src/index.crates.io-1949cf8c6b5b557f/heck-0.5.0/src/lib.rs --error-format=json --json=diagnostic-rendered-ansi,artifacts,future-incompat --crate-type lib --emit=dep-info,metadata,link -C embed-bitcode=no -C debug-assertions=off --check-cfg 'cfg(docsrs,test)' --check-cfg 'cfg(feature, values())' -C metadata=cb43cf6ed2dedaf0 -C extra-filename=-6357c2fbfa4ede1f --out-dir /tmp/crossdb-turso-target/release/deps -L dependency=/tmp/crossdb-turso-target/release/deps --cap-lints allow -C target-cpu=native`
   Compiling icu_collator_data v2.2.0
     Running `/home/opc/.rustup/toolchains/stable-aarch64-unknown-linux-gnu/bin/rustc --crate-name build_script_build --edition=2021 /home/opc/.cargo/registry/src/index.crates.io-1949cf8c6b5b557f/icu_collator_data-2.2.0/build.rs --error-format=json --json=diagnostic-rendered-ansi,artifacts,future-incompat --crate-type bin --emit=dep-info,link -C embed-bitcode=no --warn=unexpected_cfgs --check-cfg 'cfg(icu4x_custom_data)' -C debug-assertions=off --check-cfg 'cfg(docsrs,test)' --check-cfg 'cfg(feature, values())' -C metadata=351df99852c7cf59 -C extra-filename=-f3ef252321af230a --out-dir /tmp/crossdb-turso-target/release/build/icu_collator_data-f3ef252321af230a -L dependency=/tmp/crossdb-turso-target/release/deps --cap-lints allow -C target-cpu=native`
     Running `/home/opc/.rustup/toolchains/stable-aarch64-unknown-linux-gnu/bin/rustc --crate-name fnv --edition=2015 /home/opc/.cargo/registry/src/index.crates.io-1949cf8c6b5b557f/fnv-1.0.7/lib.rs --error-format=json --json=diagnostic-rendered-ansi,artifacts,future-incompat --crate-type lib --emit=dep-info,metadata,link -C opt-level=3 -C panic=abort -C codegen-units=4 -C debuginfo=line-tables-only --cfg 'feature="default"' --cfg 'feature="std"' --check-cfg 'cfg(docsrs,test)' --check-cfg 'cfg(feature, values("default", "std"))' -C metadata=bb2d9e497b0faba8 -C extra-filename=-cd5df0c4432bdf93 --out-dir /tmp/crossdb-turso-target/release/deps -L dependency=/tmp/crossdb-turso-target/release/deps --cap-lints allow -C target-cpu=native`
   Compiling equivalent v1.0.2
     Running `/home/opc/.rustup/toolchains/stable-aarch64-unknown-linux-gnu/bin/rustc --crate-name equivalent --edition=2015 /home/opc/.cargo/registry/src/index.crates.io-1949cf8c6b5b557f/equivalent-1.0.2/src/lib.rs --error-format=json --json=diagnostic-rendered-ansi,artifacts,future-incompat --crate-type lib --emit=dep-info,metadata,link -C opt-level=3 -C panic=abort -C codegen-units=4 -C debuginfo=line-tables-only --check-cfg 'cfg(docsrs,test)' --check-cfg 'cfg(feature, values())' -C metadata=f571d489ac7c6817 -C extra-filename=-0314b486222a16ed --out-dir /tmp/crossdb-turso-target/release/deps -L dependency=/tmp/crossdb-turso-target/release/deps --cap-lints allow -C target-cpu=native`
     Running `/home/opc/.rustup/toolchains/stable-aarch64-unknown-linux-gnu/bin/rustc --crate-name memchr --edition=2021 /home/opc/.cargo/registry/src/index.crates.io-1949cf8c6b5b557f/memchr-2.7.6/src/lib.rs --error-format=json --json=diagnostic-rendered-ansi,artifacts,future-incompat --crate-type lib --emit=dep-info,metadata,link -C embed-bitcode=no -C debug-assertions=off --cfg 'feature="alloc"' --cfg 'feature="std"' --check-cfg 'cfg(docsrs,test)' --check-cfg 'cfg(feature, values("alloc", "core", "default", "libc", "logging", "rustc-dep-of-std", "std", "use_std"))' -C metadata=abadefd620ccd235 -C extra-filename=-89085cc7389d3de4 --out-dir /tmp/crossdb-turso-target/release/deps -L dependency=/tmp/crossdb-turso-target/release/deps --cap-lints allow -C target-cpu=native`
   Compiling allocator-api2 v0.2.21
     Running `/home/opc/.rustup/toolchains/stable-aarch64-unknown-linux-gnu/bin/rustc --crate-name allocator_api2 --edition=2018 /home/opc/.cargo/registry/src/index.crates.io-1949cf8c6b5b557f/allocator-api2-0.2.21/src/lib.rs --error-format=json --json=diagnostic-rendered-ansi,artifacts,future-incompat --crate-type lib --emit=dep-info,metadata,link -C opt-level=3 -C panic=abort -C codegen-units=4 -C debuginfo=line-tables-only --warn=unexpected_cfgs --check-cfg 'cfg(no_global_oom_handling)' --cfg 'feature="alloc"' --check-cfg 'cfg(docsrs,test)' --check-cfg 'cfg(feature, values("alloc", "default", "fresh-rust", "nightly", "serde", "std"))' -C metadata=1c4b4d868de003ef -C extra-filename=-142b3b437a5de452 --out-dir /tmp/crossdb-turso-target/release/deps -L dependency=/tmp/crossdb-turso-target/release/deps --cap-lints allow -C target-cpu=native`
     Running `/home/opc/.rustup/toolchains/stable-aarch64-unknown-linux-gnu/bin/rustc --crate-name bitflags --edition=2021 /home/opc/.cargo/registry/src/index.crates.io-1949cf8c6b5b557f/bitflags-2.9.4/src/lib.rs --error-format=json --json=diagnostic-rendered-ansi,artifacts,future-incompat --crate-type lib --emit=dep-info,metadata,link -C embed-bitcode=no -C debug-assertions=off --cfg 'feature="std"' --check-cfg 'cfg(docsrs,test)' --check-cfg 'cfg(feature, values("arbitrary", "bytemuck", "example_generated", "serde", "std"))' -C metadata=2107e4127e68c412 -C extra-filename=-d1a509488ac01bc3 --out-dir /tmp/crossdb-turso-target/release/deps -L dependency=/tmp/crossdb-turso-target/release/deps --cap-lints allow -C target-cpu=native`
   Compiling lazy_static v1.5.0
     Running `/home/opc/.rustup/toolchains/stable-aarch64-unknown-linux-gnu/bin/rustc --crate-name lazy_static --edition=2015 /home/opc/.cargo/registry/src/index.crates.io-1949cf8c6b5b557f/lazy_static-1.5.0/src/lib.rs --error-format=json --json=diagnostic-rendered-ansi,artifacts,future-incompat --crate-type lib --emit=dep-info,metadata,link -C opt-level=3 -C panic=abort -C codegen-units=4 -C debuginfo=line-tables-only --check-cfg 'cfg(docsrs,test)' --check-cfg 'cfg(feature, values("spin", "spin_no_std"))' -C metadata=029f27f25c1e2b53 -C extra-filename=-7388248fee4d2808 --out-dir /tmp/crossdb-turso-target/release/deps -L dependency=/tmp/crossdb-turso-target/release/deps --cap-lints allow -C target-cpu=native`
   Compiling typetag v0.2.21
     Running `/home/opc/.rustup/toolchains/stable-aarch64-unknown-linux-gnu/bin/rustc --crate-name build_script_build --edition=2021 /home/opc/.cargo/registry/src/index.crates.io-1949cf8c6b5b557f/typetag-0.2.21/build.rs --error-format=json --json=diagnostic-rendered-ansi,artifacts,future-incompat --crate-type bin --emit=dep-info,link -C embed-bitcode=no -C debug-assertions=off --check-cfg 'cfg(docsrs,test)' --check-cfg 'cfg(feature, values())' -C metadata=20bcdf3518b16517 -C extra-filename=-730d8fa0810332c8 --out-dir /tmp/crossdb-turso-target/release/build/typetag-730d8fa0810332c8 -L dependency=/tmp/crossdb-turso-target/release/deps --cap-lints allow -C target-cpu=native`
   Compiling opaque-debug v0.3.1
     Running `/home/opc/.rustup/toolchains/stable-aarch64-unknown-linux-gnu/bin/rustc --crate-name opaque_debug --edition=2018 /home/opc/.cargo/registry/src/index.crates.io-1949cf8c6b5b557f/opaque-debug-0.3.1/src/lib.rs --error-format=json --json=diagnostic-rendered-ansi,artifacts,future-incompat --crate-type lib --emit=dep-info,metadata,link -C opt-level=3 -C panic=abort -C codegen-units=4 -C debuginfo=line-tables-only --check-cfg 'cfg(docsrs,test)' --check-cfg 'cfg(feature, values())' -C metadata=f3f09fb9de8eca95 -C extra-filename=-368a7607a1ad2c73 --out-dir /tmp/crossdb-turso-target/release/deps -L dependency=/tmp/crossdb-turso-target/release/deps --cap-lints allow -C target-cpu=native`
     Running `/home/opc/.rustup/toolchains/stable-aarch64-unknown-linux-gnu/bin/rustc --crate-name cfg_if --edition=2018 /home/opc/.cargo/registry/src/index.crates.io-1949cf8c6b5b557f/cfg-if-1.0.0/src/lib.rs --error-format=json --json=diagnostic-rendered-ansi,artifacts,future-incompat --crate-type lib --emit=dep-info,metadata,link -C embed-bitcode=no -C debug-assertions=off --check-cfg 'cfg(docsrs,test)' --check-cfg 'cfg(feature, values("compiler_builtins", "core", "rustc-dep-of-std"))' -C metadata=9de416214b8d4ac5 -C extra-filename=-cce601e44bfc23cc --out-dir /tmp/crossdb-turso-target/release/deps -L dependency=/tmp/crossdb-turso-target/release/deps --cap-lints allow -C target-cpu=native`
   Compiling parking_lot_core v0.9.11
     Running `/home/opc/.rustup/toolchains/stable-aarch64-unknown-linux-gnu/bin/rustc --crate-name build_script_build --edition=2021 /home/opc/.cargo/registry/src/index.crates.io-1949cf8c6b5b557f/parking_lot_core-0.9.11/build.rs --error-format=json --json=diagnostic-rendered-ansi,artifacts,future-incompat --crate-type bin --emit=dep-info,link -C embed-bitcode=no -C debug-assertions=off --check-cfg 'cfg(docsrs,test)' --check-cfg 'cfg(feature, values("backtrace", "deadlock_detection", "nightly", "petgraph", "thread-id"))' -C metadata=caad3961ec0edbf4 -C extra-filename=-8aebeaa7df6e06d2 --out-dir /tmp/crossdb-turso-target/release/build/parking_lot_core-8aebeaa7df6e06d2 -L dependency=/tmp/crossdb-turso-target/release/deps --cap-lints allow -C target-cpu=native`
     Running `/home/opc/.rustup/toolchains/stable-aarch64-unknown-linux-gnu/bin/rustc --crate-name regex_syntax --edition=2021 /home/opc/.cargo/registry/src/index.crates.io-1949cf8c6b5b557f/regex-syntax-0.8.5/src/lib.rs --error-format=json --json=diagnostic-rendered-ansi,artifacts,future-incompat --crate-type lib --emit=dep-info,metadata,link -C embed-bitcode=no -C debug-assertions=off --cfg 'feature="std"' --cfg 'feature="unicode-perl"' --check-cfg 'cfg(docsrs,test)' --check-cfg 'cfg(feature, values("arbitrary", "default", "std", "unicode", "unicode-age", "unicode-bool", "unicode-case", "unicode-gencat", "unicode-perl", "unicode-script", "unicode-segment"))' -C metadata=a774700fdd5ca869 -C extra-filename=-6f775b114e23bcea --out-dir /tmp/crossdb-turso-target/release/deps -L dependency=/tmp/crossdb-turso-target/release/deps --cap-lints allow -C target-cpu=native`
   Compiling murmurhash32 v0.3.1
     Running `/home/opc/.rustup/toolchains/stable-aarch64-unknown-linux-gnu/bin/rustc --crate-name murmurhash32 --edition=2018 /home/opc/.cargo/registry/src/index.crates.io-1949cf8c6b5b557f/murmurhash32-0.3.1/src/lib.rs --error-format=json --json=diagnostic-rendered-ansi,artifacts,future-incompat --crate-type lib --emit=dep-info,metadata,link -C opt-level=3 -C panic=abort -C codegen-units=4 -C debuginfo=line-tables-only --check-cfg 'cfg(docsrs,test)' --check-cfg 'cfg(feature, values())' -C metadata=11834d25077d71c9 -C extra-filename=-67e66df97984f157 --out-dir /tmp/crossdb-turso-target/release/deps -L dependency=/tmp/crossdb-turso-target/release/deps --cap-lints allow -C target-cpu=native`
   Compiling linux-raw-sys v0.4.15
     Running `/home/opc/.rustup/toolchains/stable-aarch64-unknown-linux-gnu/bin/rustc --crate-name linux_raw_sys --edition=2021 /home/opc/.cargo/registry/src/index.crates.io-1949cf8c6b5b557f/linux-raw-sys-0.4.15/src/lib.rs --error-format=json --json=diagnostic-rendered-ansi,artifacts,future-incompat --crate-type lib --emit=dep-info,metadata,link -C embed-bitcode=no --warn=unexpected_cfgs --check-cfg 'cfg(target_arch, values("xtensa"))' -C debug-assertions=off --cfg 'feature="elf"' --cfg 'feature="errno"' --cfg 'feature="general"' --cfg 'feature="ioctl"' --cfg 'feature="no_std"' --check-cfg 'cfg(docsrs,test)' --check-cfg 'cfg(feature, values("bootparam", "btrfs", "compiler_builtins", "core", "default", "elf", "elf_uapi", "errno", "general", "if_arp", "if_ether", "if_packet", "io_uring", "ioctl", "landlock", "loop_device", "mempolicy", "net", "netlink", "no_std", "prctl", "ptrace", "rustc-dep-of-std", "std", "system", "xdp"))' -C metadata=4e3e00c22cbfd800 -C extra-filename=-ee1d5655700fc2bf --out-dir /tmp/crossdb-turso-target/release/deps -L dependency=/tmp/crossdb-turso-target/release/deps --cap-lints allow -C target-cpu=native`
   Compiling ryu v1.0.20
     Running `/home/opc/.rustup/toolchains/stable-aarch64-unknown-linux-gnu/bin/rustc --crate-name ryu --edition=2018 /home/opc/.cargo/registry/src/index.crates.io-1949cf8c6b5b557f/ryu-1.0.20/src/lib.rs --error-format=json --json=diagnostic-rendered-ansi,artifacts,future-incompat --crate-type lib --emit=dep-info,metadata,link -C opt-level=3 -C panic=abort -C codegen-units=4 -C debuginfo=line-tables-only --check-cfg 'cfg(docsrs,test)' --check-cfg 'cfg(feature, values("no-panic", "small"))' -C metadata=cb154e1423928b4a -C extra-filename=-de3de3b5637dab70 --out-dir /tmp/crossdb-turso-target/release/deps -L dependency=/tmp/crossdb-turso-target/release/deps --cap-lints allow -C target-cpu=native`
     Running `/home/opc/.rustup/toolchains/stable-aarch64-unknown-linux-gnu/bin/rustc --crate-name minimal_lexical --edition=2018 /home/opc/.cargo/registry/src/index.crates.io-1949cf8c6b5b557f/minimal-lexical-0.2.1/src/lib.rs --error-format=json --json=diagnostic-rendered-ansi,artifacts,future-incompat --crate-type lib --emit=dep-info,metadata,link -C opt-level=3 -C panic=abort -C codegen-units=4 -C debuginfo=line-tables-only --cfg 'feature="std"' --check-cfg 'cfg(docsrs,test)' --check-cfg 'cfg(feature, values("alloc", "compact", "default", "lint", "nightly", "std"))' -C metadata=6deac80c0f03edb3 -C extra-filename=-db78fdd52219de23 --out-dir /tmp/crossdb-turso-target/release/deps -L dependency=/tmp/crossdb-turso-target/release/deps --cap-lints allow -C target-cpu=native`
   Compiling getrandom v0.4.2
     Running `/home/opc/.rustup/toolchains/stable-aarch64-unknown-linux-gnu/bin/rustc --crate-name build_script_build --edition=2024 /home/opc/.cargo/registry/src/index.crates.io-1949cf8c6b5b557f/getrandom-0.4.2/build.rs --error-format=json --json=diagnostic-rendered-ansi,artifacts,future-incompat --crate-type bin --emit=dep-info,link -C embed-bitcode=no '--warn=clippy::useless_conversion' --warn=unused_lifetimes '--warn=clippy::unnecessary_cast' --warn=unexpected_cfgs '--warn=clippy::ptr_as_ptr' --warn=missing_docs '--warn=clippy::fn_to_numeric_cast_with_truncation' '--warn=clippy::fn_to_numeric_cast' '--warn=clippy::checked_conversions' '--warn=clippy::char_lit_as_u8' '--warn=clippy::cast_sign_loss' '--warn=clippy::cast_ptr_alignment' '--warn=clippy::cast_precision_loss' '--warn=clippy::cast_possible_wrap' '--warn=clippy::cast_possible_truncation' '--warn=clippy::cast_lossless' --check-cfg 'cfg(getrandom_backend, values("custom", "efi_rng", "rdrand", "rndr", "linux_getrandom", "linux_raw", "windows_legacy", "unsupported", "extern_impl"))' --check-cfg 'cfg(getrandom_msan)' --check-cfg 'cfg(getrandom_test_linux_fallback)' --check-cfg 'cfg(getrandom_test_linux_without_fallback)' --check-cfg 'cfg(getrandom_test_netbsd_fallback)' --check-cfg 'cfg(target_os, values("cygwin"))' --check-cfg 'cfg(target_os, values("motor"))' -C debug-assertions=off --check-cfg 'cfg(docsrs,test)' --check-cfg 'cfg(feature, values("std", "sys_rng", "wasm_js"))' -C metadata=91c710159df4d0cb -C extra-filename=-0c07efa0a0a653df --out-dir /tmp/crossdb-turso-target/release/build/getrandom-0c07efa0a0a653df -L dependency=/tmp/crossdb-turso-target/release/deps --cap-lints allow -C target-cpu=native`
     Running `/tmp/crossdb-turso-target/release/build/getrandom-0c07efa0a0a653df/build-script-build`
     Running `/home/opc/.rustup/toolchains/stable-aarch64-unknown-linux-gnu/bin/rustc --crate-name regex_automata --edition=2021 /home/opc/.cargo/registry/src/index.crates.io-1949cf8c6b5b557f/regex-automata-0.4.13/src/lib.rs --error-format=json --json=diagnostic-rendered-ansi,artifacts,future-incompat --crate-type lib --emit=dep-info,metadata,link -C embed-bitcode=no --allow=unexpected_cfgs --check-cfg 'cfg(docsrs_regex)' -C debug-assertions=off --cfg 'feature="alloc"' --cfg 'feature="meta"' --cfg 'feature="nfa-pikevm"' --cfg 'feature="nfa-thompson"' --cfg 'feature="std"' --cfg 'feature="syntax"' --cfg 'feature="unicode-perl"' --cfg 'feature="unicode-word-boundary"' --check-cfg 'cfg(docsrs,test)' --check-cfg 'cfg(feature, values("alloc", "default", "dfa", "dfa-build", "dfa-onepass", "dfa-search", "hybrid", "internal-instrument", "internal-instrument-pikevm", "logging", "meta", "nfa", "nfa-backtrack", "nfa-pikevm", "nfa-thompson", "perf", "perf-inline", "perf-literal", "perf-literal-multisubstring", "perf-literal-substring", "std", "syntax", "unicode", "unicode-age", "unicode-bool", "unicode-case", "unicode-gencat", "unicode-perl", "unicode-script", "unicode-segment", "unicode-word-boundary"))' -C metadata=6d3ec4dfc7c960e9 -C extra-filename=-d7d1f94f4356e211 --out-dir /tmp/crossdb-turso-target/release/deps -L dependency=/tmp/crossdb-turso-target/release/deps --extern regex_syntax=/tmp/crossdb-turso-target/release/deps/libregex_syntax-6f775b114e23bcea.rmeta --cap-lints allow -C target-cpu=native`
   Compiling nom v7.1.3
     Running `/home/opc/.rustup/toolchains/stable-aarch64-unknown-linux-gnu/bin/rustc --crate-name nom --edition=2018 /home/opc/.cargo/registry/src/index.crates.io-1949cf8c6b5b557f/nom-7.1.3/src/lib.rs --error-format=json --json=diagnostic-rendered-ansi,artifacts,future-incompat --crate-type lib --emit=dep-info,metadata,link -C opt-level=3 -C panic=abort -C codegen-units=4 -C debuginfo=line-tables-only --cfg 'feature="alloc"' --cfg 'feature="default"' --cfg 'feature="std"' --check-cfg 'cfg(docsrs,test)' --check-cfg 'cfg(feature, values("alloc", "default", "docsrs", "std"))' -C metadata=1426ffdd9b5ab4f6 -C extra-filename=-d7947d87c22bb075 --out-dir /tmp/crossdb-turso-target/release/deps -L dependency=/tmp/crossdb-turso-target/release/deps --extern memchr=/tmp/crossdb-turso-target/release/deps/libmemchr-73a5922a5a6589ea.rmeta --extern minimal_lexical=/tmp/crossdb-turso-target/release/deps/libminimal_lexical-db78fdd52219de23.rmeta --cap-lints allow -C target-cpu=native`
     Running `/home/opc/.rustup/toolchains/stable-aarch64-unknown-linux-gnu/bin/rustc --crate-name serde_json --edition=2021 /home/opc/.cargo/registry/src/index.crates.io-1949cf8c6b5b557f/serde_json-1.0.140/src/lib.rs --error-format=json --json=diagnostic-rendered-ansi,artifacts,future-incompat --crate-type lib --emit=dep-info,metadata,link -C opt-level=3 -C panic=abort -C codegen-units=4 -C debuginfo=line-tables-only --cfg 'feature="default"' --cfg 'feature="std"' --check-cfg 'cfg(docsrs,test)' --check-cfg 'cfg(feature, values("alloc", "arbitrary_precision", "default", "float_roundtrip", "indexmap", "preserve_order", "raw_value", "std", "unbounded_depth"))' -C metadata=a4514051768d4310 -C extra-filename=-c53aaced51cae6c5 --out-dir /tmp/crossdb-turso-target/release/deps -L dependency=/tmp/crossdb-turso-target/release/deps --extern itoa=/tmp/crossdb-turso-target/release/deps/libitoa-107de0cfbb930261.rmeta --extern memchr=/tmp/crossdb-turso-target/release/deps/libmemchr-73a5922a5a6589ea.rmeta --extern ryu=/tmp/crossdb-turso-target/release/deps/libryu-de3de3b5637dab70.rmeta --extern serde=/tmp/crossdb-turso-target/release/deps/libserde-a35f3fcb983465f3.rmeta --cap-lints allow -C target-cpu=native --cfg 'fast_arithmetic="64"' --check-cfg 'cfg(fast_arithmetic, values("32", "64"))'`
     Running `/home/opc/.rustup/toolchains/stable-aarch64-unknown-linux-gnu/bin/rustc --crate-name rustix --edition=2021 /home/opc/.cargo/registry/src/index.crates.io-1949cf8c6b5b557f/rustix-0.38.44/src/lib.rs --error-format=json --json=diagnostic-rendered-ansi,artifacts,future-incompat --crate-type lib --emit=dep-info,metadata,link -C embed-bitcode=no --warn=unexpected_cfgs --check-cfg 'cfg(alloc_c_string)' --check-cfg 'cfg(alloc_ffi)' --check-cfg 'cfg(apple)' --check-cfg 'cfg(asm_experimental_arch)' --check-cfg 'cfg(bsd)' --check-cfg 'cfg(core_c_str)' --check-cfg 'cfg(core_ffi_c)' --check-cfg 'cfg(core_intrinsics)' --check-cfg 'cfg(criterion)' --check-cfg 'cfg(document_experimental_runtime_api)' --check-cfg 'cfg(fix_y2038)' --check-cfg 'cfg(freebsdlike)' --check-cfg 'cfg(libc)' --check-cfg 'cfg(linux_kernel)' --check-cfg 'cfg(linux_like)' --check-cfg 'cfg(linux_raw)' --check-cfg 'cfg(netbsdlike)' --check-cfg 'cfg(rustc_attrs)' --check-cfg 'cfg(solarish)' --check-cfg 'cfg(staged_api)' --check-cfg 'cfg(static_assertions)' --check-cfg 'cfg(thumb_mode)' --check-cfg 'cfg(wasi)' --check-cfg 'cfg(wasi_ext)' --check-cfg 'cfg(target_arch, values("xtensa"))' -C debug-assertions=off --cfg 'feature="alloc"' --cfg 'feature="fs"' --cfg 'feature="libc-extra-traits"' --cfg 'feature="std"' --check-cfg 'cfg(docsrs,test)' --check-cfg 'cfg(feature, values("all-apis", "alloc", "cc", "compiler_builtins", "core", "default", "event", "fs", "io_uring", "itoa", "libc", "libc-extra-traits", "libc_errno", "linux_4_11", "linux_latest", "mm", "mount", "net", "once_cell", "param", "pipe", "process", "procfs", "pty", "rand", "runtime", "rustc-dep-of-std", "rustc-std-workspace-alloc", "shm", "std", "stdio", "system", "termios", "thread", "time", "try_close", "use-explicitly-provided-auxv", "use-libc", "use-libc-auxv"))' -C metadata=1b341b648283d9f5 -C extra-filename=-bf0ca8c25fa1a1b5 --out-dir /tmp/crossdb-turso-target/release/deps -L dependency=/tmp/crossdb-turso-target/release/deps --extern bitflags=/tmp/crossdb-turso-target/release/deps/libbitflags-d1a509488ac01bc3.rmeta --extern linux_raw_sys=/tmp/crossdb-turso-target/release/deps/liblinux_raw_sys-ee1d5655700fc2bf.rmeta --cap-lints allow -C target-cpu=native --cfg static_assertions --cfg linux_raw --cfg linux_like --cfg linux_kernel`
   Compiling tantivy-stacker v0.7.0
     Running `/home/opc/.rustup/toolchains/stable-aarch64-unknown-linux-gnu/bin/rustc --crate-name tantivy_stacker --edition=2024 /home/opc/.cargo/registry/src/index.crates.io-1949cf8c6b5b557f/tantivy-stacker-0.7.0/src/lib.rs --error-format=json --json=diagnostic-rendered-ansi,artifacts,future-incompat --crate-type lib --emit=dep-info,metadata,link -C opt-level=3 -C panic=abort -C codegen-units=4 -C debuginfo=line-tables-only --check-cfg 'cfg(docsrs,test)' --check-cfg 'cfg(feature, values("ahash", "compare_hash_only", "unstable"))' -C metadata=af81a0f356dc4adc -C extra-filename=-589da40e06b99fa4 --out-dir /tmp/crossdb-turso-target/release/deps -L dependency=/tmp/crossdb-turso-target/release/deps --extern murmurhash32=/tmp/crossdb-turso-target/release/deps/libmurmurhash32-67e66df97984f157.rmeta --extern common=/tmp/crossdb-turso-target/release/deps/libtantivy_common-b6318034885de7a7.rmeta --cap-lints allow -C target-cpu=native`
     Running `/tmp/crossdb-turso-target/release/build/parking_lot_core-8aebeaa7df6e06d2/build-script-build`
     Running `/tmp/crossdb-turso-target/release/build/typetag-730d8fa0810332c8/build-script-build`
   Compiling libloading v0.8.6
     Running `/home/opc/.rustup/toolchains/stable-aarch64-unknown-linux-gnu/bin/rustc --crate-name libloading --edition=2015 /home/opc/.cargo/registry/src/index.crates.io-1949cf8c6b5b557f/libloading-0.8.6/src/lib.rs --error-format=json --json=diagnostic-rendered-ansi,artifacts,future-incompat --crate-type lib --emit=dep-info,metadata,link -C embed-bitcode=no --warn=unexpected_cfgs -C debug-assertions=off --check-cfg 'cfg(docsrs,test)' --check-cfg 'cfg(feature, values())' -C metadata=32523e872ea07b23 -C extra-filename=-3803b1fc141b4d9b --out-dir /tmp/crossdb-turso-target/release/deps -L dependency=/tmp/crossdb-turso-target/release/deps --extern cfg_if=/tmp/crossdb-turso-target/release/deps/libcfg_if-cce601e44bfc23cc.rmeta --cap-lints allow -C target-cpu=native`
   Compiling polyval v0.6.2
     Running `/home/opc/.rustup/toolchains/stable-aarch64-unknown-linux-gnu/bin/rustc --crate-name polyval --edition=2021 /home/opc/.cargo/registry/src/index.crates.io-1949cf8c6b5b557f/polyval-0.6.2/src/lib.rs --error-format=json --json=diagnostic-rendered-ansi,artifacts,future-incompat --crate-type lib --emit=dep-info,metadata,link -C opt-level=3 -C panic=abort -C codegen-units=4 -C debuginfo=line-tables-only --check-cfg 'cfg(docsrs,test)' --check-cfg 'cfg(feature, values("std", "zeroize"))' -C metadata=9cf88fdd1609b22c -C extra-filename=-4e95021adf77a4f5 --out-dir /tmp/crossdb-turso-target/release/deps -L dependency=/tmp/crossdb-turso-target/release/deps --extern cfg_if=/tmp/crossdb-turso-target/release/deps/libcfg_if-f71fb6b7fffc9a44.rmeta --extern cpufeatures=/tmp/crossdb-turso-target/release/deps/libcpufeatures-00b1731f0d81eae8.rmeta --extern opaque_debug=/tmp/crossdb-turso-target/release/deps/libopaque_debug-368a7607a1ad2c73.rmeta --extern universal_hash=/tmp/crossdb-turso-target/release/deps/libuniversal_hash-65d25ef1d0604eeb.rmeta --cap-lints allow -C target-cpu=native`
   Compiling sharded-slab v0.1.7
     Running `/home/opc/.rustup/toolchains/stable-aarch64-unknown-linux-gnu/bin/rustc --crate-name sharded_slab --edition=2018 /home/opc/.cargo/registry/src/index.crates.io-1949cf8c6b5b557f/sharded-slab-0.1.7/src/lib.rs --error-format=json --json=diagnostic-rendered-ansi,artifacts,future-incompat --crate-type lib --emit=dep-info,metadata,link -C opt-level=3 -C panic=abort -C codegen-units=4 -C debuginfo=line-tables-only --check-cfg 'cfg(docsrs,test)' --check-cfg 'cfg(feature, values("loom"))' -C metadata=3d29f8f798cda4be -C extra-filename=-af3d8a936bfd0492 --out-dir /tmp/crossdb-turso-target/release/deps -L dependency=/tmp/crossdb-turso-target/release/deps --extern lazy_static=/tmp/crossdb-turso-target/release/deps/liblazy_static-7388248fee4d2808.rmeta --cap-lints allow -C target-cpu=native`
     Running `/home/opc/.rustup/toolchains/stable-aarch64-unknown-linux-gnu/bin/rustc --crate-name nom --edition=2018 /home/opc/.cargo/registry/src/index.crates.io-1949cf8c6b5b557f/nom-7.1.3/src/lib.rs --error-format=json --json=diagnostic-rendered-ansi,artifacts,future-incompat --crate-type lib --emit=dep-info,metadata,link -C embed-bitcode=no -C debug-assertions=off --cfg 'feature="alloc"' --cfg 'feature="std"' --check-cfg 'cfg(docsrs,test)' --check-cfg 'cfg(feature, values("alloc", "default", "docsrs", "std"))' -C metadata=2ee54e5b4883a556 -C extra-filename=-b223a1c723c54999 --out-dir /tmp/crossdb-turso-target/release/deps -L dependency=/tmp/crossdb-turso-target/release/deps --extern memchr=/tmp/crossdb-turso-target/release/deps/libmemchr-89085cc7389d3de4.rmeta --extern minimal_lexical=/tmp/crossdb-turso-target/release/deps/libminimal_lexical-0754e8cd320b1970.rmeta --cap-lints allow -C target-cpu=native`
   Compiling hashbrown v0.16.1
     Running `/home/opc/.rustup/toolchains/stable-aarch64-unknown-linux-gnu/bin/rustc --crate-name hashbrown --edition=2021 /home/opc/.cargo/registry/src/index.crates.io-1949cf8c6b5b557f/hashbrown-0.16.1/src/lib.rs --error-format=json --json=diagnostic-rendered-ansi,artifacts,future-incompat --crate-type lib --emit=dep-info,metadata,link -C opt-level=3 -C panic=abort -C codegen-units=4 -C debuginfo=line-tables-only --cfg 'feature="allocator-api2"' --cfg 'feature="default"' --cfg 'feature="default-hasher"' --cfg 'feature="equivalent"' --cfg 'feature="inline-more"' --cfg 'feature="raw-entry"' --check-cfg 'cfg(docsrs,test)' --check-cfg 'cfg(feature, values("alloc", "allocator-api2", "core", "default", "default-hasher", "equivalent", "inline-more", "nightly", "raw-entry", "rayon", "rustc-dep-of-std", "rustc-internal-api", "serde"))' -C metadata=c11ddca39c0d57d2 -C extra-filename=-715dc9bc436c4b33 --out-dir /tmp/crossdb-turso-target/release/deps -L dependency=/tmp/crossdb-turso-target/release/deps --extern allocator_api2=/tmp/crossdb-turso-target/release/deps/liballocator_api2-142b3b437a5de452.rmeta --extern equivalent=/tmp/crossdb-turso-target/release/deps/libequivalent-0314b486222a16ed.rmeta --extern foldhash=/tmp/crossdb-turso-target/release/deps/libfoldhash-849bfd54e7584762.rmeta --cap-lints allow -C target-cpu=native`
     Running `/tmp/crossdb-turso-target/release/build/icu_collator_data-f3ef252321af230a/build-script-build`
   Compiling strum_macros v0.26.4
     Running `/home/opc/.rustup/toolchains/stable-aarch64-unknown-linux-gnu/bin/rustc --crate-name strum_macros --edition=2018 /home/opc/.cargo/registry/src/index.crates.io-1949cf8c6b5b557f/strum_macros-0.26.4/src/lib.rs --error-format=json --json=diagnostic-rendered-ansi,artifacts,future-incompat --crate-type proc-macro --emit=dep-info,link -C prefer-dynamic -C embed-bitcode=no -C debug-assertions=off --check-cfg 'cfg(docsrs,test)' --check-cfg 'cfg(feature, values())' -C metadata=cf49eacd373960f4 -C extra-filename=-368f8dd9bcce4cce --out-dir /tmp/crossdb-turso-target/release/deps -L dependency=/tmp/crossdb-turso-target/release/deps --extern heck=/tmp/crossdb-turso-target/release/deps/libheck-6357c2fbfa4ede1f.rlib --extern proc_macro2=/tmp/crossdb-turso-target/release/deps/libproc_macro2-161db97f1758d90e.rlib --extern quote=/tmp/crossdb-turso-target/release/deps/libquote-5c3f7e33372cef0a.rlib --extern rustversion=/tmp/crossdb-turso-target/release/deps/librustversion-0f4c0136ff4a3743.so --extern syn=/tmp/crossdb-turso-target/release/deps/libsyn-73b8e456b142f972.rlib --extern proc_macro --cap-lints allow -C target-cpu=native`
   Compiling bytemuck v1.23.1
     Running `/home/opc/.rustup/toolchains/stable-aarch64-unknown-linux-gnu/bin/rustc --crate-name bytemuck --edition=2018 /home/opc/.cargo/registry/src/index.crates.io-1949cf8c6b5b557f/bytemuck-1.23.1/src/lib.rs --error-format=json --json=diagnostic-rendered-ansi,artifacts,future-incompat --crate-type lib --emit=dep-info,metadata,link -C opt-level=3 -C panic=abort -C codegen-units=4 -C debuginfo=line-tables-only --deny=unexpected_cfgs --check-cfg 'cfg(target_arch, values("spirv"))' --cfg 'feature="bytemuck_derive"' --cfg 'feature="derive"' --check-cfg 'cfg(docsrs,test)' --check-cfg 'cfg(feature, values("aarch64_simd", "align_offset", "alloc_uninit", "avx512_simd", "bytemuck_derive", "const_zeroed", "derive", "extern_crate_alloc", "extern_crate_std", "impl_core_error", "latest_stable_rust", "min_const_generics", "must_cast", "must_cast_extra", "nightly_docs", "nightly_float", "nightly_portable_simd", "nightly_stdsimd", "pod_saturating", "track_caller", "transparentwrapper_extra", "unsound_ptr_pod_impl", "wasm_simd", "zeroable_atomics", "zeroable_maybe_uninit", "zeroable_unwind_fn"))' -C metadata=9ad6e22837707117 -C extra-filename=-61496c927d5cc190 --out-dir /tmp/crossdb-turso-target/release/deps -L dependency=/tmp/crossdb-turso-target/release/deps --extern bytemuck_derive=/tmp/crossdb-turso-target/release/deps/libbytemuck_derive-9af012425e5010aa.so --cap-lints allow -C target-cpu=native`
     Running `/tmp/crossdb-turso-target/release/build/rustix-f7c1dd7229143ef5/build-script-build`
     Running `/tmp/crossdb-turso-target/release/build/memoffset-436071c54651dd93/build-script-build`
     Running `/tmp/crossdb-turso-target/release/build/lock_api-9d955264669e2e54/build-script-build`
     Running `/home/opc/.rustup/toolchains/stable-aarch64-unknown-linux-gnu/bin/rustc --crate-name thiserror --edition=2021 /home/opc/.cargo/registry/src/index.crates.io-1949cf8c6b5b557f/thiserror-2.0.16/src/lib.rs --error-format=json --json=diagnostic-rendered-ansi,artifacts,future-incompat --crate-type lib --emit=dep-info,metadata,link -C opt-level=3 -C panic=abort -C codegen-units=4 -C debuginfo=line-tables-only --cfg 'feature="default"' --cfg 'feature="std"' --check-cfg 'cfg(docsrs,test)' --check-cfg 'cfg(feature, values("default", "std"))' -C metadata=4d2927c6d5f83308 -C extra-filename=-20c0d7e3b0cd1919 --out-dir /tmp/crossdb-turso-target/release/deps -L dependency=/tmp/crossdb-turso-target/release/deps --extern thiserror_impl=/tmp/crossdb-turso-target/release/deps/libthiserror_impl-47972c0d2b58ffaa.so --cap-lints allow -C target-cpu=native --check-cfg 'cfg(error_generic_member_access)' --check-cfg 'cfg(thiserror_nightly_testing)' --check-cfg 'cfg(thiserror_no_backtrace_type)'`
   Compiling tantivy-sstable v0.7.0
     Running `/home/opc/.rustup/toolchains/stable-aarch64-unknown-linux-gnu/bin/rustc --crate-name tantivy_sstable --edition=2024 /home/opc/.cargo/registry/src/index.crates.io-1949cf8c6b5b557f/tantivy-sstable-0.7.0/src/lib.rs --error-format=json --json=diagnostic-rendered-ansi,artifacts,future-incompat --crate-type lib --emit=dep-info,metadata,link -C opt-level=3 -C panic=abort -C codegen-units=4 -C debuginfo=line-tables-only --cfg 'feature="zstd"' --cfg 'feature="zstd-compression"' --check-cfg 'cfg(docsrs,test)' --check-cfg 'cfg(feature, values("zstd", "zstd-compression"))' -C metadata=f621b4b012a96dd9 -C extra-filename=-8a1c9c4e1d7e6371 --out-dir /tmp/crossdb-turso-target/release/deps -L dependency=/tmp/crossdb-turso-target/release/deps --extern futures_util=/tmp/crossdb-turso-target/release/deps/libfutures_util-5bb79d4f7d3e61f6.rmeta --extern itertools=/tmp/crossdb-turso-target/release/deps/libitertools-610f69c2620f84c6.rmeta --extern tantivy_bitpacker=/tmp/crossdb-turso-target/release/deps/libtantivy_bitpacker-5c7a4b56e0c63165.rmeta --extern common=/tmp/crossdb-turso-target/release/deps/libtantivy_common-b6318034885de7a7.rmeta --extern tantivy_fst=/tmp/crossdb-turso-target/release/deps/libtantivy_fst-2c5a8c9949316768.rmeta --extern zstd=/tmp/crossdb-turso-target/release/deps/libzstd-33dda1f513224f0f.rmeta --cap-lints allow -C target-cpu=native -L native=/tmp/crossdb-turso-target/release/build/zstd-sys-3f310674bc734c67/out`
   Compiling rand_chacha v0.9.0
     Running `/home/opc/.rustup/toolchains/stable-aarch64-unknown-linux-gnu/bin/rustc --crate-name rand_chacha --edition=2021 /home/opc/.cargo/registry/src/index.crates.io-1949cf8c6b5b557f/rand_chacha-0.9.0/src/lib.rs --error-format=json --json=diagnostic-rendered-ansi,artifacts,future-incompat --crate-type lib --emit=dep-info,metadata,link -C opt-level=3 -C panic=abort -C codegen-units=4 -C debuginfo=line-tables-only --cfg 'feature="std"' --check-cfg 'cfg(docsrs,test)' --check-cfg 'cfg(feature, values("default", "os_rng", "serde", "std"))' -C metadata=6b24565fb33445ac -C extra-filename=-d7257837065711da --out-dir /tmp/crossdb-turso-target/release/deps -L dependency=/tmp/crossdb-turso-target/release/deps --extern ppv_lite86=/tmp/crossdb-turso-target/release/deps/libppv_lite86-793fa5ca547671a1.rmeta --extern rand_core=/tmp/crossdb-turso-target/release/deps/librand_core-54c9173ba2ce094f.rmeta --cap-lints allow -C target-cpu=native`
     Running `/home/opc/.rustup/toolchains/stable-aarch64-unknown-linux-gnu/bin/rustc --crate-name erased_serde --edition=2021 /home/opc/.cargo/registry/src/index.crates.io-1949cf8c6b5b557f/erased-serde-0.4.10/src/lib.rs --error-format=json --json=diagnostic-rendered-ansi,artifacts,future-incompat --crate-type lib --emit=dep-info,metadata,link -C opt-level=3 -C panic=abort -C codegen-units=4 -C debuginfo=line-tables-only --cfg 'feature="alloc"' --check-cfg 'cfg(docsrs,test)' --check-cfg 'cfg(feature, values("alloc", "default", "std", "unstable-debug"))' -C metadata=4f5d3783bc4e3c62 -C extra-filename=-49b43172a28b5deb --out-dir /tmp/crossdb-turso-target/release/deps -L dependency=/tmp/crossdb-turso-target/release/deps --extern serde_core=/tmp/crossdb-turso-target/release/deps/libserde_core-4bfcc51c8f5267bf.rmeta --extern typeid=/tmp/crossdb-turso-target/release/deps/libtypeid-b5f37e58a77e8671.rmeta --cap-lints allow -C target-cpu=native --check-cfg 'cfg(no_diagnostic_namespace)'`
   Compiling bon-macros v3.8.2
     Running `/home/opc/.rustup/toolchains/stable-aarch64-unknown-linux-gnu/bin/rustc --crate-name bon_macros --edition=2021 /home/opc/.cargo/registry/src/index.crates.io-1949cf8c6b5b557f/bon-macros-3.8.2/src/lib.rs --error-format=json --json=diagnostic-rendered-ansi,artifacts,future-incompat --crate-type proc-macro --emit=dep-info,link -C prefer-dynamic -C embed-bitcode=no '--warn=clippy::nursery' '--warn=clippy::pedantic' '--warn=clippy::zero_sized_map_values' '--warn=clippy::wildcard_dependencies' '--warn=clippy::verbose_bit_mask' --warn=variant_size_differences '--warn=clippy::useless_transmute' '--warn=clippy::useless_let_if_seq' '--warn=clippy::unused_rounding' --warn=unused_qualifications '--warn=clippy::unused_peekable' --warn=unused_macro_rules --warn=unused_lifetimes --warn=unused_import_braces --warn=unused_extern_crates '--warn=clippy::unused_async' --warn=unstable_features --warn=unsafe_code --warn=unreachable_pub '--warn=clippy::unnested_or_patterns' '--warn=clippy::unnecessary_wraps' '--warn=clippy::unnecessary_struct_initialization' '--warn=clippy::unnecessary_self_imports' '--warn=clippy::unnecessary_join' --warn=unnameable_types --warn=unit_bindings '--warn=clippy::unicode_not_nfc' --warn=unexpected_cfgs '--warn=rustdoc::unescaped_backticks' '--warn=clippy::unchecked_time_subtraction' '--warn=clippy::type_repetition_in_bounds' '--warn=clippy::try_err' --warn=trivial_numeric_casts --warn=trivial_casts '--warn=clippy::transmute_undefined_repr' '--warn=clippy::transmute_ptr_to_ptr' '--warn=clippy::trait_duplication_in_bounds' '--warn=clippy::trailing_empty_array' '--warn=clippy::suspicious_xor_used_as_pow' '--warn=clippy::suspicious_operation_groupings' '--warn=clippy::suboptimal_flops' '--warn=clippy::string_lit_as_bytes' --warn=single_use_lifetimes '--warn=clippy::same_functions_in_if_condition' '--warn=clippy::rest_pat_in_fully_bound_structs' '--warn=clippy::ref_option_ref' '--warn=clippy::ref_binding_to_reference' --warn=redundant_lifetimes '--warn=clippy::redundant_feature_names' '--warn=clippy::redundant_clone' '--warn=clippy::read_zero_byte_vec' '--warn=clippy::rc_mutex' '--warn=clippy::rc_buffer' '--warn=clippy::range_plus_one' '--warn=clippy::range_minus_one' '--warn=clippy::ptr_as_ptr' '--warn=clippy::path_buf_push_overwrite' '--warn=clippy::or_fun_call' '--warn=clippy::nonstandard_macro_braces' '--warn=clippy::non_send_fields_in_send_ty' --warn=non_local_definitions --warn=non_ascii_idents '--warn=clippy::no_mangle_with_rust_abi' '--warn=clippy::no_effect_underscore_binding' '--warn=clippy::negative_feature_names' '--warn=clippy::needless_for_each' '--warn=clippy::needless_collect' '--warn=clippy::needless_bitwise_bool' '--warn=clippy::naive_bytecount' '--warn=clippy::mut_mut' '--warn=clippy::mixed_read_write_in_expression' --warn=missing_unsafe_on_extern --warn=missing_docs --warn=missing_debug_implementations '--warn=rustdoc::missing_crate_level_docs' --warn=missing_abi --warn=meta_variable_misuse '--warn=clippy::maybe_infinite_iter' '--warn=clippy::match_wild_err_arm' '--allow=clippy::map_unwrap_or' '--warn=clippy::map_flatten' '--warn=clippy::many_single_char_names' '--warn=clippy::manual_ok_or' '--allow=clippy::manual_let_else' '--warn=clippy::manual_instant_elapsed' '--warn=clippy::manual_clamp' --warn=macro_use_extern_crate '--warn=clippy::lossy_float_literal' '--warn=clippy::linkedlist' --warn=let_underscore_drop '--warn=clippy::large_include_file' '--warn=clippy::iter_with_drain' '--warn=clippy::iter_on_empty_collections' '--warn=clippy::iter_not_returning_iterator' '--warn=clippy::invalid_upcast_comparisons' '--warn=clippy::indexing_slicing' '--warn=clippy::index_refutable_slice' '--warn=clippy::imprecise_flops' '--warn=clippy::implicit_saturating_sub' '--warn=clippy::implicit_clone' '--warn=clippy::if_then_some_else_none' '--warn=clippy::format_push_string' '--warn=clippy::fn_to_numeric_cast_any' '--warn=clippy::fn_params_excessive_bools' '--warn=clippy::float_cmp' '--warn=clippy::flat_map_option' '--warn=clippy::filter_map_next' --warn=ffi_unwind_calls --warn=explicit_outlives_requirements '--warn=clippy::explicit_iter_loop' '--warn=clippy::explicit_into_iter_loop' '--warn=clippy::expl_impl_clone_on_copy' '--warn=clippy::empty_line_after_outer_attr' '--warn=clippy::empty_line_after_doc_comments' '--warn=clippy::empty_drop' --warn=elided_lifetimes_in_paths '--warn=clippy::doc_markdown' '--warn=clippy::doc_link_with_quotes' --warn=deprecated_safe '--warn=clippy::default_union_representation' '--warn=clippy::debug_assert_with_mut_call' '--warn=clippy::dbg_macro' '--warn=clippy::copy_iterator' '--warn=clippy::collection_is_never_read' '--warn=clippy::cloned_instead_of_copied' '--warn=clippy::clear_with_drain' '--warn=clippy::checked_conversions' '--warn=clippy::cast_ptr_alignment' '--warn=clippy::cast_lossless' '--warn=clippy::branches_sharing_code' '--warn=clippy::borrow_as_ptr' '--warn=clippy::bool_to_int_with_if' '--warn=clippy::await_holding_refcell_ref' '--warn=clippy::assertions_on_result_states' --warn=rust_2024_compatibility --allow=tail_expr_drop_order --check-cfg 'cfg(nightly)' -C debug-assertions=off --cfg 'feature="alloc"' --cfg 'feature="default"' --cfg 'feature="std"' --check-cfg 'cfg(docsrs,test)' --check-cfg 'cfg(feature, values("alloc", "default", "experimental-overwritable", "implied-bounds", "std"))' -C metadata=492a20f159b1d19f -C extra-filename=-c7d0e8a5ca45dc90 --out-dir /tmp/crossdb-turso-target/release/deps -L dependency=/tmp/crossdb-turso-target/release/deps --extern darling=/tmp/crossdb-turso-target/release/deps/libdarling-fa57c36a28ae105a.rlib --extern ident_case=/tmp/crossdb-turso-target/release/deps/libident_case-894e4d9ed46edd76.rlib --extern prettyplease=/tmp/crossdb-turso-target/release/deps/libprettyplease-8f8befcf812f6461.rlib --extern proc_macro2=/tmp/crossdb-turso-target/release/deps/libproc_macro2-161db97f1758d90e.rlib --extern quote=/tmp/crossdb-turso-target/release/deps/libquote-5c3f7e33372cef0a.rlib --extern rustversion=/tmp/crossdb-turso-target/release/deps/librustversion-0f4c0136ff4a3743.so --extern syn=/tmp/crossdb-turso-target/release/deps/libsyn-73b8e456b142f972.rlib --extern proc_macro --cap-lints allow -C target-cpu=native`
     Running `/home/opc/.rustup/toolchains/stable-aarch64-unknown-linux-gnu/bin/rustc --crate-name rayon_core --edition=2021 /home/opc/.cargo/registry/src/index.crates.io-1949cf8c6b5b557f/rayon-core-1.12.1/src/lib.rs --error-format=json --json=diagnostic-rendered-ansi,artifacts,future-incompat --crate-type lib --emit=dep-info,metadata,link -C opt-level=3 -C panic=abort -C codegen-units=4 -C debuginfo=line-tables-only --check-cfg 'cfg(docsrs,test)' --check-cfg 'cfg(feature, values("web_spin_lock"))' -C metadata=42048dbe8a89975c -C extra-filename=-ea87e494ae6840af --out-dir /tmp/crossdb-turso-target/release/deps -L dependency=/tmp/crossdb-turso-target/release/deps --extern crossbeam_deque=/tmp/crossdb-turso-target/release/deps/libcrossbeam_deque-cc14f3285e2a3243.rmeta --extern crossbeam_utils=/tmp/crossdb-turso-target/release/deps/libcrossbeam_utils-a9ea6a3612052c9b.rmeta --cap-lints allow -C target-cpu=native`
     Running `/home/opc/.rustup/toolchains/stable-aarch64-unknown-linux-gnu/bin/rustc --crate-name libm --edition=2021 /home/opc/.cargo/registry/src/index.crates.io-1949cf8c6b5b557f/libm-0.2.11/src/lib.rs --error-format=json --json=diagnostic-rendered-ansi,artifacts,future-incompat --crate-type lib --emit=dep-info,metadata,link -C opt-level=3 -C panic=abort -C codegen-units=4 -C debuginfo=line-tables-only --cfg 'feature="default"' --check-cfg 'cfg(docsrs,test)' --check-cfg 'cfg(feature, values("default", "force-soft-floats", "unstable"))' -C metadata=b7e764bd012d9ad4 -C extra-filename=-a7e5309f5bcb9877 --out-dir /tmp/crossdb-turso-target/release/deps -L dependency=/tmp/crossdb-turso-target/release/deps --cap-lints allow -C target-cpu=native --cfg assert_no_panic --check-cfg 'cfg(assert_no_panic)' --check-cfg 'cfg(feature, values("unstable"))' --check-cfg 'cfg(feature, values("checked"))'`
     Running `/home/opc/.rustup/toolchains/stable-aarch64-unknown-linux-gnu/bin/rustc --crate-name icu_locale_data --edition=2021 /home/opc/.cargo/registry/src/index.crates.io-1949cf8c6b5b557f/icu_locale_data-2.2.0/src/lib.rs --error-format=json --json=diagnostic-rendered-ansi,artifacts,future-incompat --crate-type lib --emit=dep-info,metadata,link -C opt-level=3 -C panic=abort -C codegen-units=4 -C debuginfo=line-tables-only --warn=unexpected_cfgs --check-cfg 'cfg(icu4x_custom_data)' --check-cfg 'cfg(docsrs,test)' --check-cfg 'cfg(feature, values())' -C metadata=52700a36685a7d62 -C extra-filename=-9344d3dadb357150 --out-dir /tmp/crossdb-turso-target/release/deps -L dependency=/tmp/crossdb-turso-target/release/deps --cap-lints allow -C target-cpu=native --check-cfg 'cfg(icu4c_enable_renaming)'`
     Running `/home/opc/.rustup/toolchains/stable-aarch64-unknown-linux-gnu/bin/rustc --crate-name icu_normalizer_data --edition=2021 /home/opc/.cargo/registry/src/index.crates.io-1949cf8c6b5b557f/icu_normalizer_data-2.2.0/src/lib.rs --error-format=json --json=diagnostic-rendered-ansi,artifacts,future-incompat --crate-type lib --emit=dep-info,metadata,link -C opt-level=3 -C panic=abort -C codegen-units=4 -C debuginfo=line-tables-only --warn=unexpected_cfgs --check-cfg 'cfg(icu4x_custom_data)' --check-cfg 'cfg(docsrs,test)' --check-cfg 'cfg(feature, values())' -C metadata=fa0c7a627be710de -C extra-filename=-2b6cd180ffbb2435 --out-dir /tmp/crossdb-turso-target/release/deps -L dependency=/tmp/crossdb-turso-target/release/deps --cap-lints allow -C target-cpu=native --check-cfg 'cfg(icu4c_enable_renaming)'`
   Compiling tracing-log v0.2.0
     Running `/home/opc/.rustup/toolchains/stable-aarch64-unknown-linux-gnu/bin/rustc --crate-name tracing_log --edition=2018 /home/opc/.cargo/registry/src/index.crates.io-1949cf8c6b5b557f/tracing-log-0.2.0/src/lib.rs --error-format=json --json=diagnostic-rendered-ansi,artifacts,future-incompat --crate-type lib --emit=dep-info,metadata,link -C opt-level=3 -C panic=abort -C codegen-units=4 -C debuginfo=line-tables-only --cfg 'feature="log-tracer"' --cfg 'feature="std"' --check-cfg 'cfg(docsrs,test)' --check-cfg 'cfg(feature, values("ahash", "default", "interest-cache", "log-tracer", "lru", "std"))' -C metadata=9a15ddc0139fa4f4 -C extra-filename=-e3ed85efc835c1c5 --out-dir /tmp/crossdb-turso-target/release/deps -L dependency=/tmp/crossdb-turso-target/release/deps --extern log=/tmp/crossdb-turso-target/release/deps/liblog-169bd1157f94eda1.rmeta --extern once_cell=/tmp/crossdb-turso-target/release/deps/libonce_cell-ac8f9edf4458f87b.rmeta --extern tracing_core=/tmp/crossdb-turso-target/release/deps/libtracing_core-fd71b1f8e4746c82.rmeta --cap-lints allow -C target-cpu=native`
   Compiling matchers v0.2.0
     Running `/home/opc/.rustup/toolchains/stable-aarch64-unknown-linux-gnu/bin/rustc --crate-name matchers --edition=2018 /home/opc/.cargo/registry/src/index.crates.io-1949cf8c6b5b557f/matchers-0.2.0/src/lib.rs --error-format=json --json=diagnostic-rendered-ansi,artifacts,future-incompat --crate-type lib --emit=dep-info,metadata,link -C opt-level=3 -C panic=abort -C codegen-units=4 -C debuginfo=line-tables-only --check-cfg 'cfg(docsrs,test)' --check-cfg 'cfg(feature, values("unicode"))' -C metadata=925392633879e81a -C extra-filename=-743ae08b50cbb3df --out-dir /tmp/crossdb-turso-target/release/deps -L dependency=/tmp/crossdb-turso-target/release/deps --extern regex_automata=/tmp/crossdb-turso-target/release/deps/libregex_automata-76cb29c94fc95ac2.rmeta --cap-lints allow -C target-cpu=native`
   Compiling crc32c v0.6.8
     Running `/home/opc/.rustup/toolchains/stable-aarch64-unknown-linux-gnu/bin/rustc --crate-name build_script_build --edition=2018 /home/opc/.cargo/registry/src/index.crates.io-1949cf8c6b5b557f/crc32c-0.6.8/build.rs --error-format=json --json=diagnostic-rendered-ansi,artifacts,future-incompat --crate-type bin --emit=dep-info,link -C embed-bitcode=no -C debug-assertions=off --check-cfg 'cfg(docsrs,test)' --check-cfg 'cfg(feature, values())' -C metadata=6e0b2aba7f85f53d -C extra-filename=-7123fdafdfa67ead --out-dir /tmp/crossdb-turso-target/release/build/crc32c-7123fdafdfa67ead -L dependency=/tmp/crossdb-turso-target/release/deps --extern rustc_version=/tmp/crossdb-turso-target/release/deps/librustc_version-941fb232116233ff.rlib --cap-lints allow -C target-cpu=native`
   Compiling branches v0.4.3
     Running `/home/opc/.rustup/toolchains/stable-aarch64-unknown-linux-gnu/bin/rustc --crate-name build_script_build --edition=2018 /home/opc/.cargo/registry/src/index.crates.io-1949cf8c6b5b557f/branches-0.4.3/build.rs --error-format=json --json=diagnostic-rendered-ansi,artifacts,future-incompat --crate-type bin --emit=dep-info,link -C embed-bitcode=no --warn=unexpected_cfgs --check-cfg 'cfg(branches_stable)' --check-cfg 'cfg(branches_nightly)' --check-cfg 'cfg(rustc_ge_1_81_0)' -C debug-assertions=off --check-cfg 'cfg(docsrs,test)' --check-cfg 'cfg(feature, values("default", "prefetch", "std"))' -C metadata=d94668c0d3c7891d -C extra-filename=-2fe5d248c32117fa --out-dir /tmp/crossdb-turso-target/release/build/branches-2fe5d248c32117fa -L dependency=/tmp/crossdb-turso-target/release/deps --extern rustc_version=/tmp/crossdb-turso-target/release/deps/librustc_version-941fb232116233ff.rlib --cap-lints allow -C target-cpu=native`
   Compiling crossbeam-channel v0.5.15
     Running `/home/opc/.rustup/toolchains/stable-aarch64-unknown-linux-gnu/bin/rustc --crate-name crossbeam_channel --edition=2021 /home/opc/.cargo/registry/src/index.crates.io-1949cf8c6b5b557f/crossbeam-channel-0.5.15/src/lib.rs --error-format=json --json=diagnostic-rendered-ansi,artifacts,future-incompat --crate-type lib --emit=dep-info,metadata,link -C opt-level=3 -C panic=abort -C codegen-units=4 -C debuginfo=line-tables-only --warn=unexpected_cfgs '--allow=clippy::lint_groups_priority' '--allow=clippy::declare_interior_mutable_const' --check-cfg 'cfg(crossbeam_loom)' --check-cfg 'cfg(crossbeam_sanitize)' --cfg 'feature="default"' --cfg 'feature="std"' --check-cfg 'cfg(docsrs,test)' --check-cfg 'cfg(feature, values("default", "std"))' -C metadata=4acb7e4de1f2073a -C extra-filename=-86b6a82fe2d3b3b1 --out-dir /tmp/crossdb-turso-target/release/deps -L dependency=/tmp/crossdb-turso-target/release/deps --extern crossbeam_utils=/tmp/crossdb-turso-target/release/deps/libcrossbeam_utils-a9ea6a3612052c9b.rmeta --cap-lints allow -C target-cpu=native`
   Compiling ordered-float v5.3.0
     Running `/home/opc/.rustup/toolchains/stable-aarch64-unknown-linux-gnu/bin/rustc --crate-name ordered_float --edition=2021 /home/opc/.cargo/registry/src/index.crates.io-1949cf8c6b5b557f/ordered-float-5.3.0/src/lib.rs --error-format=json --json=diagnostic-rendered-ansi,artifacts,future-incompat --crate-type lib --emit=dep-info,metadata,link -C opt-level=3 -C panic=abort -C codegen-units=4 -C debuginfo=line-tables-only --cfg 'feature="default"' --cfg 'feature="std"' --check-cfg 'cfg(docsrs,test)' --check-cfg 'cfg(feature, values("arbitrary", "borsh", "bytemuck", "default", "derive-visitor", "libm", "num-cmp", "proptest", "rand", "randtest", "rkyv", "rkyv_08", "rkyv_08_16", "rkyv_08_32", "rkyv_08_64", "rkyv_08_ck", "rkyv_16", "rkyv_32", "rkyv_64", "rkyv_ck", "schemars", "serde", "speedy", "std"))' -C metadata=fd49dfc8dd5fec6c -C extra-filename=-87ffbf9597c964ef --out-dir /tmp/crossdb-turso-target/release/deps -L dependency=/tmp/crossdb-turso-target/release/deps --extern num_traits=/tmp/crossdb-turso-target/release/deps/libnum_traits-5a0c67f6c18575a5.rmeta --cap-lints allow -C target-cpu=native`
   Compiling num-integer v0.1.46
     Running `/home/opc/.rustup/toolchains/stable-aarch64-unknown-linux-gnu/bin/rustc --crate-name num_integer --edition=2018 /home/opc/.cargo/registry/src/index.crates.io-1949cf8c6b5b557f/num-integer-0.1.46/src/lib.rs --error-format=json --json=diagnostic-rendered-ansi,artifacts,future-incompat --crate-type lib --emit=dep-info,metadata,link -C opt-level=3 -C panic=abort -C codegen-units=4 -C debuginfo=line-tables-only --cfg 'feature="i128"' --cfg 'feature="std"' --check-cfg 'cfg(docsrs,test)' --check-cfg 'cfg(feature, values("default", "i128", "std"))' -C metadata=f4813281a33412b8 -C extra-filename=-9474301461b1f09e --out-dir /tmp/crossdb-turso-target/release/deps -L dependency=/tmp/crossdb-turso-target/release/deps --extern num_traits=/tmp/crossdb-turso-target/release/deps/libnum_traits-5a0c67f6c18575a5.rmeta --cap-lints allow -C target-cpu=native`
   Compiling thread_local v1.1.8
     Running `/home/opc/.rustup/toolchains/stable-aarch64-unknown-linux-gnu/bin/rustc --crate-name thread_local --edition=2021 /home/opc/.cargo/registry/src/index.crates.io-1949cf8c6b5b557f/thread_local-1.1.8/src/lib.rs --error-format=json --json=diagnostic-rendered-ansi,artifacts,future-incompat --crate-type lib --emit=dep-info,metadata,link -C opt-level=3 -C panic=abort -C codegen-units=4 -C debuginfo=line-tables-only --check-cfg 'cfg(docsrs,test)' --check-cfg 'cfg(feature, values("nightly"))' -C metadata=c9736b68f8392d65 -C extra-filename=-7efe8c96a26536e6 --out-dir /tmp/crossdb-turso-target/release/deps -L dependency=/tmp/crossdb-turso-target/release/deps --extern cfg_if=/tmp/crossdb-turso-target/release/deps/libcfg_if-f71fb6b7fffc9a44.rmeta --extern once_cell=/tmp/crossdb-turso-target/release/deps/libonce_cell-ac8f9edf4458f87b.rmeta --cap-lints allow -C target-cpu=native`
   Compiling uncased v0.9.10
     Running `/home/opc/.rustup/toolchains/stable-aarch64-unknown-linux-gnu/bin/rustc --crate-name build_script_build --edition=2018 /home/opc/.cargo/registry/src/index.crates.io-1949cf8c6b5b557f/uncased-0.9.10/build.rs --error-format=json --json=diagnostic-rendered-ansi,artifacts,future-incompat --crate-type bin --emit=dep-info,link -C embed-bitcode=no -C debug-assertions=off --cfg 'feature="alloc"' --cfg 'feature="default"' --check-cfg 'cfg(docsrs,test)' --check-cfg 'cfg(feature, values("alloc", "default", "serde", "with-serde", "with-serde-alloc"))' -C metadata=dc7141385211a141 -C extra-filename=-f8b034adc9f942cd --out-dir /tmp/crossdb-turso-target/release/build/uncased-f8b034adc9f942cd -L dependency=/tmp/crossdb-turso-target/release/deps --extern version_check=/tmp/crossdb-turso-target/release/deps/libversion_check-91a03da230a9d0f5.rlib --cap-lints allow -C target-cpu=native`
   Compiling turso_macros v0.8.0-pre.13 (/tmp/turso-crossdb/macros)
     Running `/home/opc/.rustup/toolchains/stable-aarch64-unknown-linux-gnu/bin/rustc --crate-name turso_macros --edition=2021 /tmp/turso-crossdb/macros/src/lib.rs --error-format=json --json=diagnostic-rendered-ansi,artifacts,future-incompat --crate-type proc-macro --emit=dep-info,link -C prefer-dynamic -C embed-bitcode=no -C debug-assertions=off --check-cfg 'cfg(docsrs,test)' --check-cfg 'cfg(feature, values())' -C metadata=14c46a1c9b0434bf -C extra-filename=-8b1f7f4c3203af87 --out-dir /tmp/crossdb-turso-target/release/deps -L dependency=/tmp/crossdb-turso-target/release/deps --extern proc_macro2=/tmp/crossdb-turso-target/release/deps/libproc_macro2-161db97f1758d90e.rlib --extern quote=/tmp/crossdb-turso-target/release/deps/libquote-5c3f7e33372cef0a.rlib --extern syn=/tmp/crossdb-turso-target/release/deps/libsyn-73b8e456b142f972.rlib --extern proc_macro -C target-cpu=native`
   Compiling typetag-impl v0.2.21
     Running `/home/opc/.rustup/toolchains/stable-aarch64-unknown-linux-gnu/bin/rustc --crate-name typetag_impl --edition=2021 /home/opc/.cargo/registry/src/index.crates.io-1949cf8c6b5b557f/typetag-impl-0.2.21/src/lib.rs --error-format=json --json=diagnostic-rendered-ansi,artifacts,future-incompat --crate-type proc-macro --emit=dep-info,link -C prefer-dynamic -C embed-bitcode=no -C debug-assertions=off --check-cfg 'cfg(docsrs,test)' --check-cfg 'cfg(feature, values())' -C metadata=95a711e4d1449a10 -C extra-filename=-175e4db2f45be681 --out-dir /tmp/crossdb-turso-target/release/deps -L dependency=/tmp/crossdb-turso-target/release/deps --extern proc_macro2=/tmp/crossdb-turso-target/release/deps/libproc_macro2-161db97f1758d90e.rlib --extern quote=/tmp/crossdb-turso-target/release/deps/libquote-5c3f7e33372cef0a.rlib --extern syn=/tmp/crossdb-turso-target/release/deps/libsyn-73b8e456b142f972.rlib --extern proc_macro --cap-lints allow -C target-cpu=native`
   Compiling miette-derive v7.6.0
     Running `/home/opc/.rustup/toolchains/stable-aarch64-unknown-linux-gnu/bin/rustc --crate-name miette_derive --edition=2018 /home/opc/.cargo/registry/src/index.crates.io-1949cf8c6b5b557f/miette-derive-7.6.0/src/lib.rs --error-format=json --json=diagnostic-rendered-ansi,artifacts,future-incompat --crate-type proc-macro --emit=dep-info,link -C prefer-dynamic -C embed-bitcode=no -C debug-assertions=off --check-cfg 'cfg(docsrs,test)' --check-cfg 'cfg(feature, values())' -C metadata=aa2fb257a3892c6d -C extra-filename=-53002d329c99a341 --out-dir /tmp/crossdb-turso-target/release/deps -L dependency=/tmp/crossdb-turso-target/release/deps --extern proc_macro2=/tmp/crossdb-turso-target/release/deps/libproc_macro2-161db97f1758d90e.rlib --extern quote=/tmp/crossdb-turso-target/release/deps/libquote-5c3f7e33372cef0a.rlib --extern syn=/tmp/crossdb-turso-target/release/deps/libsyn-73b8e456b142f972.rlib --extern proc_macro --cap-lints allow -C target-cpu=native`
   Compiling simsimd v6.5.3
     Running `/home/opc/.rustup/toolchains/stable-aarch64-unknown-linux-gnu/bin/rustc --crate-name build_script_build --edition=2021 /home/opc/.cargo/registry/src/index.crates.io-1949cf8c6b5b557f/simsimd-6.5.3/build.rs --error-format=json --json=diagnostic-rendered-ansi,artifacts,future-incompat --crate-type bin --emit=dep-info,link -C embed-bitcode=no -C debug-assertions=off --cfg 'feature="default"' --check-cfg 'cfg(docsrs,test)' --check-cfg 'cfg(feature, values("default", "std"))' -C metadata=a048c0255745b520 -C extra-filename=-57238f843beb2343 --out-dir /tmp/crossdb-turso-target/release/build/simsimd-57238f843beb2343 -L dependency=/tmp/crossdb-turso-target/release/deps --extern cc=/tmp/crossdb-turso-target/release/deps/libcc-00d7e0c0fb7385c9.rlib --cap-lints allow -C target-cpu=native`
   Compiling aegis v0.9.8
     Running `/home/opc/.rustup/toolchains/stable-aarch64-unknown-linux-gnu/bin/rustc --crate-name build_script_build --edition=2018 /home/opc/.cargo/registry/src/index.crates.io-1949cf8c6b5b557f/aegis-0.9.8/build.rs --error-format=json --json=diagnostic-rendered-ansi,artifacts,future-incompat --crate-type bin --emit=dep-info,link -C embed-bitcode=no -C debug-assertions=off --cfg 'feature="default"' --cfg 'feature="pure-rust"' --cfg 'feature="softaes"' --cfg 'feature="std"' --check-cfg 'cfg(docsrs,test)' --check-cfg 'cfg(feature, values("aead", "boring", "default", "getrandom", "js", "paste", "pure-rust", "raf", "raf-core", "rustcrypto-traits-06", "softaes", "std"))' -C metadata=9e4376c83087d656 -C extra-filename=-54228211765956d8 --out-dir /tmp/crossdb-turso-target/release/build/aegis-54228211765956d8 -L dependency=/tmp/crossdb-turso-target/release/deps --extern cc=/tmp/crossdb-turso-target/release/deps/libcc-00d7e0c0fb7385c9.rlib --cap-lints allow -C target-cpu=native`
   Compiling bigdecimal v0.4.10
     Running `/home/opc/.rustup/toolchains/stable-aarch64-unknown-linux-gnu/bin/rustc --crate-name build_script_build --edition=2015 /home/opc/.cargo/registry/src/index.crates.io-1949cf8c6b5b557f/bigdecimal-0.4.10/build.rs --error-format=json --json=diagnostic-rendered-ansi,artifacts,future-incompat --crate-type bin --emit=dep-info,link -C embed-bitcode=no --allow=unexpected_cfgs --check-cfg 'cfg(no_track_caller)' -C debug-assertions=off --cfg 'feature="default"' --cfg 'feature="std"' --check-cfg 'cfg(docsrs,test)' --check-cfg 'cfg(feature, values("default", "serde", "serde-json", "serde_json", "std", "string-only"))' -C metadata=9a837e82df3f637e -C extra-filename=-00e2b638b989c807 --out-dir /tmp/crossdb-turso-target/release/build/bigdecimal-00e2b638b989c807 -L dependency=/tmp/crossdb-turso-target/release/deps --extern autocfg=/tmp/crossdb-turso-target/release/deps/libautocfg-1181c978d8838c6b.rlib --cap-lints allow -C target-cpu=native`
     Running `/home/opc/.rustup/toolchains/stable-aarch64-unknown-linux-gnu/bin/rustc --crate-name linux_raw_sys --edition=2021 /home/opc/.cargo/registry/src/index.crates.io-1949cf8c6b5b557f/linux-raw-sys-0.4.15/src/lib.rs --error-format=json --json=diagnostic-rendered-ansi,artifacts,future-incompat --crate-type lib --emit=dep-info,metadata,link -C opt-level=3 -C panic=abort -C codegen-units=4 -C debuginfo=line-tables-only --warn=unexpected_cfgs --check-cfg 'cfg(target_arch, values("xtensa"))' --cfg 'feature="elf"' --cfg 'feature="errno"' --cfg 'feature="general"' --cfg 'feature="ioctl"' --cfg 'feature="no_std"' --cfg 'feature="prctl"' --check-cfg 'cfg(docsrs,test)' --check-cfg 'cfg(feature, values("bootparam", "btrfs", "compiler_builtins", "core", "default", "elf", "elf_uapi", "errno", "general", "if_arp", "if_ether", "if_packet", "io_uring", "ioctl", "landlock", "loop_device", "mempolicy", "net", "netlink", "no_std", "prctl", "ptrace", "rustc-dep-of-std", "std", "system", "xdp"))' -C metadata=7240fb483a6ce112 -C extra-filename=-27cbc95bfb217a5b --out-dir /tmp/crossdb-turso-target/release/deps -L dependency=/tmp/crossdb-turso-target/release/deps --cap-lints allow -C target-cpu=native`
   Compiling iana-time-zone v0.1.62
     Running `/home/opc/.rustup/toolchains/stable-aarch64-unknown-linux-gnu/bin/rustc --crate-name iana_time_zone --edition=2021 /home/opc/.cargo/registry/src/index.crates.io-1949cf8c6b5b557f/iana-time-zone-0.1.62/src/lib.rs --error-format=json --json=diagnostic-rendered-ansi,artifacts,future-incompat --crate-type lib --emit=dep-info,metadata,link -C opt-level=3 -C panic=abort -C codegen-units=4 -C debuginfo=line-tables-only --cfg 'feature="fallback"' --check-cfg 'cfg(docsrs,test)' --check-cfg 'cfg(feature, values("fallback"))' -C metadata=26ce975bf46ff8e1 -C extra-filename=-01df634c68c1db42 --out-dir /tmp/crossdb-turso-target/release/deps -L dependency=/tmp/crossdb-turso-target/release/deps --cap-lints allow -C target-cpu=native`
   Compiling cfg_aliases v0.2.1
     Running `/home/opc/.rustup/toolchains/stable-aarch64-unknown-linux-gnu/bin/rustc --crate-name cfg_aliases --edition=2018 /home/opc/.cargo/registry/src/index.crates.io-1949cf8c6b5b557f/cfg_aliases-0.2.1/src/lib.rs --error-format=json --json=diagnostic-rendered-ansi,artifacts,future-incompat --crate-type lib --emit=dep-info,metadata,link -C embed-bitcode=no '--deny=clippy::str_to_string' -C debug-assertions=off --check-cfg 'cfg(docsrs,test)' --check-cfg 'cfg(feature, values())' -C metadata=6330a886d8de7f36 -C extra-filename=-d97bb4fd6cf27bea --out-dir /tmp/crossdb-turso-target/release/deps -L dependency=/tmp/crossdb-turso-target/release/deps --cap-lints allow -C target-cpu=native`
   Compiling unicode-width v0.1.14
     Running `/home/opc/.rustup/toolchains/stable-aarch64-unknown-linux-gnu/bin/rustc --crate-name unicode_width --edition=2021 /home/opc/.cargo/registry/src/index.crates.io-1949cf8c6b5b557f/unicode-width-0.1.14/src/lib.rs --error-format=json --json=diagnostic-rendered-ansi,artifacts,future-incompat --crate-type lib --emit=dep-info,metadata,link -C opt-level=3 -C panic=abort -C codegen-units=4 -C debuginfo=line-tables-only --cfg 'feature="cjk"' --cfg 'feature="default"' --check-cfg 'cfg(docsrs,test)' --check-cfg 'cfg(feature, values("cjk", "compiler_builtins", "core", "default", "no_std", "rustc-dep-of-std", "std"))' -C metadata=94e69c983461333c -C extra-filename=-4a93362570d01745 --out-dir /tmp/crossdb-turso-target/release/deps -L dependency=/tmp/crossdb-turso-target/release/deps --cap-lints allow -C target-cpu=native`
   Compiling inventory v0.3.24
     Running `/home/opc/.rustup/toolchains/stable-aarch64-unknown-linux-gnu/bin/rustc --crate-name inventory --edition=2021 /home/opc/.cargo/registry/src/index.crates.io-1949cf8c6b5b557f/inventory-0.3.24/src/lib.rs --error-format=json --json=diagnostic-rendered-ansi,artifacts,future-incompat --crate-type lib --emit=dep-info,metadata,link -C opt-level=3 -C panic=abort -C codegen-units=4 -C debuginfo=line-tables-only --check-cfg 'cfg(docsrs,test)' --check-cfg 'cfg(feature, values())' -C metadata=a90c3664fbb09bd5 -C extra-filename=-e5692d450c143dd2 --out-dir /tmp/crossdb-turso-target/release/deps -L dependency=/tmp/crossdb-turso-target/release/deps --cap-lints allow -C target-cpu=native`
   Compiling fastdivide v0.4.2
     Running `/home/opc/.rustup/toolchains/stable-aarch64-unknown-linux-gnu/bin/rustc --crate-name fastdivide --edition=2018 /home/opc/.cargo/registry/src/index.crates.io-1949cf8c6b5b557f/fastdivide-0.4.2/src/lib.rs --error-format=json --json=diagnostic-rendered-ansi,artifacts,future-incompat --crate-type lib --emit=dep-info,metadata,link -C opt-level=3 -C panic=abort -C codegen-units=4 -C debuginfo=line-tables-only --check-cfg 'cfg(docsrs,test)' --check-cfg 'cfg(feature, values("std"))' -C metadata=613f5b825f2328c1 -C extra-filename=-9b5cec2c66dd691d --out-dir /tmp/crossdb-turso-target/release/deps -L dependency=/tmp/crossdb-turso-target/release/deps --cap-lints allow -C target-cpu=native`
   Compiling scopeguard v1.2.0
     Running `/home/opc/.rustup/toolchains/stable-aarch64-unknown-linux-gnu/bin/rustc --crate-name scopeguard --edition=2015 /home/opc/.cargo/registry/src/index.crates.io-1949cf8c6b5b557f/scopeguard-1.2.0/src/lib.rs --error-format=json --json=diagnostic-rendered-ansi,artifacts,future-incompat --crate-type lib --emit=dep-info,metadata,link -C opt-level=3 -C panic=abort -C codegen-units=4 -C debuginfo=line-tables-only --check-cfg 'cfg(docsrs,test)' --check-cfg 'cfg(feature, values("default", "use_std"))' -C metadata=eb3a9c22fb787438 -C extra-filename=-21b7da005d072be0 --out-dir /tmp/crossdb-turso-target/release/deps -L dependency=/tmp/crossdb-turso-target/release/deps --cap-lints allow -C target-cpu=native`
   Compiling nu-ansi-term v0.50.1
     Running `/home/opc/.rustup/toolchains/stable-aarch64-unknown-linux-gnu/bin/rustc --crate-name nu_ansi_term --edition=2021 /home/opc/.cargo/registry/src/index.crates.io-1949cf8c6b5b557f/nu-ansi-term-0.50.1/src/lib.rs --error-format=json --json=diagnostic-rendered-ansi,artifacts,future-incompat --crate-type lib --emit=dep-info,metadata,link -C opt-level=3 -C panic=abort -C codegen-units=4 -C debuginfo=line-tables-only --check-cfg 'cfg(docsrs,test)' --check-cfg 'cfg(feature, values("derive_serde_style", "gnu_legacy", "serde"))' -C metadata=1ac3d572f916e296 -C extra-filename=-216f061935da6790 --out-dir /tmp/crossdb-turso-target/release/deps -L dependency=/tmp/crossdb-turso-target/release/deps --cap-lints allow -C target-cpu=native`
   Compiling turso_ext v0.8.0-pre.13 (/tmp/turso-crossdb/extensions/core)
     Running `/home/opc/.rustup/toolchains/stable-aarch64-unknown-linux-gnu/bin/rustc --crate-name build_script_build --edition=2021 /tmp/turso-crossdb/extensions/core/build.rs --error-format=json --json=diagnostic-rendered-ansi,artifacts,future-incompat --crate-type bin --emit=dep-info,link -C embed-bitcode=no -C debug-assertions=off --cfg 'feature="core_only"' --cfg 'feature="vfs"' --check-cfg 'cfg(docsrs,test)' --check-cfg 'cfg(feature, values("core_only", "static", "vfs"))' -C metadata=b034e3b8b157bdfe -C extra-filename=-97114be7423d8207 --out-dir /tmp/crossdb-turso-target/release/build/turso_ext-97114be7423d8207 -L dependency=/tmp/crossdb-turso-target/release/deps -C target-cpu=native`
   Compiling home v0.5.11
     Running `/home/opc/.rustup/toolchains/stable-aarch64-unknown-linux-gnu/bin/rustc --crate-name home --edition=2021 /home/opc/.cargo/registry/src/index.crates.io-1949cf8c6b5b557f/home-0.5.11/src/lib.rs --error-format=json --json=diagnostic-rendered-ansi,artifacts,future-incompat --crate-type lib --emit=dep-info,metadata,link -C embed-bitcode=no '--allow=clippy::all' '--warn=clippy::correctness' '--warn=clippy::self_named_module_files' --warn=rust_2018_idioms '--allow=rustdoc::private_intra_doc_links' '--warn=clippy::print_stdout' '--warn=clippy::print_stderr' '--warn=clippy::disallowed_methods' '--warn=clippy::dbg_macro' -C debug-assertions=off --check-cfg 'cfg(docsrs,test)' --check-cfg 'cfg(feature, values())' -C metadata=d941e3d2c9b75096 -C extra-filename=-8bd9628fcfe570f9 --out-dir /tmp/crossdb-turso-target/release/deps -L dependency=/tmp/crossdb-turso-target/release/deps --cap-lints allow -C target-cpu=native`
   Compiling sha1_smol v1.0.1
     Running `/home/opc/.rustup/toolchains/stable-aarch64-unknown-linux-gnu/bin/rustc --crate-name sha1_smol --edition=2018 /home/opc/.cargo/registry/src/index.crates.io-1949cf8c6b5b557f/sha1_smol-1.0.1/src/lib.rs --error-format=json --json=diagnostic-rendered-ansi,artifacts,future-incompat --crate-type lib --emit=dep-info,metadata,link -C opt-level=3 -C panic=abort -C codegen-units=4 -C debuginfo=line-tables-only --check-cfg 'cfg(docsrs,test)' --check-cfg 'cfg(feature, values("alloc", "serde", "std"))' -C metadata=78a9136a0df3a2e9 -C extra-filename=-786716c50747f9b6 --out-dir /tmp/crossdb-turso-target/release/deps -L dependency=/tmp/crossdb-turso-target/release/deps --cap-lints allow -C target-cpu=native`
   Compiling fastrand v2.3.0
     Running `/home/opc/.rustup/toolchains/stable-aarch64-unknown-linux-gnu/bin/rustc --crate-name fastrand --edition=2018 /home/opc/.cargo/registry/src/index.crates.io-1949cf8c6b5b557f/fastrand-2.3.0/src/lib.rs --error-format=json --json=diagnostic-rendered-ansi,artifacts,future-incompat --crate-type lib --emit=dep-info,metadata,link -C opt-level=3 -C panic=abort -C codegen-units=4 -C debuginfo=line-tables-only --cfg 'feature="alloc"' --cfg 'feature="default"' --cfg 'feature="std"' --check-cfg 'cfg(docsrs,test)' --check-cfg 'cfg(feature, values("alloc", "default", "getrandom", "js", "std"))' -C metadata=d6ee85f7c768cb59 -C extra-filename=-79b53677d2dbc53f --out-dir /tmp/crossdb-turso-target/release/deps -L dependency=/tmp/crossdb-turso-target/release/deps --cap-lints allow -C target-cpu=native`
   Compiling anyhow v1.0.98
     Running `/home/opc/.rustup/toolchains/stable-aarch64-unknown-linux-gnu/bin/rustc --crate-name build_script_build --edition=2018 /home/opc/.cargo/registry/src/index.crates.io-1949cf8c6b5b557f/anyhow-1.0.98/build.rs --error-format=json --json=diagnostic-rendered-ansi,artifacts,future-incompat --crate-type bin --emit=dep-info,link -C embed-bitcode=no -C debug-assertions=off --cfg 'feature="default"' --cfg 'feature="std"' --check-cfg 'cfg(docsrs,test)' --check-cfg 'cfg(feature, values("backtrace", "default", "std"))' -C metadata=b3152f78130d4763 -C extra-filename=-afb63820870995f8 --out-dir /tmp/crossdb-turso-target/release/build/anyhow-afb63820870995f8 -L dependency=/tmp/crossdb-turso-target/release/deps --cap-lints allow -C target-cpu=native`
   Compiling io-uring v0.7.6
     Running `/home/opc/.rustup/toolchains/stable-aarch64-unknown-linux-gnu/bin/rustc --crate-name build_script_build --edition=2021 /home/opc/.cargo/registry/src/index.crates.io-1949cf8c6b5b557f/io-uring-0.7.6/build.rs --error-format=json --json=diagnostic-rendered-ansi,artifacts,future-incompat --crate-type bin --emit=dep-info,link -C embed-bitcode=no -C debug-assertions=off --check-cfg 'cfg(docsrs,test)' --check-cfg 'cfg(feature, values("bindgen", "direct-syscall", "io_safety", "overwrite", "sc"))' -C metadata=58aabd5982aef247 -C extra-filename=-3e43305b9a6f8e07 --out-dir /tmp/crossdb-turso-target/release/build/io-uring-3e43305b9a6f8e07 -L dependency=/tmp/crossdb-turso-target/release/deps --cap-lints allow -C target-cpu=native`
   Compiling downcast-rs v2.0.2
     Running `/home/opc/.rustup/toolchains/stable-aarch64-unknown-linux-gnu/bin/rustc --crate-name downcast_rs --edition=2021 /home/opc/.cargo/registry/src/index.crates.io-1949cf8c6b5b557f/downcast-rs-2.0.2/src/lib.rs --error-format=json --json=diagnostic-rendered-ansi,artifacts,future-incompat --crate-type lib --emit=dep-info,metadata,link -C opt-level=3 -C panic=abort -C codegen-units=4 -C debuginfo=line-tables-only --cfg 'feature="default"' --cfg 'feature="std"' --cfg 'feature="sync"' --check-cfg 'cfg(docsrs,test)' --check-cfg 'cfg(feature, values("default", "std", "sync"))' -C metadata=cecd8eaf703d9640 -C extra-filename=-e0f30cf8f90442d8 --out-dir /tmp/crossdb-turso-target/release/deps -L dependency=/tmp/crossdb-turso-target/release/deps --cap-lints allow -C target-cpu=native`
   Compiling utf16_iter v1.0.5
     Running `/home/opc/.rustup/toolchains/stable-aarch64-unknown-linux-gnu/bin/rustc --crate-name utf16_iter --edition=2021 /home/opc/.cargo/registry/src/index.crates.io-1949cf8c6b5b557f/utf16_iter-1.0.5/src/lib.rs --error-format=json --json=diagnostic-rendered-ansi,artifacts,future-incompat --crate-type lib --emit=dep-info,metadata,link -C opt-level=3 -C panic=abort -C codegen-units=4 -C debuginfo=line-tables-only --check-cfg 'cfg(docsrs,test)' --check-cfg 'cfg(feature, values())' -C metadata=d452ed78e05ea1bc -C extra-filename=-c50922037ae00b52 --out-dir /tmp/crossdb-turso-target/release/deps -L dependency=/tmp/crossdb-turso-target/release/deps --cap-lints allow -C target-cpu=native`
   Compiling bindgen v0.69.5
     Running `/home/opc/.rustup/toolchains/stable-aarch64-unknown-linux-gnu/bin/rustc --crate-name build_script_build --edition=2018 /home/opc/.cargo/registry/src/index.crates.io-1949cf8c6b5b557f/bindgen-0.69.5/build.rs --error-format=json --json=diagnostic-rendered-ansi,artifacts,future-incompat --crate-type bin --emit=dep-info,link -C embed-bitcode=no -C debug-assertions=off --cfg 'feature="default"' --cfg 'feature="logging"' --cfg 'feature="prettyplease"' --cfg 'feature="runtime"' --cfg 'feature="which-rustfmt"' --check-cfg 'cfg(docsrs,test)' --check-cfg 'cfg(feature, values("__cli", "__testing_only_extra_assertions", "__testing_only_libclang_16", "__testing_only_libclang_9", "default", "experimental", "logging", "prettyplease", "runtime", "static", "which-rustfmt"))' -C metadata=8703b5591596f636 -C extra-filename=-02a324d94a423d81 --out-dir /tmp/crossdb-turso-target/release/build/bindgen-02a324d94a423d81 -L dependency=/tmp/crossdb-turso-target/release/deps --cap-lints allow -C target-cpu=native`
   Compiling write16 v1.0.0
     Running `/home/opc/.rustup/toolchains/stable-aarch64-unknown-linux-gnu/bin/rustc --crate-name write16 --edition=2021 /home/opc/.cargo/registry/src/index.crates.io-1949cf8c6b5b557f/write16-1.0.0/src/lib.rs --error-format=json --json=diagnostic-rendered-ansi,artifacts,future-incompat --crate-type lib --emit=dep-info,metadata,link -C opt-level=3 -C panic=abort -C codegen-units=4 -C debuginfo=line-tables-only --cfg 'feature="alloc"' --check-cfg 'cfg(docsrs,test)' --check-cfg 'cfg(feature, values("alloc", "arrayvec", "smallvec"))' -C metadata=dbf9d3b1aefb220e -C extra-filename=-e66aa602c16da40a --out-dir /tmp/crossdb-turso-target/release/deps -L dependency=/tmp/crossdb-turso-target/release/deps --cap-lints allow -C target-cpu=native`
   Compiling icu_normalizer v2.2.0
     Running `/home/opc/.rustup/toolchains/stable-aarch64-unknown-linux-gnu/bin/rustc --crate-name icu_normalizer --edition=2021 /home/opc/.cargo/registry/src/index.crates.io-1949cf8c6b5b557f/icu_normalizer-2.2.0/src/lib.rs --error-format=json --json=diagnostic-rendered-ansi,artifacts,future-incompat --crate-type lib --emit=dep-info,metadata,link -C opt-level=3 -C panic=abort -C codegen-units=4 -C debuginfo=line-tables-only '--warn=clippy::wildcard_dependencies' '--warn=clippy::useless_transmute' --warn=unused_qualifications --warn=unused_macro_rules --warn=unused_lifetimes '--warn=clippy::unnecessary-wraps' --warn=unexpected_cfgs '--deny=clippy::trivially_copy_pass_by_ref' --deny=trivial_numeric_casts '--warn=clippy::transmutes_expressible_as_ptr_casts' '--warn=clippy::transmute_undefined_repr' '--warn=clippy::transmute_ptr_to_ref' '--warn=clippy::transmute_ptr_to_ptr' '--warn=clippy::transmute_int_to_non_zero' '--warn=clippy::transmute_int_to_bool' '--warn=clippy::transmute_bytes_to_str' '--warn=clippy::todo' '--warn=clippy::same_functions_in_if_condition' '--warn=clippy::or-fun-call' '--warn=clippy::negative_feature_names' '--warn=clippy::missing_transmute_annotations' '--warn=clippy::missing_fields_in_debug' --deny=missing_debug_implementations '--warn=clippy::mismatching_type_param_order' '--warn=clippy::large_stack_arrays' '--warn=clippy::infinite_loop' '--warn=clippy::fn_to_numeric_cast_any' '--deny=clippy::exhaustive_structs' '--deny=clippy::exhaustive_enums' '--warn=clippy::doc_markdown' '--warn=clippy::debug_assert_with_mut_call' '--warn=clippy::dbg_macro' '--warn=clippy::crosspointer_transmute' '--warn=clippy::collection_is_never_read' '--warn=clippy::branches-sharing-code' '--warn=clippy::alloc-instead-of-core' --check-cfg 'cfg(icu4c_enable_renaming)' --check-cfg 'cfg(needs_alloc_error_handler)' --check-cfg 'cfg(icu4x_run_size_tests)' --check-cfg 'cfg(icu4x_unstable_fast_trie_only)' --cfg 'feature="compiled_data"' --cfg 'feature="utf16_iter"' --cfg 'feature="utf8_iter"' --check-cfg 'cfg(docsrs,test)' --check-cfg 'cfg(feature, values("compiled_data", "datagen", "default", "harfbuzz_traits", "icu_properties", "serde", "utf16_iter", "utf8_iter", "write16"))' -C metadata=4d453444d4542a71 -C extra-filename=-86aea730e3daed09 --out-dir /tmp/crossdb-turso-target/release/deps -L dependency=/tmp/crossdb-turso-target/release/deps --extern icu_collections=/tmp/crossdb-turso-target/release/deps/libicu_collections-dbdbd877cb39fe9b.rmeta --extern icu_normalizer_data=/tmp/crossdb-turso-target/release/deps/libicu_normalizer_data-2b6cd180ffbb2435.rmeta --extern icu_provider=/tmp/crossdb-turso-target/release/deps/libicu_provider-4d98a251e1d4b7d4.rmeta --extern smallvec=/tmp/crossdb-turso-target/release/deps/libsmallvec-aa4f292241a651e6.rmeta --extern utf16_iter=/tmp/crossdb-turso-target/release/deps/libutf16_iter-c50922037ae00b52.rmeta --extern utf8_iter=/tmp/crossdb-turso-target/release/deps/libutf8_iter-501d2c008ecab85b.rmeta --extern write16=/tmp/crossdb-turso-target/release/deps/libwrite16-e66aa602c16da40a.rmeta --extern zerovec=/tmp/crossdb-turso-target/release/deps/libzerovec-1b6f2ce8fecf604a.rmeta --cap-lints allow -C target-cpu=native`
     Running `/tmp/crossdb-turso-target/release/build/bindgen-02a324d94a423d81/build-script-build`
     Running `/tmp/crossdb-turso-target/release/build/io-uring-3e43305b9a6f8e07/build-script-build`
   Compiling tantivy-columnar v0.7.0
     Running `/home/opc/.rustup/toolchains/stable-aarch64-unknown-linux-gnu/bin/rustc --crate-name tantivy_columnar --edition=2024 /home/opc/.cargo/registry/src/index.crates.io-1949cf8c6b5b557f/tantivy-columnar-0.7.0/src/lib.rs --error-format=json --json=diagnostic-rendered-ansi,artifacts,future-incompat --crate-type lib --emit=dep-info,metadata,link -C opt-level=3 -C panic=abort -C codegen-units=4 -C debuginfo=line-tables-only --cfg 'feature="zstd-compression"' --check-cfg 'cfg(docsrs,test)' --check-cfg 'cfg(feature, values("zstd-compression"))' -C metadata=f457f9a8e167e57e -C extra-filename=-08aced3a47a16209 --out-dir /tmp/crossdb-turso-target/release/deps -L dependency=/tmp/crossdb-turso-target/release/deps --extern downcast_rs=/tmp/crossdb-turso-target/release/deps/libdowncast_rs-e0f30cf8f90442d8.rmeta --extern fastdivide=/tmp/crossdb-turso-target/release/deps/libfastdivide-9b5cec2c66dd691d.rmeta --extern itertools=/tmp/crossdb-turso-target/release/deps/libitertools-610f69c2620f84c6.rmeta --extern serde=/tmp/crossdb-turso-target/release/deps/libserde-a35f3fcb983465f3.rmeta --extern tantivy_bitpacker=/tmp/crossdb-turso-target/release/deps/libtantivy_bitpacker-5c7a4b56e0c63165.rmeta --extern common=/tmp/crossdb-turso-target/release/deps/libtantivy_common-b6318034885de7a7.rmeta --extern sstable=/tmp/crossdb-turso-target/release/deps/libtantivy_sstable-8a1c9c4e1d7e6371.rmeta --extern stacker=/tmp/crossdb-turso-target/release/deps/libtantivy_stacker-589da40e06b99fa4.rmeta --cap-lints allow -C target-cpu=native -L native=/tmp/crossdb-turso-target/release/build/zstd-sys-3f310674bc734c67/out`
     Running `/tmp/crossdb-turso-target/release/build/anyhow-afb63820870995f8/build-script-build`
   Compiling tempfile v3.20.0
     Running `/home/opc/.rustup/toolchains/stable-aarch64-unknown-linux-gnu/bin/rustc --crate-name tempfile --edition=2021 /home/opc/.cargo/registry/src/index.crates.io-1949cf8c6b5b557f/tempfile-3.20.0/src/lib.rs --error-format=json --json=diagnostic-rendered-ansi,artifacts,future-incompat --crate-type lib --emit=dep-info,metadata,link -C opt-level=3 -C panic=abort -C codegen-units=4 -C debuginfo=line-tables-only --cfg 'feature="default"' --cfg 'feature="getrandom"' --check-cfg 'cfg(docsrs,test)' --check-cfg 'cfg(feature, values("default", "getrandom", "nightly", "unstable-windows-keep-open-tempfile"))' -C metadata=39db0869f5f15cf3 -C extra-filename=-717b6ea76c3ea289 --out-dir /tmp/crossdb-turso-target/release/deps -L dependency=/tmp/crossdb-turso-target/release/deps --extern fastrand=/tmp/crossdb-turso-target/release/deps/libfastrand-79b53677d2dbc53f.rmeta --extern getrandom=/tmp/crossdb-turso-target/release/deps/libgetrandom-a85e777aeef9e616.rmeta --extern once_cell=/tmp/crossdb-turso-target/release/deps/libonce_cell-ac8f9edf4458f87b.rmeta --extern rustix=/tmp/crossdb-turso-target/release/deps/librustix-305e4b922d1feba2.rmeta --cap-lints allow -C target-cpu=native`
   Compiling uuid v1.17.0
     Running `/home/opc/.rustup/toolchains/stable-aarch64-unknown-linux-gnu/bin/rustc --crate-name uuid --edition=2018 /home/opc/.cargo/registry/src/index.crates.io-1949cf8c6b5b557f/uuid-1.17.0/src/lib.rs --error-format=json --json=diagnostic-rendered-ansi,artifacts,future-incompat --crate-type lib --emit=dep-info,metadata,link -C opt-level=3 -C panic=abort -C codegen-units=4 -C debuginfo=line-tables-only --allow=unexpected_cfgs --check-cfg 'cfg(uuid_unstable)' --cfg 'feature="default"' --cfg 'feature="rng"' --cfg 'feature="serde"' --cfg 'feature="sha1"' --cfg 'feature="std"' --cfg 'feature="v4"' --cfg 'feature="v5"' --cfg 'feature="v7"' --check-cfg 'cfg(docsrs,test)' --check-cfg 'cfg(feature, values("arbitrary", "atomic", "borsh", "bytemuck", "default", "fast-rng", "js", "macro-diagnostics", "md5", "rng", "rng-getrandom", "rng-rand", "serde", "sha1", "slog", "std", "uuid-rng-internal-lib", "v1", "v3", "v4", "v5", "v6", "v7", "v8", "zerocopy"))' -C metadata=130f5fa08d2d0fc6 -C extra-filename=-9811063345b79f06 --out-dir /tmp/crossdb-turso-target/release/deps -L dependency=/tmp/crossdb-turso-target/release/deps --extern getrandom=/tmp/crossdb-turso-target/release/deps/libgetrandom-a85e777aeef9e616.rmeta --extern serde=/tmp/crossdb-turso-target/release/deps/libserde-a35f3fcb983465f3.rmeta --extern sha1_smol=/tmp/crossdb-turso-target/release/deps/libsha1_smol-786716c50747f9b6.rmeta --cap-lints allow -C target-cpu=native`
   Compiling which v4.4.2
     Running `/home/opc/.rustup/toolchains/stable-aarch64-unknown-linux-gnu/bin/rustc --crate-name which --edition=2021 /home/opc/.cargo/registry/src/index.crates.io-1949cf8c6b5b557f/which-4.4.2/src/lib.rs --error-format=json --json=diagnostic-rendered-ansi,artifacts,future-incompat --crate-type lib --emit=dep-info,metadata,link -C embed-bitcode=no -C debug-assertions=off --check-cfg 'cfg(docsrs,test)' --check-cfg 'cfg(feature, values("regex"))' -C metadata=620a4cf46106da0f -C extra-filename=-a35d041a381ab34b --out-dir /tmp/crossdb-turso-target/release/deps -L dependency=/tmp/crossdb-turso-target/release/deps --extern either=/tmp/crossdb-turso-target/release/deps/libeither-ce399df9530737d3.rmeta --extern home=/tmp/crossdb-turso-target/release/deps/libhome-8bd9628fcfe570f9.rmeta --extern rustix=/tmp/crossdb-turso-target/release/deps/librustix-bf0ca8c25fa1a1b5.rmeta --cap-lints allow -C target-cpu=native`
     Running `/tmp/crossdb-turso-target/release/build/turso_ext-97114be7423d8207/build-script-build`
   Compiling tracing-subscriber v0.3.20
     Running `/home/opc/.rustup/toolchains/stable-aarch64-unknown-linux-gnu/bin/rustc --crate-name tracing_subscriber --edition=2018 /home/opc/.cargo/registry/src/index.crates.io-1949cf8c6b5b557f/tracing-subscriber-0.3.20/src/lib.rs --error-format=json --json=diagnostic-rendered-ansi,artifacts,future-incompat --crate-type lib --emit=dep-info,metadata,link -C opt-level=3 -C panic=abort -C codegen-units=4 -C debuginfo=line-tables-only --warn=unexpected_cfgs --check-cfg 'cfg(flaky_tests)' --check-cfg 'cfg(tracing_unstable)' --check-cfg 'cfg(unsound_local_offset)' --cfg 'feature="alloc"' --cfg 'feature="ansi"' --cfg 'feature="default"' --cfg 'feature="env-filter"' --cfg 'feature="fmt"' --cfg 'feature="matchers"' --cfg 'feature="nu-ansi-term"' --cfg 'feature="once_cell"' --cfg 'feature="registry"' --cfg 'feature="sharded-slab"' --cfg 'feature="smallvec"' --cfg 'feature="std"' --cfg 'feature="thread_local"' --cfg 'feature="tracing"' --cfg 'feature="tracing-log"' --check-cfg 'cfg(docsrs,test)' --check-cfg 'cfg(feature, values("alloc", "ansi", "chrono", "default", "env-filter", "fmt", "json", "local-time", "matchers", "nu-ansi-term", "once_cell", "parking_lot", "regex", "registry", "serde", "serde_json", "sharded-slab", "smallvec", "std", "thread_local", "time", "tracing", "tracing-log", "tracing-serde", "valuable", "valuable-serde", "valuable_crate"))' -C metadata=26174d3b9535df8e -C extra-filename=-fb0d20fccf86135a --out-dir /tmp/crossdb-turso-target/release/deps -L dependency=/tmp/crossdb-turso-target/release/deps --extern matchers=/tmp/crossdb-turso-target/release/deps/libmatchers-743ae08b50cbb3df.rmeta --extern nu_ansi_term=/tmp/crossdb-turso-target/release/deps/libnu_ansi_term-216f061935da6790.rmeta --extern once_cell=/tmp/crossdb-turso-target/release/deps/libonce_cell-ac8f9edf4458f87b.rmeta --extern regex_automata=/tmp/crossdb-turso-target/release/deps/libregex_automata-76cb29c94fc95ac2.rmeta --extern sharded_slab=/tmp/crossdb-turso-target/release/deps/libsharded_slab-af3d8a936bfd0492.rmeta --extern smallvec=/tmp/crossdb-turso-target/release/deps/libsmallvec-aa4f292241a651e6.rmeta --extern thread_local=/tmp/crossdb-turso-target/release/deps/libthread_local-7efe8c96a26536e6.rmeta --extern tracing=/tmp/crossdb-turso-target/release/deps/libtracing-fce2d56f8a37498e.rmeta --extern tracing_core=/tmp/crossdb-turso-target/release/deps/libtracing_core-fd71b1f8e4746c82.rmeta --extern tracing_log=/tmp/crossdb-turso-target/release/deps/libtracing_log-e3ed85efc835c1c5.rmeta --cap-lints allow -C target-cpu=native`
     Running `/home/opc/.rustup/toolchains/stable-aarch64-unknown-linux-gnu/bin/rustc --crate-name lock_api --edition=2021 /home/opc/.cargo/registry/src/index.crates.io-1949cf8c6b5b557f/lock_api-0.4.13/src/lib.rs --error-format=json --json=diagnostic-rendered-ansi,artifacts,future-incompat --crate-type lib --emit=dep-info,metadata,link -C opt-level=3 -C panic=abort -C codegen-units=4 -C debuginfo=line-tables-only --cfg 'feature="arc_lock"' --cfg 'feature="atomic_usize"' --cfg 'feature="default"' --check-cfg 'cfg(docsrs,test)' --check-cfg 'cfg(feature, values("arc_lock", "atomic_usize", "default", "nightly", "owning_ref", "serde"))' -C metadata=20e0e99c3e259048 -C extra-filename=-1b67747c67df7b17 --out-dir /tmp/crossdb-turso-target/release/deps -L dependency=/tmp/crossdb-turso-target/release/deps --extern scopeguard=/tmp/crossdb-turso-target/release/deps/libscopeguard-21b7da005d072be0.rmeta --cap-lints allow -C target-cpu=native --cfg has_const_fn_trait_bound --check-cfg 'cfg(has_const_fn_trait_bound)'`
     Running `/home/opc/.rustup/toolchains/stable-aarch64-unknown-linux-gnu/bin/rustc --crate-name typetag --edition=2021 /home/opc/.cargo/registry/src/index.crates.io-1949cf8c6b5b557f/typetag-0.2.21/src/lib.rs --error-format=json --json=diagnostic-rendered-ansi,artifacts,future-incompat --crate-type lib --emit=dep-info,metadata,link -C opt-level=3 -C panic=abort -C codegen-units=4 -C debuginfo=line-tables-only --check-cfg 'cfg(docsrs,test)' --check-cfg 'cfg(feature, values())' -C metadata=dbf94cf181235810 -C extra-filename=-1760bc3f9d7e5378 --out-dir /tmp/crossdb-turso-target/release/deps -L dependency=/tmp/crossdb-turso-target/release/deps --extern erased_serde=/tmp/crossdb-turso-target/release/deps/liberased_serde-49b43172a28b5deb.rmeta --extern inventory=/tmp/crossdb-turso-target/release/deps/libinventory-e5692d450c143dd2.rmeta --extern once_cell=/tmp/crossdb-turso-target/release/deps/libonce_cell-ac8f9edf4458f87b.rmeta --extern serde=/tmp/crossdb-turso-target/release/deps/libserde-a35f3fcb983465f3.rmeta --extern typetag_impl=/tmp/crossdb-turso-target/release/deps/libtypetag_impl-175e4db2f45be681.so --cap-lints allow -C target-cpu=native`
   Compiling miette v7.6.0
     Running `/home/opc/.rustup/toolchains/stable-aarch64-unknown-linux-gnu/bin/rustc --crate-name miette --edition=2018 /home/opc/.cargo/registry/src/index.crates.io-1949cf8c6b5b557f/miette-7.6.0/src/lib.rs --error-format=json --json=diagnostic-rendered-ansi,artifacts,future-incompat --crate-type lib --emit=dep-info,metadata,link -C opt-level=3 -C panic=abort -C codegen-units=4 -C debuginfo=line-tables-only --cfg 'feature="default"' --cfg 'feature="derive"' --check-cfg 'cfg(docsrs,test)' --check-cfg 'cfg(feature, values("default", "derive", "fancy", "fancy-base", "fancy-no-backtrace", "fancy-no-syscall", "no-format-args-capture", "serde", "syntect-highlighter"))' -C metadata=0c78aae8bb17042b -C extra-filename=-3f29b3ffce2e586f --out-dir /tmp/crossdb-turso-target/release/deps -L dependency=/tmp/crossdb-turso-target/release/deps --extern cfg_if=/tmp/crossdb-turso-target/release/deps/libcfg_if-f71fb6b7fffc9a44.rmeta --extern miette_derive=/tmp/crossdb-turso-target/release/deps/libmiette_derive-53002d329c99a341.so --extern unicode_width=/tmp/crossdb-turso-target/release/deps/libunicode_width-4a93362570d01745.rmeta --cap-lints allow -C target-cpu=native`
   Compiling turso_core v0.8.0-pre.13 (/tmp/turso-crossdb/core)
     Running `/home/opc/.rustup/toolchains/stable-aarch64-unknown-linux-gnu/bin/rustc --crate-name build_script_build --edition=2021 /tmp/turso-crossdb/core/build.rs --error-format=json --json=diagnostic-rendered-ansi,artifacts,future-incompat --crate-type bin --emit=dep-info,link -C embed-bitcode=no --allow=unstable_name_collisions --warn=unexpected_cfgs '--deny=clippy::stable_sort_primitive' '--deny=clippy::redundant_clone' '--deny=clippy::or_fun_call' '--deny=clippy::naive_bytecount' '--deny=clippy::large_types_passed_by_value' '--deny=clippy::large_stack_frames' '--deny=clippy::collection_is_never_read' '--deny=clippy::clear_with_drain' '--deny=clippy::await_holding_lock' '--deny=clippy::assigning_clones' --check-cfg 'cfg(loom)' --check-cfg 'cfg(shuttle)' --check-cfg 'cfg(antithesis)' --check-cfg 'cfg(nightly)' -C debug-assertions=off --cfg 'feature="autovacuum"' --cfg 'feature="conn_raw_api"' --cfg 'feature="default"' --cfg 'feature="encryption"' --cfg 'feature="experimental_win_iocp"' --cfg 'feature="fs"' --cfg 'feature="fts"' --cfg 'feature="io_uring"' --cfg 'feature="json"' --cfg 'feature="percentile"' --cfg 'feature="pure-rust-crypto"' --cfg 'feature="series"' --cfg 'feature="simd"' --cfg 'feature="time"' --cfg 'feature="uuid"' --check-cfg 'cfg(docsrs,test)' --check-cfg 'cfg(feature, values("allocation_metric", "aristo-instr", "autovacuum", "bench", "checksum", "cli_only", "codspeed", "conn_raw_api", "default", "encryption", "experimental_win_iocp", "fs", "fts", "fuzz", "io_memory_yield", "io_uring", "json", "nanosecond-bench", "optimizer_params", "percentile", "pure-rust-crypto", "serde", "series", "simd", "simulator", "stacker", "test_helper", "time", "tracing_release", "uuid"))' -C metadata=295c6973555042cf -C extra-filename=-74698271d71a8905 --out-dir /tmp/crossdb-turso-target/release/build/turso_core-74698271d71a8905 -L dependency=/tmp/crossdb-turso-target/release/deps --extern cfg_aliases=/tmp/crossdb-turso-target/release/deps/libcfg_aliases-d97bb4fd6cf27bea.rlib -C target-cpu=native`
     Running `/home/opc/.rustup/toolchains/stable-aarch64-unknown-linux-gnu/bin/rustc --crate-name rustix --edition=2021 /home/opc/.cargo/registry/src/index.crates.io-1949cf8c6b5b557f/rustix-0.38.44/src/lib.rs --error-format=json --json=diagnostic-rendered-ansi,artifacts,future-incompat --crate-type lib --emit=dep-info,metadata,link -C opt-level=3 -C panic=abort -C codegen-units=4 -C debuginfo=line-tables-only --warn=unexpected_cfgs --check-cfg 'cfg(alloc_c_string)' --check-cfg 'cfg(alloc_ffi)' --check-cfg 'cfg(apple)' --check-cfg 'cfg(asm_experimental_arch)' --check-cfg 'cfg(bsd)' --check-cfg 'cfg(core_c_str)' --check-cfg 'cfg(core_ffi_c)' --check-cfg 'cfg(core_intrinsics)' --check-cfg 'cfg(criterion)' --check-cfg 'cfg(document_experimental_runtime_api)' --check-cfg 'cfg(fix_y2038)' --check-cfg 'cfg(freebsdlike)' --check-cfg 'cfg(libc)' --check-cfg 'cfg(linux_kernel)' --check-cfg 'cfg(linux_like)' --check-cfg 'cfg(linux_raw)' --check-cfg 'cfg(netbsdlike)' --check-cfg 'cfg(rustc_attrs)' --check-cfg 'cfg(solarish)' --check-cfg 'cfg(staged_api)' --check-cfg 'cfg(static_assertions)' --check-cfg 'cfg(thumb_mode)' --check-cfg 'cfg(wasi)' --check-cfg 'cfg(wasi_ext)' --check-cfg 'cfg(target_arch, values("xtensa"))' --cfg 'feature="alloc"' --cfg 'feature="event"' --cfg 'feature="fs"' --cfg 'feature="libc-extra-traits"' --cfg 'feature="pipe"' --cfg 'feature="process"' --cfg 'feature="std"' --cfg 'feature="time"' --check-cfg 'cfg(docsrs,test)' --check-cfg 'cfg(feature, values("all-apis", "alloc", "cc", "compiler_builtins", "core", "default", "event", "fs", "io_uring", "itoa", "libc", "libc-extra-traits", "libc_errno", "linux_4_11", "linux_latest", "mm", "mount", "net", "once_cell", "param", "pipe", "process", "procfs", "pty", "rand", "runtime", "rustc-dep-of-std", "rustc-std-workspace-alloc", "shm", "std", "stdio", "system", "termios", "thread", "time", "try_close", "use-explicitly-provided-auxv", "use-libc", "use-libc-auxv"))' -C metadata=78a6da9eb52e0656 -C extra-filename=-45e1676384c46ad1 --out-dir /tmp/crossdb-turso-target/release/deps -L dependency=/tmp/crossdb-turso-target/release/deps --extern bitflags=/tmp/crossdb-turso-target/release/deps/libbitflags-2a3983efc3670ae1.rmeta --extern linux_raw_sys=/tmp/crossdb-turso-target/release/deps/liblinux_raw_sys-27cbc95bfb217a5b.rmeta --cap-lints allow -C target-cpu=native --cfg static_assertions --cfg linux_raw --cfg linux_like --cfg linux_kernel`
   Compiling chrono v0.4.42
     Running `/home/opc/.rustup/toolchains/stable-aarch64-unknown-linux-gnu/bin/rustc --crate-name chrono --edition=2021 /home/opc/.cargo/registry/src/index.crates.io-1949cf8c6b5b557f/chrono-0.4.42/src/lib.rs --error-format=json --json=diagnostic-rendered-ansi,artifacts,future-incompat --crate-type lib --emit=dep-info,metadata,link -C opt-level=3 -C panic=abort -C codegen-units=4 -C debuginfo=line-tables-only --cfg 'feature="alloc"' --cfg 'feature="clock"' --cfg 'feature="default"' --cfg 'feature="iana-time-zone"' --cfg 'feature="js-sys"' --cfg 'feature="now"' --cfg 'feature="oldtime"' --cfg 'feature="std"' --cfg 'feature="wasm-bindgen"' --cfg 'feature="wasmbind"' --cfg 'feature="winapi"' --cfg 'feature="windows-link"' --check-cfg 'cfg(docsrs,test)' --check-cfg 'cfg(feature, values("__internal_bench", "alloc", "arbitrary", "clock", "core-error", "default", "iana-time-zone", "js-sys", "libc", "now", "oldtime", "pure-rust-locales", "rkyv", "rkyv-16", "rkyv-32", "rkyv-64", "rkyv-validation", "serde", "std", "unstable-locales", "wasm-bindgen", "wasmbind", "winapi", "windows-link"))' -C metadata=de4a7b89f1535c8d -C extra-filename=-2d0232353b3d0c85 --out-dir /tmp/crossdb-turso-target/release/deps -L dependency=/tmp/crossdb-turso-target/release/deps --extern iana_time_zone=/tmp/crossdb-turso-target/release/deps/libiana_time_zone-01df634c68c1db42.rmeta --extern num_traits=/tmp/crossdb-turso-target/release/deps/libnum_traits-5a0c67f6c18575a5.rmeta --cap-lints allow -C target-cpu=native`
     Running `/tmp/crossdb-turso-target/release/build/bigdecimal-00e2b638b989c807/build-script-build`
     Running `/tmp/crossdb-turso-target/release/build/aegis-54228211765956d8/build-script-build`
     Running `/tmp/crossdb-turso-target/release/build/simsimd-57238f843beb2343/build-script-build`
     Running `/tmp/crossdb-turso-target/release/build/uncased-f8b034adc9f942cd/build-script-build`
   Compiling num-bigint v0.4.6
     Running `/home/opc/.rustup/toolchains/stable-aarch64-unknown-linux-gnu/bin/rustc --crate-name num_bigint --edition=2021 /home/opc/.cargo/registry/src/index.crates.io-1949cf8c6b5b557f/num-bigint-0.4.6/src/lib.rs --error-format=json --json=diagnostic-rendered-ansi,artifacts,future-incompat --crate-type lib --emit=dep-info,metadata,link -C opt-level=3 -C panic=abort -C codegen-units=4 -C debuginfo=line-tables-only --cfg 'feature="default"' --cfg 'feature="std"' --check-cfg 'cfg(docsrs,test)' --check-cfg 'cfg(feature, values("arbitrary", "default", "quickcheck", "rand", "serde", "std"))' -C metadata=6145e0ddccdb6a9b -C extra-filename=-b2fc6c158ddbccf6 --out-dir /tmp/crossdb-turso-target/release/deps -L dependency=/tmp/crossdb-turso-target/release/deps --extern num_integer=/tmp/crossdb-turso-target/release/deps/libnum_integer-9474301461b1f09e.rmeta --extern num_traits=/tmp/crossdb-turso-target/release/deps/libnum_traits-5a0c67f6c18575a5.rmeta --cap-lints allow -C target-cpu=native`
   Compiling bon v3.8.2
     Running `/home/opc/.rustup/toolchains/stable-aarch64-unknown-linux-gnu/bin/rustc --crate-name bon --edition=2021 /home/opc/.cargo/registry/src/index.crates.io-1949cf8c6b5b557f/bon-3.8.2/src/lib.rs --error-format=json --json=diagnostic-rendered-ansi,artifacts,future-incompat --crate-type lib --emit=dep-info,metadata,link -C opt-level=3 -C panic=abort -C codegen-units=4 -C debuginfo=line-tables-only '--warn=clippy::nursery' '--warn=clippy::pedantic' '--warn=clippy::zero_sized_map_values' '--warn=clippy::wildcard_dependencies' '--warn=clippy::verbose_bit_mask' --warn=variant_size_differences '--warn=clippy::useless_transmute' '--warn=clippy::useless_let_if_seq' '--warn=clippy::unused_rounding' --warn=unused_qualifications '--warn=clippy::unused_peekable' --warn=unused_macro_rules --warn=unused_lifetimes --warn=unused_import_braces --warn=unused_extern_crates '--warn=clippy::unused_async' --warn=unstable_features --warn=unsafe_code --warn=unreachable_pub '--warn=clippy::unnested_or_patterns' '--warn=clippy::unnecessary_wraps' '--warn=clippy::unnecessary_struct_initialization' '--warn=clippy::unnecessary_self_imports' '--warn=clippy::unnecessary_join' --warn=unnameable_types --warn=unit_bindings '--warn=clippy::unicode_not_nfc' --warn=unexpected_cfgs '--warn=rustdoc::unescaped_backticks' '--warn=clippy::unchecked_time_subtraction' '--warn=clippy::type_repetition_in_bounds' '--warn=clippy::try_err' --warn=trivial_numeric_casts --warn=trivial_casts '--warn=clippy::transmute_undefined_repr' '--warn=clippy::transmute_ptr_to_ptr' '--warn=clippy::trait_duplication_in_bounds' '--warn=clippy::trailing_empty_array' '--warn=clippy::suspicious_xor_used_as_pow' '--warn=clippy::suspicious_operation_groupings' '--warn=clippy::suboptimal_flops' '--warn=clippy::string_lit_as_bytes' --warn=single_use_lifetimes '--warn=clippy::same_functions_in_if_condition' '--warn=clippy::rest_pat_in_fully_bound_structs' '--warn=clippy::ref_option_ref' '--warn=clippy::ref_binding_to_reference' --warn=redundant_lifetimes '--warn=clippy::redundant_feature_names' '--warn=clippy::redundant_clone' '--warn=clippy::read_zero_byte_vec' '--warn=clippy::rc_mutex' '--warn=clippy::rc_buffer' '--warn=clippy::range_plus_one' '--warn=clippy::range_minus_one' '--warn=clippy::ptr_as_ptr' '--warn=clippy::path_buf_push_overwrite' '--warn=clippy::or_fun_call' '--warn=clippy::nonstandard_macro_braces' '--warn=clippy::non_send_fields_in_send_ty' --warn=non_local_definitions --warn=non_ascii_idents '--warn=clippy::no_mangle_with_rust_abi' '--warn=clippy::no_effect_underscore_binding' '--warn=clippy::negative_feature_names' '--warn=clippy::needless_for_each' '--warn=clippy::needless_collect' '--warn=clippy::needless_bitwise_bool' '--warn=clippy::naive_bytecount' '--warn=clippy::mut_mut' '--warn=clippy::mixed_read_write_in_expression' --warn=missing_unsafe_on_extern --warn=missing_docs --warn=missing_debug_implementations '--warn=rustdoc::missing_crate_level_docs' --warn=missing_abi --warn=meta_variable_misuse '--warn=clippy::maybe_infinite_iter' '--warn=clippy::match_wild_err_arm' '--allow=clippy::map_unwrap_or' '--warn=clippy::map_flatten' '--warn=clippy::many_single_char_names' '--warn=clippy::manual_ok_or' '--allow=clippy::manual_let_else' '--warn=clippy::manual_instant_elapsed' '--warn=clippy::manual_clamp' --warn=macro_use_extern_crate '--warn=clippy::lossy_float_literal' '--warn=clippy::linkedlist' --warn=let_underscore_drop '--warn=clippy::large_include_file' '--warn=clippy::iter_with_drain' '--warn=clippy::iter_on_empty_collections' '--warn=clippy::iter_not_returning_iterator' '--warn=clippy::invalid_upcast_comparisons' '--warn=clippy::indexing_slicing' '--warn=clippy::index_refutable_slice' '--warn=clippy::imprecise_flops' '--warn=clippy::implicit_saturating_sub' '--warn=clippy::implicit_clone' '--warn=clippy::if_then_some_else_none' '--warn=clippy::format_push_string' '--warn=clippy::fn_to_numeric_cast_any' '--warn=clippy::fn_params_excessive_bools' '--warn=clippy::float_cmp' '--warn=clippy::flat_map_option' '--warn=clippy::filter_map_next' --warn=ffi_unwind_calls --warn=explicit_outlives_requirements '--warn=clippy::explicit_iter_loop' '--warn=clippy::explicit_into_iter_loop' '--warn=clippy::expl_impl_clone_on_copy' '--warn=clippy::empty_line_after_outer_attr' '--warn=clippy::empty_line_after_doc_comments' '--warn=clippy::empty_drop' --warn=elided_lifetimes_in_paths '--warn=clippy::doc_markdown' '--warn=clippy::doc_link_with_quotes' --warn=deprecated_safe '--warn=clippy::default_union_representation' '--warn=clippy::debug_assert_with_mut_call' '--warn=clippy::dbg_macro' '--warn=clippy::copy_iterator' '--warn=clippy::collection_is_never_read' '--warn=clippy::cloned_instead_of_copied' '--warn=clippy::clear_with_drain' '--warn=clippy::checked_conversions' '--warn=clippy::cast_ptr_alignment' '--warn=clippy::cast_lossless' '--warn=clippy::branches_sharing_code' '--warn=clippy::borrow_as_ptr' '--warn=clippy::bool_to_int_with_if' '--warn=clippy::await_holding_refcell_ref' '--warn=clippy::assertions_on_result_states' --warn=rust_2024_compatibility --allow=tail_expr_drop_order --check-cfg 'cfg(nightly)' --cfg 'feature="alloc"' --cfg 'feature="default"' --cfg 'feature="std"' --check-cfg 'cfg(docsrs,test)' --check-cfg 'cfg(feature, values("alloc", "default", "experimental-getter", "experimental-overwritable", "implied-bounds", "std"))' -C metadata=864e185e5320c8cb -C extra-filename=-d7a90a546536121c --out-dir /tmp/crossdb-turso-target/release/deps -L dependency=/tmp/crossdb-turso-target/release/deps --extern bon_macros=/tmp/crossdb-turso-target/release/deps/libbon_macros-c7d0e8a5ca45dc90.so --extern rustversion=/tmp/crossdb-turso-target/release/deps/librustversion-0f4c0136ff4a3743.so --cap-lints allow -C target-cpu=native`
   Compiling tantivy-query-grammar v0.26.0
     Running `/home/opc/.rustup/toolchains/stable-aarch64-unknown-linux-gnu/bin/rustc --crate-name tantivy_query_grammar --edition=2024 /home/opc/.cargo/registry/src/index.crates.io-1949cf8c6b5b557f/tantivy-query-grammar-0.26.0/src/lib.rs --error-format=json --json=diagnostic-rendered-ansi,artifacts,future-incompat --crate-type lib --emit=dep-info,metadata,link -C opt-level=3 -C panic=abort -C codegen-units=4 -C debuginfo=line-tables-only --check-cfg 'cfg(docsrs,test)' --check-cfg 'cfg(feature, values())' -C metadata=081608a474b454cb -C extra-filename=-4b345b260841f553 --out-dir /tmp/crossdb-turso-target/release/deps -L dependency=/tmp/crossdb-turso-target/release/deps --extern fnv=/tmp/crossdb-turso-target/release/deps/libfnv-cd5df0c4432bdf93.rmeta --extern nom=/tmp/crossdb-turso-target/release/deps/libnom-d7947d87c22bb075.rmeta --extern ordered_float=/tmp/crossdb-turso-target/release/deps/libordered_float-87ffbf9597c964ef.rmeta --extern serde=/tmp/crossdb-turso-target/release/deps/libserde-a35f3fcb983465f3.rmeta --extern serde_json=/tmp/crossdb-turso-target/release/deps/libserde_json-c53aaced51cae6c5.rmeta --cap-lints allow -C target-cpu=native`
     Running `/tmp/crossdb-turso-target/release/build/branches-2fe5d248c32117fa/build-script-build`
     Running `/tmp/crossdb-turso-target/release/build/crc32c-7123fdafdfa67ead/build-script-build`
   Compiling icu_locale v2.2.0
     Running `/home/opc/.rustup/toolchains/stable-aarch64-unknown-linux-gnu/bin/rustc --crate-name icu_locale --edition=2021 /home/opc/.cargo/registry/src/index.crates.io-1949cf8c6b5b557f/icu_locale-2.2.0/src/lib.rs --error-format=json --json=diagnostic-rendered-ansi,artifacts,future-incompat --crate-type lib --emit=dep-info,metadata,link -C opt-level=3 -C panic=abort -C codegen-units=4 -C debuginfo=line-tables-only '--warn=clippy::wildcard_dependencies' '--warn=clippy::useless_transmute' --warn=unused_qualifications --warn=unused_macro_rules --warn=unused_lifetimes '--warn=clippy::unnecessary-wraps' --warn=unexpected_cfgs '--deny=clippy::trivially_copy_pass_by_ref' --deny=trivial_numeric_casts '--warn=clippy::transmutes_expressible_as_ptr_casts' '--warn=clippy::transmute_undefined_repr' '--warn=clippy::transmute_ptr_to_ref' '--warn=clippy::transmute_ptr_to_ptr' '--warn=clippy::transmute_int_to_non_zero' '--warn=clippy::transmute_int_to_bool' '--warn=clippy::transmute_bytes_to_str' '--warn=clippy::todo' '--warn=clippy::same_functions_in_if_condition' '--warn=clippy::or-fun-call' '--warn=clippy::negative_feature_names' '--warn=clippy::missing_transmute_annotations' '--warn=clippy::missing_fields_in_debug' --deny=missing_debug_implementations '--warn=clippy::mismatching_type_param_order' '--warn=clippy::large_stack_arrays' '--warn=clippy::infinite_loop' '--warn=clippy::fn_to_numeric_cast_any' '--deny=clippy::exhaustive_structs' '--deny=clippy::exhaustive_enums' '--warn=clippy::doc_markdown' '--warn=clippy::debug_assert_with_mut_call' '--warn=clippy::dbg_macro' '--warn=clippy::crosspointer_transmute' '--warn=clippy::collection_is_never_read' '--warn=clippy::branches-sharing-code' '--warn=clippy::alloc-instead-of-core' --check-cfg 'cfg(icu4c_enable_renaming)' --check-cfg 'cfg(needs_alloc_error_handler)' --check-cfg 'cfg(icu4x_run_size_tests)' --check-cfg 'cfg(icu4x_unstable_fast_trie_only)' --cfg 'feature="compiled_data"' --cfg 'feature="default"' --check-cfg 'cfg(docsrs,test)' --check-cfg 'cfg(feature, values("compiled_data", "datagen", "default", "serde"))' -C metadata=43751178ed30f781 -C extra-filename=-7e77d7a54c180b8c --out-dir /tmp/crossdb-turso-target/release/deps -L dependency=/tmp/crossdb-turso-target/release/deps --extern icu_collections=/tmp/crossdb-turso-target/release/deps/libicu_collections-dbdbd877cb39fe9b.rmeta --extern icu_locale_core=/tmp/crossdb-turso-target/release/deps/libicu_locale_core-25ac043f5b3df263.rmeta --extern icu_locale_data=/tmp/crossdb-turso-target/release/deps/libicu_locale_data-9344d3dadb357150.rmeta --extern icu_provider=/tmp/crossdb-turso-target/release/deps/libicu_provider-4d98a251e1d4b7d4.rmeta --extern potential_utf=/tmp/crossdb-turso-target/release/deps/libpotential_utf-32ebdef5c60c6136.rmeta --extern tinystr=/tmp/crossdb-turso-target/release/deps/libtinystr-23fbf56c541559bf.rmeta --extern zerovec=/tmp/crossdb-turso-target/release/deps/libzerovec-1b6f2ce8fecf604a.rmeta --cap-lints allow -C target-cpu=native`
   Compiling rayon v1.10.0
     Running `/home/opc/.rustup/toolchains/stable-aarch64-unknown-linux-gnu/bin/rustc --crate-name rayon --edition=2021 /home/opc/.cargo/registry/src/index.crates.io-1949cf8c6b5b557f/rayon-1.10.0/src/lib.rs --error-format=json --json=diagnostic-rendered-ansi,artifacts,future-incompat --crate-type lib --emit=dep-info,metadata,link -C opt-level=3 -C panic=abort -C codegen-units=4 -C debuginfo=line-tables-only --check-cfg 'cfg(docsrs,test)' --check-cfg 'cfg(feature, values("web_spin_lock"))' -C metadata=16aa72ec0735c0d1 -C extra-filename=-713d1fc92e9802a9 --out-dir /tmp/crossdb-turso-target/release/deps -L dependency=/tmp/crossdb-turso-target/release/deps --extern either=/tmp/crossdb-turso-target/release/deps/libeither-1c50b50c501203a6.rmeta --extern rayon_core=/tmp/crossdb-turso-target/release/deps/librayon_core-ea87e494ae6840af.rmeta --cap-lints allow -C target-cpu=native`
   Compiling rand v0.9.4
     Running `/home/opc/.rustup/toolchains/stable-aarch64-unknown-linux-gnu/bin/rustc --crate-name rand --edition=2021 /home/opc/.cargo/registry/src/index.crates.io-1949cf8c6b5b557f/rand-0.9.4/src/lib.rs --error-format=json --json=diagnostic-rendered-ansi,artifacts,future-incompat --crate-type lib --emit=dep-info,metadata,link -C opt-level=3 -C panic=abort -C codegen-units=4 -C debuginfo=line-tables-only --cfg 'feature="alloc"' --cfg 'feature="default"' --cfg 'feature="os_rng"' --cfg 'feature="small_rng"' --cfg 'feature="std"' --cfg 'feature="std_rng"' --cfg 'feature="thread_rng"' --check-cfg 'cfg(docsrs,test)' --check-cfg 'cfg(feature, values("alloc", "default", "log", "nightly", "os_rng", "serde", "simd_support", "small_rng", "std", "std_rng", "thread_rng", "unbiased"))' -C metadata=9e36bf8e7b5eb5ca -C extra-filename=-b027bbbe457d49d4 --out-dir /tmp/crossdb-turso-target/release/deps -L dependency=/tmp/crossdb-turso-target/release/deps --extern rand_chacha=/tmp/crossdb-turso-target/release/deps/librand_chacha-d7257837065711da.rmeta --extern rand_core=/tmp/crossdb-turso-target/release/deps/librand_core-54c9173ba2ce094f.rmeta --cap-lints allow -C target-cpu=native`
   Compiling strum v0.26.3
     Running `/home/opc/.rustup/toolchains/stable-aarch64-unknown-linux-gnu/bin/rustc --crate-name strum --edition=2018 /home/opc/.cargo/registry/src/index.crates.io-1949cf8c6b5b557f/strum-0.26.3/src/lib.rs --error-format=json --json=diagnostic-rendered-ansi,artifacts,future-incompat --crate-type lib --emit=dep-info,metadata,link -C opt-level=3 -C panic=abort -C codegen-units=4 -C debuginfo=line-tables-only --cfg 'feature="default"' --cfg 'feature="derive"' --cfg 'feature="std"' --cfg 'feature="strum_macros"' --check-cfg 'cfg(docsrs,test)' --check-cfg 'cfg(feature, values("default", "derive", "phf", "std", "strum_macros"))' -C metadata=ef4d071ff7611a42 -C extra-filename=-a59ecf6dda60022a --out-dir /tmp/crossdb-turso-target/release/deps -L dependency=/tmp/crossdb-turso-target/release/deps --extern strum_macros=/tmp/crossdb-turso-target/release/deps/libstrum_macros-368f8dd9bcce4cce.so --cap-lints allow -C target-cpu=native`
     Running `/home/opc/.rustup/toolchains/stable-aarch64-unknown-linux-gnu/bin/rustc --crate-name memoffset --edition=2015 /home/opc/.cargo/registry/src/index.crates.io-1949cf8c6b5b557f/memoffset-0.9.1/src/lib.rs --error-format=json --json=diagnostic-rendered-ansi,artifacts,future-incompat --crate-type lib --emit=dep-info,metadata,link -C opt-level=3 -C panic=abort -C codegen-units=4 -C debuginfo=line-tables-only --cfg 'feature="default"' --check-cfg 'cfg(docsrs,test)' --check-cfg 'cfg(feature, values("default", "unstable_const", "unstable_offset_of"))' -C metadata=f4c64e23b848a4d6 -C extra-filename=-97d3e31ef5d85e6a --out-dir /tmp/crossdb-turso-target/release/deps -L dependency=/tmp/crossdb-turso-target/release/deps --cap-lints allow -C target-cpu=native --cfg tuple_ty --cfg allow_clippy --cfg maybe_uninit --cfg doctests --cfg raw_ref_macros --cfg stable_const --cfg stable_offset_of`
   Compiling cexpr v0.6.0
     Running `/home/opc/.rustup/toolchains/stable-aarch64-unknown-linux-gnu/bin/rustc --crate-name cexpr --edition=2018 /home/opc/.cargo/registry/src/index.crates.io-1949cf8c6b5b557f/cexpr-0.6.0/src/lib.rs --error-format=json --json=diagnostic-rendered-ansi,artifacts,future-incompat --crate-type lib --emit=dep-info,metadata,link -C embed-bitcode=no -C debug-assertions=off --check-cfg 'cfg(docsrs,test)' --check-cfg 'cfg(feature, values())' -C metadata=85e69c139051e99d -C extra-filename=-d93f644511275225 --out-dir /tmp/crossdb-turso-target/release/deps -L dependency=/tmp/crossdb-turso-target/release/deps --extern nom=/tmp/crossdb-turso-target/release/deps/libnom-b223a1c723c54999.rmeta --cap-lints allow -C target-cpu=native`
     Running `/home/opc/.rustup/toolchains/stable-aarch64-unknown-linux-gnu/bin/rustc --crate-name icu_collator_data --edition=2021 /home/opc/.cargo/registry/src/index.crates.io-1949cf8c6b5b557f/icu_collator_data-2.2.0/src/lib.rs --error-format=json --json=diagnostic-rendered-ansi,artifacts,future-incompat --crate-type lib --emit=dep-info,metadata,link -C opt-level=3 -C panic=abort -C codegen-units=4 -C debuginfo=line-tables-only --warn=unexpected_cfgs --check-cfg 'cfg(icu4x_custom_data)' --check-cfg 'cfg(docsrs,test)' --check-cfg 'cfg(feature, values())' -C metadata=1042b6151585a458 -C extra-filename=-9734971044ad3d77 --out-dir /tmp/crossdb-turso-target/release/deps -L dependency=/tmp/crossdb-turso-target/release/deps --cap-lints allow -C target-cpu=native --check-cfg 'cfg(icu4c_enable_renaming)'`
   Compiling lru v0.16.4
     Running `/home/opc/.rustup/toolchains/stable-aarch64-unknown-linux-gnu/bin/rustc --crate-name lru --edition=2015 /home/opc/.cargo/registry/src/index.crates.io-1949cf8c6b5b557f/lru-0.16.4/src/lib.rs --error-format=json --json=diagnostic-rendered-ansi,artifacts,future-incompat --crate-type lib --emit=dep-info,metadata,link -C opt-level=3 -C panic=abort -C codegen-units=4 -C debuginfo=line-tables-only --cfg 'feature="default"' --cfg 'feature="hashbrown"' --check-cfg 'cfg(docsrs,test)' --check-cfg 'cfg(feature, values("default", "hashbrown", "nightly"))' -C metadata=2abf67f29dd5fe36 -C extra-filename=-704ac80b5c5c5c03 --out-dir /tmp/crossdb-turso-target/release/deps -L dependency=/tmp/crossdb-turso-target/release/deps --extern hashbrown=/tmp/crossdb-turso-target/release/deps/libhashbrown-715dc9bc436c4b33.rmeta --cap-lints allow -C target-cpu=native`
   Compiling ghash v0.5.1
     Running `/home/opc/.rustup/toolchains/stable-aarch64-unknown-linux-gnu/bin/rustc --crate-name ghash --edition=2021 /home/opc/.cargo/registry/src/index.crates.io-1949cf8c6b5b557f/ghash-0.5.1/src/lib.rs --error-format=json --json=diagnostic-rendered-ansi,artifacts,future-incompat --crate-type lib --emit=dep-info,metadata,link -C opt-level=3 -C panic=abort -C codegen-units=4 -C debuginfo=line-tables-only --check-cfg 'cfg(docsrs,test)' --check-cfg 'cfg(feature, values("std", "zeroize"))' -C metadata=2c09932e42816563 -C extra-filename=-8c5909c7ebc59bb1 --out-dir /tmp/crossdb-turso-target/release/deps -L dependency=/tmp/crossdb-turso-target/release/deps --extern opaque_debug=/tmp/crossdb-turso-target/release/deps/libopaque_debug-368a7607a1ad2c73.rmeta --extern polyval=/tmp/crossdb-turso-target/release/deps/libpolyval-4e95021adf77a4f5.rmeta --cap-lints allow -C target-cpu=native`
     Running `/home/opc/.rustup/toolchains/stable-aarch64-unknown-linux-gnu/bin/rustc --crate-name clang_sys --edition=2021 /home/opc/.cargo/registry/src/index.crates.io-1949cf8c6b5b557f/clang-sys-1.8.1/src/lib.rs --error-format=json --json=diagnostic-rendered-ansi,artifacts,future-incompat --crate-type lib --emit=dep-info,metadata,link -C embed-bitcode=no -C debug-assertions=off --cfg 'feature="clang_3_5"' --cfg 'feature="clang_3_6"' --cfg 'feature="clang_3_7"' --cfg 'feature="clang_3_8"' --cfg 'feature="clang_3_9"' --cfg 'feature="clang_4_0"' --cfg 'feature="clang_5_0"' --cfg 'feature="clang_6_0"' --cfg 'feature="libloading"' --cfg 'feature="runtime"' --check-cfg 'cfg(docsrs,test)' --check-cfg 'cfg(feature, values("clang_10_0", "clang_11_0", "clang_12_0", "clang_13_0", "clang_14_0", "clang_15_0", "clang_16_0", "clang_17_0", "clang_18_0", "clang_3_5", "clang_3_6", "clang_3_7", "clang_3_8", "clang_3_9", "clang_4_0", "clang_5_0", "clang_6_0", "clang_7_0", "clang_8_0", "clang_9_0", "libcpp", "libloading", "runtime", "static"))' -C metadata=9f4e7fe652d851e6 -C extra-filename=-17d28f057bf86c43 --out-dir /tmp/crossdb-turso-target/release/deps -L dependency=/tmp/crossdb-turso-target/release/deps --extern glob=/tmp/crossdb-turso-target/release/deps/libglob-466ed003741326ce.rmeta --extern libc=/tmp/crossdb-turso-target/release/deps/liblibc-589cd53c6ab72ee3.rmeta --extern libloading=/tmp/crossdb-turso-target/release/deps/liblibloading-3803b1fc141b4d9b.rmeta --cap-lints allow -C target-cpu=native`
     Running `/home/opc/.rustup/toolchains/stable-aarch64-unknown-linux-gnu/bin/rustc --crate-name parking_lot_core --edition=2021 /home/opc/.cargo/registry/src/index.crates.io-1949cf8c6b5b557f/parking_lot_core-0.9.11/src/lib.rs --error-format=json --json=diagnostic-rendered-ansi,artifacts,future-incompat --crate-type lib --emit=dep-info,metadata,link -C opt-level=3 -C panic=abort -C codegen-units=4 -C debuginfo=line-tables-only --check-cfg 'cfg(docsrs,test)' --check-cfg 'cfg(feature, values("backtrace", "deadlock_detection", "nightly", "petgraph", "thread-id"))' -C metadata=45ca42f998d51704 -C extra-filename=-9630d95fdb8a6908 --out-dir /tmp/crossdb-turso-target/release/deps -L dependency=/tmp/crossdb-turso-target/release/deps --extern cfg_if=/tmp/crossdb-turso-target/release/deps/libcfg_if-f71fb6b7fffc9a44.rmeta --extern libc=/tmp/crossdb-turso-target/release/deps/liblibc-9e79d656281227d1.rmeta --extern smallvec=/tmp/crossdb-turso-target/release/deps/libsmallvec-aa4f292241a651e6.rmeta --cap-lints allow -C target-cpu=native --check-cfg 'cfg(tsan_enabled)'`
   Compiling regex v1.12.2
     Running `/home/opc/.rustup/toolchains/stable-aarch64-unknown-linux-gnu/bin/rustc --crate-name regex --edition=2021 /home/opc/.cargo/registry/src/index.crates.io-1949cf8c6b5b557f/regex-1.12.2/src/lib.rs --error-format=json --json=diagnostic-rendered-ansi,artifacts,future-incompat --crate-type lib --emit=dep-info,metadata,link -C embed-bitcode=no --allow=unexpected_cfgs --check-cfg 'cfg(docsrs_regex)' -C debug-assertions=off --cfg 'feature="std"' --cfg 'feature="unicode-perl"' --check-cfg 'cfg(docsrs,test)' --check-cfg 'cfg(feature, values("default", "logging", "pattern", "perf", "perf-backtrack", "perf-cache", "perf-dfa", "perf-dfa-full", "perf-inline", "perf-literal", "perf-onepass", "std", "unicode", "unicode-age", "unicode-bool", "unicode-case", "unicode-gencat", "unicode-perl", "unicode-script", "unicode-segment", "unstable", "use_std"))' -C metadata=5488fa1c0c99a3dd -C extra-filename=-01cd6586782cc9c7 --out-dir /tmp/crossdb-turso-target/release/deps -L dependency=/tmp/crossdb-turso-target/release/deps --extern regex_automata=/tmp/crossdb-turso-target/release/deps/libregex_automata-d7d1f94f4356e211.rmeta --extern regex_syntax=/tmp/crossdb-turso-target/release/deps/libregex_syntax-6f775b114e23bcea.rmeta --cap-lints allow -C target-cpu=native`
     Running `/home/opc/.rustup/toolchains/stable-aarch64-unknown-linux-gnu/bin/rustc --crate-name getrandom --edition=2024 /home/opc/.cargo/registry/src/index.crates.io-1949cf8c6b5b557f/getrandom-0.4.2/src/lib.rs --error-format=json --json=diagnostic-rendered-ansi,artifacts,future-incompat --crate-type lib --emit=dep-info,metadata,link -C opt-level=3 -C panic=abort -C codegen-units=4 -C debuginfo=line-tables-only '--warn=clippy::useless_conversion' --warn=unused_lifetimes '--warn=clippy::unnecessary_cast' --warn=unexpected_cfgs '--warn=clippy::ptr_as_ptr' --warn=missing_docs '--warn=clippy::fn_to_numeric_cast_with_truncation' '--warn=clippy::fn_to_numeric_cast' '--warn=clippy::checked_conversions' '--warn=clippy::char_lit_as_u8' '--warn=clippy::cast_sign_loss' '--warn=clippy::cast_ptr_alignment' '--warn=clippy::cast_precision_loss' '--warn=clippy::cast_possible_wrap' '--warn=clippy::cast_possible_truncation' '--warn=clippy::cast_lossless' --check-cfg 'cfg(getrandom_backend, values("custom", "efi_rng", "rdrand", "rndr", "linux_getrandom", "linux_raw", "windows_legacy", "unsupported", "extern_impl"))' --check-cfg 'cfg(getrandom_msan)' --check-cfg 'cfg(getrandom_test_linux_fallback)' --check-cfg 'cfg(getrandom_test_linux_without_fallback)' --check-cfg 'cfg(getrandom_test_netbsd_fallback)' --check-cfg 'cfg(target_os, values("cygwin"))' --check-cfg 'cfg(target_os, values("motor"))' --check-cfg 'cfg(docsrs,test)' --check-cfg 'cfg(feature, values("std", "sys_rng", "wasm_js"))' -C metadata=57eefc6c08d2afdb -C extra-filename=-065683af73d76ce4 --out-dir /tmp/crossdb-turso-target/release/deps -L dependency=/tmp/crossdb-turso-target/release/deps --extern cfg_if=/tmp/crossdb-turso-target/release/deps/libcfg_if-f71fb6b7fffc9a44.rmeta --extern libc=/tmp/crossdb-turso-target/release/deps/liblibc-9e79d656281227d1.rmeta --cap-lints allow -C target-cpu=native`
   Compiling ctr v0.9.2
     Running `/home/opc/.rustup/toolchains/stable-aarch64-unknown-linux-gnu/bin/rustc --crate-name ctr --edition=2021 /home/opc/.cargo/registry/src/index.crates.io-1949cf8c6b5b557f/ctr-0.9.2/src/lib.rs --error-format=json --json=diagnostic-rendered-ansi,artifacts,future-incompat --crate-type lib --emit=dep-info,metadata,link -C opt-level=3 -C panic=abort -C codegen-units=4 -C debuginfo=line-tables-only --check-cfg 'cfg(docsrs,test)' --check-cfg 'cfg(feature, values("alloc", "block-padding", "std", "zeroize"))' -C metadata=ba810dd75f658c11 -C extra-filename=-2cae3c0150ed5c00 --out-dir /tmp/crossdb-turso-target/release/deps -L dependency=/tmp/crossdb-turso-target/release/deps --extern cipher=/tmp/crossdb-turso-target/release/deps/libcipher-b9bfa2dbf78dded8.rmeta --cap-lints allow -C target-cpu=native`
   Compiling aes v0.8.4
     Running `/home/opc/.rustup/toolchains/stable-aarch64-unknown-linux-gnu/bin/rustc --crate-name aes --edition=2021 /home/opc/.cargo/registry/src/index.crates.io-1949cf8c6b5b557f/aes-0.8.4/src/lib.rs --error-format=json --json=diagnostic-rendered-ansi,artifacts,future-incompat --crate-type lib --emit=dep-info,metadata,link -C opt-level=3 -C panic=abort -C codegen-units=4 -C debuginfo=line-tables-only --check-cfg 'cfg(docsrs,test)' --check-cfg 'cfg(feature, values("hazmat", "zeroize"))' -C metadata=846691d12ef0ab98 -C extra-filename=-00edc71867c5c4bd --out-dir /tmp/crossdb-turso-target/release/deps -L dependency=/tmp/crossdb-turso-target/release/deps --extern cfg_if=/tmp/crossdb-turso-target/release/deps/libcfg_if-f71fb6b7fffc9a44.rmeta --extern cipher=/tmp/crossdb-turso-target/release/deps/libcipher-b9bfa2dbf78dded8.rmeta --extern cpufeatures=/tmp/crossdb-turso-target/release/deps/libcpufeatures-00b1731f0d81eae8.rmeta --cap-lints allow -C target-cpu=native`
   Compiling fs4 v0.13.1
     Running `/home/opc/.rustup/toolchains/stable-aarch64-unknown-linux-gnu/bin/rustc --crate-name fs4 --edition=2021 /home/opc/.cargo/registry/src/index.crates.io-1949cf8c6b5b557f/fs4-0.13.1/src/lib.rs --error-format=json --json=diagnostic-rendered-ansi,artifacts,future-incompat --crate-type lib --emit=dep-info,metadata,link -C opt-level=3 -C panic=abort -C codegen-units=4 -C debuginfo=line-tables-only --cfg 'feature="default"' --cfg 'feature="sync"' --check-cfg 'cfg(docsrs,test)' --check-cfg 'cfg(feature, values("async-std", "default", "fs-err2", "fs-err2-tokio", "fs-err3", "fs-err3-tokio", "smol", "sync", "tokio"))' -C metadata=b6ea56267664619b -C extra-filename=-a91f7fa9ea0fe6d8 --out-dir /tmp/crossdb-turso-target/release/deps -L dependency=/tmp/crossdb-turso-target/release/deps --extern rustix=/tmp/crossdb-turso-target/release/deps/librustix-305e4b922d1feba2.rmeta --cap-lints allow -C target-cpu=native`
   Compiling icu_properties v2.2.0
     Running `/home/opc/.rustup/toolchains/stable-aarch64-unknown-linux-gnu/bin/rustc --crate-name icu_properties --edition=2021 /home/opc/.cargo/registry/src/index.crates.io-1949cf8c6b5b557f/icu_properties-2.2.0/src/lib.rs --error-format=json --json=diagnostic-rendered-ansi,artifacts,future-incompat --crate-type lib --emit=dep-info,metadata,link -C opt-level=3 -C panic=abort -C codegen-units=4 -C debuginfo=line-tables-only '--warn=clippy::wildcard_dependencies' '--warn=clippy::useless_transmute' --warn=unused_qualifications --warn=unused_macro_rules --warn=unused_lifetimes '--warn=clippy::unnecessary-wraps' --warn=unexpected_cfgs '--deny=clippy::trivially_copy_pass_by_ref' --deny=trivial_numeric_casts '--warn=clippy::transmutes_expressible_as_ptr_casts' '--warn=clippy::transmute_undefined_repr' '--warn=clippy::transmute_ptr_to_ref' '--warn=clippy::transmute_ptr_to_ptr' '--warn=clippy::transmute_int_to_non_zero' '--warn=clippy::transmute_int_to_bool' '--warn=clippy::transmute_bytes_to_str' '--warn=clippy::todo' '--warn=clippy::same_functions_in_if_condition' '--warn=clippy::or-fun-call' '--warn=clippy::negative_feature_names' '--warn=clippy::missing_transmute_annotations' '--warn=clippy::missing_fields_in_debug' --deny=missing_debug_implementations '--warn=clippy::mismatching_type_param_order' '--warn=clippy::large_stack_arrays' '--warn=clippy::infinite_loop' '--warn=clippy::fn_to_numeric_cast_any' '--deny=clippy::exhaustive_structs' '--deny=clippy::exhaustive_enums' '--warn=clippy::doc_markdown' '--warn=clippy::debug_assert_with_mut_call' '--warn=clippy::dbg_macro' '--warn=clippy::crosspointer_transmute' '--warn=clippy::collection_is_never_read' '--warn=clippy::branches-sharing-code' '--warn=clippy::alloc-instead-of-core' --check-cfg 'cfg(icu4c_enable_renaming)' --check-cfg 'cfg(needs_alloc_error_handler)' --check-cfg 'cfg(icu4x_run_size_tests)' --check-cfg 'cfg(icu4x_unstable_fast_trie_only)' --check-cfg 'cfg(docsrs,test)' --check-cfg 'cfg(feature, values("alloc", "compiled_data", "datagen", "default", "harfbuzz_traits", "serde", "unicode_bidi"))' -C metadata=b5e7ccc67bfd1992 -C extra-filename=-3c377e19c2ea9391 --out-dir /tmp/crossdb-turso-target/release/deps -L dependency=/tmp/crossdb-turso-target/release/deps --extern icu_collections=/tmp/crossdb-turso-target/release/deps/libicu_collections-dbdbd877cb39fe9b.rmeta --extern icu_locale_core=/tmp/crossdb-turso-target/release/deps/libicu_locale_core-25ac043f5b3df263.rmeta --extern icu_provider=/tmp/crossdb-turso-target/release/deps/libicu_provider-4d98a251e1d4b7d4.rmeta --extern zerotrie=/tmp/crossdb-turso-target/release/deps/libzerotrie-4758efb01e742cc7.rmeta --extern zerovec=/tmp/crossdb-turso-target/release/deps/libzerovec-1b6f2ce8fecf604a.rmeta --cap-lints allow -C target-cpu=native`
     Running `/home/opc/.rustup/toolchains/stable-aarch64-unknown-linux-gnu/bin/rustc --crate-name regex --edition=2021 /home/opc/.cargo/registry/src/index.crates.io-1949cf8c6b5b557f/regex-1.12.2/src/lib.rs --error-format=json --json=diagnostic-rendered-ansi,artifacts,future-incompat --crate-type lib --emit=dep-info,metadata,link -C opt-level=3 -C panic=abort -C codegen-units=4 -C debuginfo=line-tables-only --allow=unexpected_cfgs --check-cfg 'cfg(docsrs_regex)' --cfg 'feature="default"' --cfg 'feature="perf"' --cfg 'feature="perf-backtrack"' --cfg 'feature="perf-cache"' --cfg 'feature="perf-dfa"' --cfg 'feature="perf-inline"' --cfg 'feature="perf-literal"' --cfg 'feature="perf-onepass"' --cfg 'feature="std"' --cfg 'feature="unicode"' --cfg 'feature="unicode-age"' --cfg 'feature="unicode-bool"' --cfg 'feature="unicode-case"' --cfg 'feature="unicode-gencat"' --cfg 'feature="unicode-perl"' --cfg 'feature="unicode-script"' --cfg 'feature="unicode-segment"' --check-cfg 'cfg(docsrs,test)' --check-cfg 'cfg(feature, values("default", "logging", "pattern", "perf", "perf-backtrack", "perf-cache", "perf-dfa", "perf-dfa-full", "perf-inline", "perf-literal", "perf-onepass", "std", "unicode", "unicode-age", "unicode-bool", "unicode-case", "unicode-gencat", "unicode-perl", "unicode-script", "unicode-segment", "unstable", "use_std"))' -C metadata=e8c7ecd2500cc795 -C extra-filename=-d4ac5ec4b5bcaf76 --out-dir /tmp/crossdb-turso-target/release/deps -L dependency=/tmp/crossdb-turso-target/release/deps --extern aho_corasick=/tmp/crossdb-turso-target/release/deps/libaho_corasick-bdced3c7627abf4e.rmeta --extern memchr=/tmp/crossdb-turso-target/release/deps/libmemchr-73a5922a5a6589ea.rmeta --extern regex_automata=/tmp/crossdb-turso-target/release/deps/libregex_automata-76cb29c94fc95ac2.rmeta --extern regex_syntax=/tmp/crossdb-turso-target/release/deps/libregex_syntax-a846623b54585926.rmeta --cap-lints allow -C target-cpu=native`
   Compiling itertools v0.10.5
     Running `/home/opc/.rustup/toolchains/stable-aarch64-unknown-linux-gnu/bin/rustc --crate-name itertools --edition=2018 /home/opc/.cargo/registry/src/index.crates.io-1949cf8c6b5b557f/itertools-0.10.5/src/lib.rs --error-format=json --json=diagnostic-rendered-ansi,artifacts,future-incompat --crate-type lib --emit=dep-info,metadata,link -C embed-bitcode=no -C debug-assertions=off --check-cfg 'cfg(docsrs,test)' --check-cfg 'cfg(feature, values("default", "use_alloc", "use_std"))' -C metadata=0c3591c02f797d3f -C extra-filename=-69dc6239577f6221 --out-dir /tmp/crossdb-turso-target/release/deps -L dependency=/tmp/crossdb-turso-target/release/deps --extern either=/tmp/crossdb-turso-target/release/deps/libeither-ce399df9530737d3.rmeta --cap-lints allow -C target-cpu=native`
   Compiling measure_time v0.9.0
     Running `/home/opc/.rustup/toolchains/stable-aarch64-unknown-linux-gnu/bin/rustc --crate-name measure_time --edition=2021 /home/opc/.cargo/registry/src/index.crates.io-1949cf8c6b5b557f/measure_time-0.9.0/src/lib.rs --error-format=json --json=diagnostic-rendered-ansi,artifacts,future-incompat --crate-type lib --emit=dep-info,metadata,link -C opt-level=3 -C panic=abort -C codegen-units=4 -C debuginfo=line-tables-only --check-cfg 'cfg(docsrs,test)' --check-cfg 'cfg(feature, values())' -C metadata=36a7b59d90fba1a8 -C extra-filename=-6cba777d71443c2c --out-dir /tmp/crossdb-turso-target/release/deps -L dependency=/tmp/crossdb-turso-target/release/deps --extern log=/tmp/crossdb-turso-target/release/deps/liblog-169bd1157f94eda1.rmeta --cap-lints allow -C target-cpu=native`
   Compiling aead v0.5.2
     Running `/home/opc/.rustup/toolchains/stable-aarch64-unknown-linux-gnu/bin/rustc --crate-name aead --edition=2021 /home/opc/.cargo/registry/src/index.crates.io-1949cf8c6b5b557f/aead-0.5.2/src/lib.rs --error-format=json --json=diagnostic-rendered-ansi,artifacts,future-incompat --crate-type lib --emit=dep-info,metadata,link -C opt-level=3 -C panic=abort -C codegen-units=4 -C debuginfo=line-tables-only --cfg 'feature="alloc"' --cfg 'feature="getrandom"' --cfg 'feature="rand_core"' --check-cfg 'cfg(docsrs,test)' --check-cfg 'cfg(feature, values("alloc", "arrayvec", "blobby", "bytes", "default", "dev", "getrandom", "heapless", "rand_core", "std", "stream"))' -C metadata=afbc7b9734391704 -C extra-filename=-bbb5fa19171cfa52 --out-dir /tmp/crossdb-turso-target/release/deps -L dependency=/tmp/crossdb-turso-target/release/deps --extern crypto_common=/tmp/crossdb-turso-target/release/deps/libcrypto_common-957d27d2cec6a8fa.rmeta --extern generic_array=/tmp/crossdb-turso-target/release/deps/libgeneric_array-822ba8a117379cb1.rmeta --cap-lints allow -C target-cpu=native`
   Compiling tantivy-tokenizer-api v0.7.0
     Running `/home/opc/.rustup/toolchains/stable-aarch64-unknown-linux-gnu/bin/rustc --crate-name tantivy_tokenizer_api --edition=2021 /home/opc/.cargo/registry/src/index.crates.io-1949cf8c6b5b557f/tantivy-tokenizer-api-0.7.0/src/lib.rs --error-format=json --json=diagnostic-rendered-ansi,artifacts,future-incompat --crate-type lib --emit=dep-info,metadata,link -C opt-level=3 -C panic=abort -C codegen-units=4 -C debuginfo=line-tables-only --check-cfg 'cfg(docsrs,test)' --check-cfg 'cfg(feature, values())' -C metadata=e6391747bc8fef90 -C extra-filename=-8d121120d9783eb7 --out-dir /tmp/crossdb-turso-target/release/deps -L dependency=/tmp/crossdb-turso-target/release/deps --extern serde=/tmp/crossdb-turso-target/release/deps/libserde-a35f3fcb983465f3.rmeta --cap-lints allow -C target-cpu=native`
   Compiling rust-stemmers v1.2.0
     Running `/home/opc/.rustup/toolchains/stable-aarch64-unknown-linux-gnu/bin/rustc --crate-name rust_stemmers --edition=2015 /home/opc/.cargo/registry/src/index.crates.io-1949cf8c6b5b557f/rust-stemmers-1.2.0/src/lib.rs --error-format=json --json=diagnostic-rendered-ansi,artifacts,future-incompat --crate-type lib --emit=dep-info,metadata,link -C opt-level=3 -C panic=abort -C codegen-units=4 -C debuginfo=line-tables-only --check-cfg 'cfg(docsrs,test)' --check-cfg 'cfg(feature, values())' -C metadata=c80f1f68b851ef48 -C extra-filename=-970fc77f92e6c493 --out-dir /tmp/crossdb-turso-target/release/deps -L dependency=/tmp/crossdb-turso-target/release/deps --extern serde=/tmp/crossdb-turso-target/release/deps/libserde-a35f3fcb983465f3.rmeta --extern serde_derive=/tmp/crossdb-turso-target/release/deps/libserde_derive-a6135c8d4fdc7571.so --cap-lints allow -C target-cpu=native`
   Compiling sketches-ddsketch v0.4.0
     Running `/home/opc/.rustup/toolchains/stable-aarch64-unknown-linux-gnu/bin/rustc --crate-name sketches_ddsketch --edition=2018 /home/opc/.cargo/registry/src/index.crates.io-1949cf8c6b5b557f/sketches-ddsketch-0.4.0/src/lib.rs --error-format=json --json=diagnostic-rendered-ansi,artifacts,future-incompat --crate-type lib --emit=dep-info,metadata,link -C opt-level=3 -C panic=abort -C codegen-units=4 -C debuginfo=line-tables-only --cfg 'feature="serde"' --cfg 'feature="use_serde"' --check-cfg 'cfg(docsrs,test)' --check-cfg 'cfg(feature, values("serde", "use_serde"))' -C metadata=1b9e082f34bc11e1 -C extra-filename=-3e83357aae554d7c --out-dir /tmp/crossdb-turso-target/release/deps -L dependency=/tmp/crossdb-turso-target/release/deps --extern serde=/tmp/crossdb-turso-target/release/deps/libserde-a35f3fcb983465f3.rmeta --cap-lints allow -C target-cpu=native`
   Compiling aristo-macros v0.4.1
     Running `/home/opc/.rustup/toolchains/stable-aarch64-unknown-linux-gnu/bin/rustc --crate-name aristo_macros --edition=2021 /home/opc/.cargo/registry/src/index.crates.io-1949cf8c6b5b557f/aristo-macros-0.4.1/src/lib.rs --error-format=json --json=diagnostic-rendered-ansi,artifacts,future-incompat --crate-type proc-macro --emit=dep-info,link -C prefer-dynamic -C embed-bitcode=no '--deny=clippy::all' --forbid=unsafe_code -C debug-assertions=off --cfg 'feature="aristo_check"' --check-cfg 'cfg(docsrs,test)' --check-cfg 'cfg(feature, values("aristo_check", "aristo_doc", "aristo_instrument", "default"))' -C metadata=a38a9fa57ec816e1 -C extra-filename=-75749373dcb1c441 --out-dir /tmp/crossdb-turso-target/release/deps -L dependency=/tmp/crossdb-turso-target/release/deps --extern proc_macro2=/tmp/crossdb-turso-target/release/deps/libproc_macro2-161db97f1758d90e.rlib --extern quote=/tmp/crossdb-turso-target/release/deps/libquote-5c3f7e33372cef0a.rlib --extern syn=/tmp/crossdb-turso-target/release/deps/libsyn-73b8e456b142f972.rlib --extern proc_macro --cap-lints allow -C target-cpu=native`
   Compiling memmap2 v0.9.5
     Running `/home/opc/.rustup/toolchains/stable-aarch64-unknown-linux-gnu/bin/rustc --crate-name memmap2 --edition=2018 /home/opc/.cargo/registry/src/index.crates.io-1949cf8c6b5b557f/memmap2-0.9.5/src/lib.rs --error-format=json --json=diagnostic-rendered-ansi,artifacts,future-incompat --crate-type lib --emit=dep-info,metadata,link -C opt-level=3 -C panic=abort -C codegen-units=4 -C debuginfo=line-tables-only --check-cfg 'cfg(docsrs,test)' --check-cfg 'cfg(feature, values("stable_deref_trait"))' -C metadata=2135bdc8ad050633 -C extra-filename=-7e1ab3e164f980df --out-dir /tmp/crossdb-turso-target/release/deps -L dependency=/tmp/crossdb-turso-target/release/deps --extern libc=/tmp/crossdb-turso-target/release/deps/liblibc-9e79d656281227d1.rmeta --cap-lints allow -C target-cpu=native`
   Compiling crc32fast v1.4.2
     Running `/home/opc/.rustup/toolchains/stable-aarch64-unknown-linux-gnu/bin/rustc --crate-name crc32fast --edition=2015 /home/opc/.cargo/registry/src/index.crates.io-1949cf8c6b5b557f/crc32fast-1.4.2/src/lib.rs --error-format=json --json=diagnostic-rendered-ansi,artifacts,future-incompat --crate-type lib --emit=dep-info,metadata,link -C opt-level=3 -C panic=abort -C codegen-units=4 -C debuginfo=line-tables-only --cfg 'feature="default"' --cfg 'feature="std"' --check-cfg 'cfg(docsrs,test)' --check-cfg 'cfg(feature, values("default", "nightly", "std"))' -C metadata=12d58efc3a67c859 -C extra-filename=-5145510b9e2a6b29 --out-dir /tmp/crossdb-turso-target/release/deps -L dependency=/tmp/crossdb-turso-target/release/deps --extern cfg_if=/tmp/crossdb-turso-target/release/deps/libcfg_if-f71fb6b7fffc9a44.rmeta --cap-lints allow -C target-cpu=native`
   Compiling lz4_flex v0.13.0
     Running `/home/opc/.rustup/toolchains/stable-aarch64-unknown-linux-gnu/bin/rustc --crate-name lz4_flex --edition=2021 /home/opc/.cargo/registry/src/index.crates.io-1949cf8c6b5b557f/lz4_flex-0.13.0/src/lib.rs --error-format=json --json=diagnostic-rendered-ansi,artifacts,future-incompat --crate-type lib --emit=dep-info,metadata,link -C opt-level=3 -C panic=abort -C codegen-units=4 -C debuginfo=line-tables-only --check-cfg 'cfg(docsrs,test)' --check-cfg 'cfg(feature, values("checked-decode", "default", "frame", "nightly", "safe-decode", "safe-encode", "std"))' -C metadata=17683f2571176d57 -C extra-filename=-b30527cf8cc12f67 --out-dir /tmp/crossdb-turso-target/release/deps -L dependency=/tmp/crossdb-turso-target/release/deps --cap-lints allow -C target-cpu=native`
   Compiling oneshot v0.1.13
     Running `/home/opc/.rustup/toolchains/stable-aarch64-unknown-linux-gnu/bin/rustc --crate-name oneshot --edition=2021 /home/opc/.cargo/registry/src/index.crates.io-1949cf8c6b5b557f/oneshot-0.1.13/src/lib.rs --error-format=json --json=diagnostic-rendered-ansi,artifacts,future-incompat --crate-type lib --emit=dep-info,metadata,link -C opt-level=3 -C panic=abort -C codegen-units=4 -C debuginfo=line-tables-only --deny=unexpected_cfgs --check-cfg 'cfg(oneshot_loom)' --check-cfg 'cfg(oneshot_test_delay)' --check-cfg 'cfg(criterion)' --cfg 'feature="async"' --cfg 'feature="default"' --cfg 'feature="std"' --check-cfg 'cfg(docsrs,test)' --check-cfg 'cfg(feature, values("async", "default", "loom", "std"))' -C metadata=2085a981506c9f51 -C extra-filename=-a043ceb2118c0478 --out-dir /tmp/crossdb-turso-target/release/deps -L dependency=/tmp/crossdb-turso-target/release/deps --cap-lints allow -C target-cpu=native`
   Compiling thiserror v1.0.69
     Running `/home/opc/.rustup/toolchains/stable-aarch64-unknown-linux-gnu/bin/rustc --crate-name build_script_build --edition=2021 /home/opc/.cargo/registry/src/index.crates.io-1949cf8c6b5b557f/thiserror-1.0.69/build.rs --error-format=json --json=diagnostic-rendered-ansi,artifacts,future-incompat --crate-type bin --emit=dep-info,link -C embed-bitcode=no -C debug-assertions=off --check-cfg 'cfg(docsrs,test)' --check-cfg 'cfg(feature, values())' -C metadata=e1afe7089da0c558 -C extra-filename=-798edbcd5425555d --out-dir /tmp/crossdb-turso-target/release/build/thiserror-798edbcd5425555d -L dependency=/tmp/crossdb-turso-target/release/deps --cap-lints allow -C target-cpu=native`
     Running `/home/opc/.rustup/toolchains/stable-aarch64-unknown-linux-gnu/bin/rustc --crate-name lazy_static --edition=2015 /home/opc/.cargo/registry/src/index.crates.io-1949cf8c6b5b557f/lazy_static-1.5.0/src/lib.rs --error-format=json --json=diagnostic-rendered-ansi,artifacts,future-incompat --crate-type lib --emit=dep-info,metadata,link -C embed-bitcode=no -C debug-assertions=off --check-cfg 'cfg(docsrs,test)' --check-cfg 'cfg(feature, values("spin", "spin_no_std"))' -C metadata=a7be34123d0b6d64 -C extra-filename=-6b56d919c6722abc --out-dir /tmp/crossdb-turso-target/release/deps -L dependency=/tmp/crossdb-turso-target/release/deps --cap-lints allow -C target-cpu=native`
   Compiling arc-swap v1.7.1
     Running `/home/opc/.rustup/toolchains/stable-aarch64-unknown-linux-gnu/bin/rustc --crate-name arc_swap --edition=2018 /home/opc/.cargo/registry/src/index.crates.io-1949cf8c6b5b557f/arc-swap-1.7.1/src/lib.rs --error-format=json --json=diagnostic-rendered-ansi,artifacts,future-incompat --crate-type lib --emit=dep-info,metadata,link -C opt-level=3 -C panic=abort -C codegen-units=4 -C debuginfo=line-tables-only --check-cfg 'cfg(docsrs,test)' --check-cfg 'cfg(feature, values("experimental-strategies", "experimental-thread-local", "internal-test-strategies", "serde", "weak"))' -C metadata=13261d48336c7985 -C extra-filename=-35355341ee395220 --out-dir /tmp/crossdb-turso-target/release/deps -L dependency=/tmp/crossdb-turso-target/release/deps --cap-lints allow -C target-cpu=native`
   Compiling softaes v0.1.3
     Running `/home/opc/.rustup/toolchains/stable-aarch64-unknown-linux-gnu/bin/rustc --crate-name softaes --edition=2021 /home/opc/.cargo/registry/src/index.crates.io-1949cf8c6b5b557f/softaes-0.1.3/src/lib.rs --error-format=json --json=diagnostic-rendered-ansi,artifacts,future-incompat --crate-type lib --emit=dep-info,metadata,link -C opt-level=3 -C panic=abort -C codegen-units=4 -C debuginfo=line-tables-only --check-cfg 'cfg(docsrs,test)' --check-cfg 'cfg(feature, values())' -C metadata=b120c57efade431e -C extra-filename=-0c766d480eee54f9 --out-dir /tmp/crossdb-turso-target/release/deps -L dependency=/tmp/crossdb-turso-target/release/deps --cap-lints allow -C target-cpu=native`
   Compiling datasketches v0.2.0
     Running `/home/opc/.rustup/toolchains/stable-aarch64-unknown-linux-gnu/bin/rustc --crate-name datasketches --edition=2024 /home/opc/.cargo/registry/src/index.crates.io-1949cf8c6b5b557f/datasketches-0.2.0/src/lib.rs --error-format=json --json=diagnostic-rendered-ansi,artifacts,future-incompat --crate-type lib --emit=dep-info,metadata,link -C opt-level=3 -C panic=abort -C codegen-units=4 -C debuginfo=line-tables-only --deny=unused_must_use --deny=unsafe_code --deny=unknown_lints '--allow=clippy::too_many_arguments' '--deny=clippy::dbg_macro' --check-cfg 'cfg(docsrs,test)' --check-cfg 'cfg(feature, values())' -C metadata=2ca4f65d316adfff -C extra-filename=-8ded0f48c28fa6bc --out-dir /tmp/crossdb-turso-target/release/deps -L dependency=/tmp/crossdb-turso-target/release/deps --cap-lints allow -C target-cpu=native`
   Compiling siphasher v1.0.1
     Running `/home/opc/.rustup/toolchains/stable-aarch64-unknown-linux-gnu/bin/rustc --crate-name siphasher --edition=2018 /home/opc/.cargo/registry/src/index.crates.io-1949cf8c6b5b557f/siphasher-1.0.1/src/lib.rs --error-format=json --json=diagnostic-rendered-ansi,artifacts,future-incompat --crate-type lib --emit=dep-info,metadata,link -C opt-level=3 -C panic=abort -C codegen-units=4 -C debuginfo=line-tables-only --cfg 'feature="default"' --cfg 'feature="std"' --check-cfg 'cfg(docsrs,test)' --check-cfg 'cfg(feature, values("default", "serde", "serde_json", "serde_no_std", "serde_std", "std"))' -C metadata=64757b9478a7a8c2 -C extra-filename=-ac55033516dfa719 --out-dir /tmp/crossdb-turso-target/release/deps -L dependency=/tmp/crossdb-turso-target/release/deps --cap-lints allow -C target-cpu=native`
   Compiling rustc-hash v2.1.1
     Running `/home/opc/.rustup/toolchains/stable-aarch64-unknown-linux-gnu/bin/rustc --crate-name rustc_hash --edition=2021 /home/opc/.cargo/registry/src/index.crates.io-1949cf8c6b5b557f/rustc-hash-2.1.1/src/lib.rs --error-format=json --json=diagnostic-rendered-ansi,artifacts,future-incompat --crate-type lib --emit=dep-info,metadata,link -C opt-level=3 -C panic=abort -C codegen-units=4 -C debuginfo=line-tables-only --cfg 'feature="default"' --cfg 'feature="std"' --check-cfg 'cfg(docsrs,test)' --check-cfg 'cfg(feature, values("default", "nightly", "rand", "std"))' -C metadata=6f9714d40b236294 -C extra-filename=-74b00996a13346ef --out-dir /tmp/crossdb-turso-target/release/deps -L dependency=/tmp/crossdb-turso-target/release/deps --cap-lints allow -C target-cpu=native`
     Running `/home/opc/.rustup/toolchains/stable-aarch64-unknown-linux-gnu/bin/rustc --crate-name log --edition=2021 /home/opc/.cargo/registry/src/index.crates.io-1949cf8c6b5b557f/log-0.4.27/src/lib.rs --error-format=json --json=diagnostic-rendered-ansi,artifacts,future-incompat --crate-type lib --emit=dep-info,metadata,link -C embed-bitcode=no -C debug-assertions=off --check-cfg 'cfg(docsrs,test)' --check-cfg 'cfg(feature, values("kv", "kv_serde", "kv_std", "kv_sval", "kv_unstable", "kv_unstable_serde", "kv_unstable_std", "kv_unstable_sval", "max_level_debug", "max_level_error", "max_level_info", "max_level_off", "max_level_trace", "max_level_warn", "release_max_level_debug", "release_max_level_error", "release_max_level_info", "release_max_level_off", "release_max_level_trace", "release_max_level_warn", "serde", "std", "sval", "sval_ref", "value-bag"))' -C metadata=8428d13b7231b6f8 -C extra-filename=-7dfe77261b3128bb --out-dir /tmp/crossdb-turso-target/release/deps -L dependency=/tmp/crossdb-turso-target/release/deps --cap-lints allow -C target-cpu=native`
   Compiling levenshtein_automata v0.2.1
     Running `/home/opc/.rustup/toolchains/stable-aarch64-unknown-linux-gnu/bin/rustc --crate-name levenshtein_automata --edition=2018 /home/opc/.cargo/registry/src/index.crates.io-1949cf8c6b5b557f/levenshtein_automata-0.2.1/src/lib.rs --error-format=json --json=diagnostic-rendered-ansi,artifacts,future-incompat --crate-type lib --emit=dep-info,metadata,link -C opt-level=3 -C panic=abort -C codegen-units=4 -C debuginfo=line-tables-only --check-cfg 'cfg(docsrs,test)' --check-cfg 'cfg(feature, values("fst", "fst_automaton"))' -C metadata=e0e19ccca5cd852a -C extra-filename=-c76282e1dc552ef6 --out-dir /tmp/crossdb-turso-target/release/deps -L dependency=/tmp/crossdb-turso-target/release/deps --cap-lints allow -C target-cpu=native`
   Compiling htmlescape v0.3.1
     Running `/home/opc/.rustup/toolchains/stable-aarch64-unknown-linux-gnu/bin/rustc --crate-name htmlescape --edition=2015 /home/opc/.cargo/registry/src/index.crates.io-1949cf8c6b5b557f/htmlescape-0.3.1/src/lib.rs --error-format=json --json=diagnostic-rendered-ansi,artifacts,future-incompat --crate-type lib --emit=dep-info,metadata,link -C opt-level=3 -C panic=abort -C codegen-units=4 -C debuginfo=line-tables-only --check-cfg 'cfg(docsrs,test)' --check-cfg 'cfg(feature, values())' -C metadata=31a62016b76fc265 -C extra-filename=-49b4c9feb629d4ca --out-dir /tmp/crossdb-turso-target/release/deps -L dependency=/tmp/crossdb-turso-target/release/deps --cap-lints allow -C target-cpu=native`
   Compiling lazycell v1.3.0
     Running `/home/opc/.rustup/toolchains/stable-aarch64-unknown-linux-gnu/bin/rustc --crate-name lazycell --edition=2015 /home/opc/.cargo/registry/src/index.crates.io-1949cf8c6b5b557f/lazycell-1.3.0/src/lib.rs --error-format=json --json=diagnostic-rendered-ansi,artifacts,future-incompat --crate-type lib --emit=dep-info,metadata,link -C embed-bitcode=no -C debug-assertions=off --check-cfg 'cfg(docsrs,test)' --check-cfg 'cfg(feature, values("clippy", "nightly", "nightly-testing", "serde"))' -C metadata=bf01625b3c2632f8 -C extra-filename=-b727967076f51aad --out-dir /tmp/crossdb-turso-target/release/deps -L dependency=/tmp/crossdb-turso-target/release/deps --cap-lints allow -C target-cpu=native`
   Compiling census v0.4.2
     Running `/home/opc/.rustup/toolchains/stable-aarch64-unknown-linux-gnu/bin/rustc --crate-name census --edition=2015 /home/opc/.cargo/registry/src/index.crates.io-1949cf8c6b5b557f/census-0.4.2/src/lib.rs --error-format=json --json=diagnostic-rendered-ansi,artifacts,future-incompat --crate-type lib --emit=dep-info,metadata,link -C opt-level=3 -C panic=abort -C codegen-units=4 -C debuginfo=line-tables-only --check-cfg 'cfg(docsrs,test)' --check-cfg 'cfg(feature, values())' -C metadata=0464d2ec75c7db4b -C extra-filename=-15b73f47a3dae8a7 --out-dir /tmp/crossdb-turso-target/release/deps -L dependency=/tmp/crossdb-turso-target/release/deps --cap-lints allow -C target-cpu=native`
   Compiling base64 v0.22.1
     Running `/home/opc/.rustup/toolchains/stable-aarch64-unknown-linux-gnu/bin/rustc --crate-name base64 --edition=2018 /home/opc/.cargo/registry/src/index.crates.io-1949cf8c6b5b557f/base64-0.22.1/src/lib.rs --error-format=json --json=diagnostic-rendered-ansi,artifacts,future-incompat --crate-type lib --emit=dep-info,metadata,link -C opt-level=3 -C panic=abort -C codegen-units=4 -C debuginfo=line-tables-only --cfg 'feature="alloc"' --cfg 'feature="default"' --cfg 'feature="std"' --check-cfg 'cfg(docsrs,test)' --check-cfg 'cfg(feature, values("alloc", "default", "std"))' -C metadata=5c55073e30be2aad -C extra-filename=-dc83a2b0458e4c00 --out-dir /tmp/crossdb-turso-target/release/deps -L dependency=/tmp/crossdb-turso-target/release/deps --cap-lints allow -C target-cpu=native`
   Compiling rustc-hash v1.1.0
     Running `/home/opc/.rustup/toolchains/stable-aarch64-unknown-linux-gnu/bin/rustc --crate-name rustc_hash --edition=2015 /home/opc/.cargo/registry/src/index.crates.io-1949cf8c6b5b557f/rustc-hash-1.1.0/src/lib.rs --error-format=json --json=diagnostic-rendered-ansi,artifacts,future-incompat --crate-type lib --emit=dep-info,metadata,link -C embed-bitcode=no -C debug-assertions=off --cfg 'feature="default"' --cfg 'feature="std"' --check-cfg 'cfg(docsrs,test)' --check-cfg 'cfg(feature, values("default", "std"))' -C metadata=337fd21c2e217de0 -C extra-filename=-d173551cffcb63e1 --out-dir /tmp/crossdb-turso-target/release/deps -L dependency=/tmp/crossdb-turso-target/release/deps --cap-lints allow -C target-cpu=native`
     Running `/home/opc/.rustup/toolchains/stable-aarch64-unknown-linux-gnu/bin/rustc --crate-name bindgen --edition=2018 /home/opc/.cargo/registry/src/index.crates.io-1949cf8c6b5b557f/bindgen-0.69.5/lib.rs --error-format=json --json=diagnostic-rendered-ansi,artifacts,future-incompat --crate-type lib --emit=dep-info,metadata,link -C embed-bitcode=no -C debug-assertions=off --cfg 'feature="default"' --cfg 'feature="logging"' --cfg 'feature="prettyplease"' --cfg 'feature="runtime"' --cfg 'feature="which-rustfmt"' --check-cfg 'cfg(docsrs,test)' --check-cfg 'cfg(feature, values("__cli", "__testing_only_extra_assertions", "__testing_only_libclang_16", "__testing_only_libclang_9", "default", "experimental", "logging", "prettyplease", "runtime", "static", "which-rustfmt"))' -C metadata=399bf01551da5ff7 -C extra-filename=-cc74e89683e402cc --out-dir /tmp/crossdb-turso-target/release/deps -L dependency=/tmp/crossdb-turso-target/release/deps --extern bitflags=/tmp/crossdb-turso-target/release/deps/libbitflags-d1a509488ac01bc3.rmeta --extern cexpr=/tmp/crossdb-turso-target/release/deps/libcexpr-d93f644511275225.rmeta --extern clang_sys=/tmp/crossdb-turso-target/release/deps/libclang_sys-17d28f057bf86c43.rmeta --extern itertools=/tmp/crossdb-turso-target/release/deps/libitertools-69dc6239577f6221.rmeta --extern lazy_static=/tmp/crossdb-turso-target/release/deps/liblazy_static-6b56d919c6722abc.rmeta --extern lazycell=/tmp/crossdb-turso-target/release/deps/liblazycell-b727967076f51aad.rmeta --extern log=/tmp/crossdb-turso-target/release/deps/liblog-7dfe77261b3128bb.rmeta --extern prettyplease=/tmp/crossdb-turso-target/release/deps/libprettyplease-8f8befcf812f6461.rmeta --extern proc_macro2=/tmp/crossdb-turso-target/release/deps/libproc_macro2-161db97f1758d90e.rmeta --extern quote=/tmp/crossdb-turso-target/release/deps/libquote-5c3f7e33372cef0a.rmeta --extern regex=/tmp/crossdb-turso-target/release/deps/libregex-01cd6586782cc9c7.rmeta --extern rustc_hash=/tmp/crossdb-turso-target/release/deps/librustc_hash-d173551cffcb63e1.rmeta --extern shlex=/tmp/crossdb-turso-target/release/deps/libshlex-09f86a64dbc39195.rmeta --extern syn=/tmp/crossdb-turso-target/release/deps/libsyn-73b8e456b142f972.rmeta --extern which=/tmp/crossdb-turso-target/release/deps/libwhich-a35d041a381ab34b.rmeta --cap-lints allow -C target-cpu=native`
   Compiling tantivy v0.26.2
     Running `/home/opc/.rustup/toolchains/stable-aarch64-unknown-linux-gnu/bin/rustc --crate-name tantivy --edition=2021 /home/opc/.cargo/registry/src/index.crates.io-1949cf8c6b5b557f/tantivy-0.26.2/src/lib.rs --error-format=json --json=diagnostic-rendered-ansi,artifacts,future-incompat --crate-type lib --emit=dep-info,metadata,link -C opt-level=3 -C panic=abort -C codegen-units=4 -C debuginfo=line-tables-only --cfg 'feature="columnar-zstd-compression"' --cfg 'feature="default"' --cfg 'feature="fs4"' --cfg 'feature="lz4-compression"' --cfg 'feature="lz4_flex"' --cfg 'feature="memmap2"' --cfg 'feature="mmap"' --cfg 'feature="rust-stemmers"' --cfg 'feature="stemmer"' --cfg 'feature="stopwords"' --cfg 'feature="tempfile"' --check-cfg 'cfg(docsrs,test)' --check-cfg 'cfg(feature, values("columnar-zstd-compression", "compare_hash_only", "default", "fail", "failpoints", "fs4", "futures-channel", "futures-util", "lz4-compression", "lz4_flex", "memmap2", "mmap", "quickwit", "rust-stemmers", "sstable", "stemmer", "stopwords", "tempfile", "unstable", "zstd", "zstd-compression"))' -C metadata=093f7ddec855845d -C extra-filename=-330d7f41d12a42e9 --out-dir /tmp/crossdb-turso-target/release/deps -L dependency=/tmp/crossdb-turso-target/release/deps --extern aho_corasick=/tmp/crossdb-turso-target/release/deps/libaho_corasick-bdced3c7627abf4e.rmeta --extern arc_swap=/tmp/crossdb-turso-target/release/deps/libarc_swap-35355341ee395220.rmeta --extern base64=/tmp/crossdb-turso-target/release/deps/libbase64-dc83a2b0458e4c00.rmeta --extern bitpacking=/tmp/crossdb-turso-target/release/deps/libbitpacking-f7dd22fac9834fe4.rmeta --extern bon=/tmp/crossdb-turso-target/release/deps/libbon-d7a90a546536121c.rmeta --extern byteorder=/tmp/crossdb-turso-target/release/deps/libbyteorder-8346cd828264898a.rmeta --extern census=/tmp/crossdb-turso-target/release/deps/libcensus-15b73f47a3dae8a7.rmeta --extern crc32fast=/tmp/crossdb-turso-target/release/deps/libcrc32fast-5145510b9e2a6b29.rmeta --extern crossbeam_channel=/tmp/crossdb-turso-target/release/deps/libcrossbeam_channel-86b6a82fe2d3b3b1.rmeta --extern datasketches=/tmp/crossdb-turso-target/release/deps/libdatasketches-8ded0f48c28fa6bc.rmeta --extern downcast_rs=/tmp/crossdb-turso-target/release/deps/libdowncast_rs-e0f30cf8f90442d8.rmeta --extern fastdivide=/tmp/crossdb-turso-target/release/deps/libfastdivide-9b5cec2c66dd691d.rmeta --extern fnv=/tmp/crossdb-turso-target/release/deps/libfnv-cd5df0c4432bdf93.rmeta --extern fs4=/tmp/crossdb-turso-target/release/deps/libfs4-a91f7fa9ea0fe6d8.rmeta --extern htmlescape=/tmp/crossdb-turso-target/release/deps/libhtmlescape-49b4c9feb629d4ca.rmeta --extern itertools=/tmp/crossdb-turso-target/release/deps/libitertools-610f69c2620f84c6.rmeta --extern levenshtein_automata=/tmp/crossdb-turso-target/release/deps/liblevenshtein_automata-c76282e1dc552ef6.rmeta --extern log=/tmp/crossdb-turso-target/release/deps/liblog-169bd1157f94eda1.rmeta --extern lru=/tmp/crossdb-turso-target/release/deps/liblru-704ac80b5c5c5c03.rmeta --extern lz4_flex=/tmp/crossdb-turso-target/release/deps/liblz4_flex-b30527cf8cc12f67.rmeta --extern measure_time=/tmp/crossdb-turso-target/release/deps/libmeasure_time-6cba777d71443c2c.rmeta --extern memmap2=/tmp/crossdb-turso-target/release/deps/libmemmap2-7e1ab3e164f980df.rmeta --extern once_cell=/tmp/crossdb-turso-target/release/deps/libonce_cell-ac8f9edf4458f87b.rmeta --extern oneshot=/tmp/crossdb-turso-target/release/deps/liboneshot-a043ceb2118c0478.rmeta --extern rayon=/tmp/crossdb-turso-target/release/deps/librayon-713d1fc92e9802a9.rmeta --extern regex=/tmp/crossdb-turso-target/release/deps/libregex-d4ac5ec4b5bcaf76.rmeta --extern rust_stemmers=/tmp/crossdb-turso-target/release/deps/librust_stemmers-970fc77f92e6c493.rmeta --extern rustc_hash=/tmp/crossdb-turso-target/release/deps/librustc_hash-74b00996a13346ef.rmeta --extern serde=/tmp/crossdb-turso-target/release/deps/libserde-a35f3fcb983465f3.rmeta --extern serde_json=/tmp/crossdb-turso-target/release/deps/libserde_json-c53aaced51cae6c5.rmeta --extern sketches_ddsketch=/tmp/crossdb-turso-target/release/deps/libsketches_ddsketch-3e83357aae554d7c.rmeta --extern smallvec=/tmp/crossdb-turso-target/release/deps/libsmallvec-aa4f292241a651e6.rmeta --extern tantivy_bitpacker=/tmp/crossdb-turso-target/release/deps/libtantivy_bitpacker-5c7a4b56e0c63165.rmeta --extern columnar=/tmp/crossdb-turso-target/release/deps/libtantivy_columnar-08aced3a47a16209.rmeta --extern common=/tmp/crossdb-turso-target/release/deps/libtantivy_common-b6318034885de7a7.rmeta --extern tantivy_fst=/tmp/crossdb-turso-target/release/deps/libtantivy_fst-2c5a8c9949316768.rmeta --extern query_grammar=/tmp/crossdb-turso-target/release/deps/libtantivy_query_grammar-4b345b260841f553.rmeta --extern stacker=/tmp/crossdb-turso-target/release/deps/libtantivy_stacker-589da40e06b99fa4.rmeta --extern tokenizer_api=/tmp/crossdb-turso-target/release/deps/libtantivy_tokenizer_api-8d121120d9783eb7.rmeta --extern tempfile=/tmp/crossdb-turso-target/release/deps/libtempfile-717b6ea76c3ea289.rmeta --extern thiserror=/tmp/crossdb-turso-target/release/deps/libthiserror-20c0d7e3b0cd1919.rmeta --extern time=/tmp/crossdb-turso-target/release/deps/libtime-1035936a1404e707.rmeta --extern typetag=/tmp/crossdb-turso-target/release/deps/libtypetag-1760bc3f9d7e5378.rmeta --extern uuid=/tmp/crossdb-turso-target/release/deps/libuuid-9811063345b79f06.rmeta --cap-lints allow -C target-cpu=native -L native=/tmp/crossdb-turso-target/release/build/zstd-sys-3f310674bc734c67/out`
   Compiling fastbloom v0.14.1
     Running `/home/opc/.rustup/toolchains/stable-aarch64-unknown-linux-gnu/bin/rustc --crate-name fastbloom --edition=2021 /home/opc/.cargo/registry/src/index.crates.io-1949cf8c6b5b557f/fastbloom-0.14.1/src/lib.rs --error-format=json --json=diagnostic-rendered-ansi,artifacts,future-incompat --crate-type lib --emit=dep-info,metadata,link -C opt-level=3 -C panic=abort -C codegen-units=4 -C debuginfo=line-tables-only --check-cfg 'cfg(docsrs,test)' --check-cfg 'cfg(feature, values("default", "loom", "rand", "serde", "std"))' -C metadata=986338b4faec4a8e -C extra-filename=-2db8ae16333e5739 --out-dir /tmp/crossdb-turso-target/release/deps -L dependency=/tmp/crossdb-turso-target/release/deps --extern getrandom=/tmp/crossdb-turso-target/release/deps/libgetrandom-a85e777aeef9e616.rmeta --extern libm=/tmp/crossdb-turso-target/release/deps/liblibm-a7e5309f5bcb9877.rmeta --extern siphasher=/tmp/crossdb-turso-target/release/deps/libsiphasher-ac55033516dfa719.rmeta --cap-lints allow -C target-cpu=native`
     Running `/home/opc/.rustup/toolchains/stable-aarch64-unknown-linux-gnu/bin/rustc --crate-name aegis --edition=2018 /home/opc/.cargo/registry/src/index.crates.io-1949cf8c6b5b557f/aegis-0.9.8/src/lib.rs --error-format=json --json=diagnostic-rendered-ansi,artifacts,future-incompat --crate-type lib --emit=dep-info,metadata,link -C opt-level=3 -C panic=abort -C codegen-units=4 -C debuginfo=line-tables-only --cfg 'feature="default"' --cfg 'feature="pure-rust"' --cfg 'feature="softaes"' --cfg 'feature="std"' --check-cfg 'cfg(docsrs,test)' --check-cfg 'cfg(feature, values("aead", "boring", "default", "getrandom", "js", "paste", "pure-rust", "raf", "raf-core", "rustcrypto-traits-06", "softaes", "std"))' -C metadata=7a57d5d9b24045b0 -C extra-filename=-26ab7cb9bb85a3fd --out-dir /tmp/crossdb-turso-target/release/deps -L dependency=/tmp/crossdb-turso-target/release/deps --extern softaes=/tmp/crossdb-turso-target/release/deps/libsoftaes-0c766d480eee54f9.rmeta --cap-lints allow -C target-cpu=native`
     Running `/tmp/crossdb-turso-target/release/build/thiserror-798edbcd5425555d/build-script-build`
   Compiling aristo v0.4.1
     Running `/home/opc/.rustup/toolchains/stable-aarch64-unknown-linux-gnu/bin/rustc --crate-name aristo --edition=2021 /home/opc/.cargo/registry/src/index.crates.io-1949cf8c6b5b557f/aristo-0.4.1/src/lib.rs --error-format=json --json=diagnostic-rendered-ansi,artifacts,future-incompat --crate-type lib --emit=dep-info,metadata,link -C opt-level=3 -C panic=abort -C codegen-units=4 -C debuginfo=line-tables-only '--deny=clippy::all' --forbid=unsafe_code --cfg 'feature="aristo_check"' --cfg 'feature="default"' --check-cfg 'cfg(docsrs,test)' --check-cfg 'cfg(feature, values("aristo_check", "aristo_doc", "aristo_instrument", "default"))' -C metadata=590a5ebe662d89fb -C extra-filename=-d4a024b719890a3b --out-dir /tmp/crossdb-turso-target/release/deps -L dependency=/tmp/crossdb-turso-target/release/deps --extern aristo_macros=/tmp/crossdb-turso-target/release/deps/libaristo_macros-75749373dcb1c441.so --cap-lints allow -C target-cpu=native`
   Compiling aes-gcm v0.10.3
     Running `/home/opc/.rustup/toolchains/stable-aarch64-unknown-linux-gnu/bin/rustc --crate-name aes_gcm --edition=2021 /home/opc/.cargo/registry/src/index.crates.io-1949cf8c6b5b557f/aes-gcm-0.10.3/src/lib.rs --error-format=json --json=diagnostic-rendered-ansi,artifacts,future-incompat --crate-type lib --emit=dep-info,metadata,link -C opt-level=3 -C panic=abort -C codegen-units=4 -C debuginfo=line-tables-only --cfg 'feature="aes"' --cfg 'feature="alloc"' --cfg 'feature="default"' --cfg 'feature="getrandom"' --cfg 'feature="rand_core"' --check-cfg 'cfg(docsrs,test)' --check-cfg 'cfg(feature, values("aes", "alloc", "arrayvec", "default", "getrandom", "heapless", "rand_core", "std", "stream", "zeroize"))' -C metadata=798ff12ad76bac7c -C extra-filename=-6a7386193d29e653 --out-dir /tmp/crossdb-turso-target/release/deps -L dependency=/tmp/crossdb-turso-target/release/deps --extern aead=/tmp/crossdb-turso-target/release/deps/libaead-bbb5fa19171cfa52.rmeta --extern aes=/tmp/crossdb-turso-target/release/deps/libaes-00edc71867c5c4bd.rmeta --extern cipher=/tmp/crossdb-turso-target/release/deps/libcipher-b9bfa2dbf78dded8.rmeta --extern ctr=/tmp/crossdb-turso-target/release/deps/libctr-2cae3c0150ed5c00.rmeta --extern ghash=/tmp/crossdb-turso-target/release/deps/libghash-8c5909c7ebc59bb1.rmeta --extern subtle=/tmp/crossdb-turso-target/release/deps/libsubtle-6557066817a73b65.rmeta --cap-lints allow -C target-cpu=native`
   Compiling icu_collator v2.2.0
     Running `/home/opc/.rustup/toolchains/stable-aarch64-unknown-linux-gnu/bin/rustc --crate-name icu_collator --edition=2021 /home/opc/.cargo/registry/src/index.crates.io-1949cf8c6b5b557f/icu_collator-2.2.0/src/lib.rs --error-format=json --json=diagnostic-rendered-ansi,artifacts,future-incompat --crate-type lib --emit=dep-info,metadata,link -C opt-level=3 -C panic=abort -C codegen-units=4 -C debuginfo=line-tables-only '--warn=clippy::wildcard_dependencies' '--warn=clippy::useless_transmute' --warn=unused_qualifications --warn=unused_macro_rules --warn=unused_lifetimes '--warn=clippy::unnecessary-wraps' --warn=unexpected_cfgs '--deny=clippy::trivially_copy_pass_by_ref' --deny=trivial_numeric_casts '--warn=clippy::transmutes_expressible_as_ptr_casts' '--warn=clippy::transmute_undefined_repr' '--warn=clippy::transmute_ptr_to_ref' '--warn=clippy::transmute_ptr_to_ptr' '--warn=clippy::transmute_int_to_non_zero' '--warn=clippy::transmute_int_to_bool' '--warn=clippy::transmute_bytes_to_str' '--warn=clippy::todo' '--warn=clippy::same_functions_in_if_condition' '--warn=clippy::or-fun-call' '--warn=clippy::negative_feature_names' '--warn=clippy::missing_transmute_annotations' '--warn=clippy::missing_fields_in_debug' --deny=missing_debug_implementations '--warn=clippy::mismatching_type_param_order' '--warn=clippy::large_stack_arrays' '--warn=clippy::infinite_loop' '--warn=clippy::fn_to_numeric_cast_any' '--deny=clippy::exhaustive_structs' '--deny=clippy::exhaustive_enums' '--warn=clippy::doc_markdown' '--warn=clippy::debug_assert_with_mut_call' '--warn=clippy::dbg_macro' '--warn=clippy::crosspointer_transmute' '--warn=clippy::collection_is_never_read' '--warn=clippy::branches-sharing-code' '--warn=clippy::alloc-instead-of-core' --check-cfg 'cfg(icu4c_enable_renaming)' --check-cfg 'cfg(needs_alloc_error_handler)' --check-cfg 'cfg(icu4x_run_size_tests)' --check-cfg 'cfg(icu4x_unstable_fast_trie_only)' --cfg 'feature="compiled_data"' --cfg 'feature="default"' --check-cfg 'cfg(docsrs,test)' --check-cfg 'cfg(feature, values("compiled_data", "datagen", "default", "latin1", "serde", "unstable"))' -C metadata=092aa6c3bef105f3 -C extra-filename=-799f427b190cd970 --out-dir /tmp/crossdb-turso-target/release/deps -L dependency=/tmp/crossdb-turso-target/release/deps --extern icu_collator_data=/tmp/crossdb-turso-target/release/deps/libicu_collator_data-9734971044ad3d77.rmeta --extern icu_collections=/tmp/crossdb-turso-target/release/deps/libicu_collections-dbdbd877cb39fe9b.rmeta --extern icu_locale=/tmp/crossdb-turso-target/release/deps/libicu_locale-7e77d7a54c180b8c.rmeta --extern icu_locale_core=/tmp/crossdb-turso-target/release/deps/libicu_locale_core-25ac043f5b3df263.rmeta --extern icu_normalizer=/tmp/crossdb-turso-target/release/deps/libicu_normalizer-86aea730e3daed09.rmeta --extern icu_properties=/tmp/crossdb-turso-target/release/deps/libicu_properties-3c377e19c2ea9391.rmeta --extern icu_provider=/tmp/crossdb-turso-target/release/deps/libicu_provider-4d98a251e1d4b7d4.rmeta --extern smallvec=/tmp/crossdb-turso-target/release/deps/libsmallvec-aa4f292241a651e6.rmeta --extern utf16_iter=/tmp/crossdb-turso-target/release/deps/libutf16_iter-c50922037ae00b52.rmeta --extern utf8_iter=/tmp/crossdb-turso-target/release/deps/libutf8_iter-501d2c008ecab85b.rmeta --extern zerovec=/tmp/crossdb-turso-target/release/deps/libzerovec-1b6f2ce8fecf604a.rmeta --cap-lints allow -C target-cpu=native`
     Running `/home/opc/.rustup/toolchains/stable-aarch64-unknown-linux-gnu/bin/rustc --crate-name turso_ext --edition=2021 /tmp/turso-crossdb/extensions/core/src/lib.rs --error-format=json --json=diagnostic-rendered-ansi,artifacts,future-incompat --crate-type lib --emit=dep-info,metadata,link -C opt-level=3 -C panic=abort -C codegen-units=4 -C debuginfo=line-tables-only --cfg 'feature="core_only"' --cfg 'feature="vfs"' --check-cfg 'cfg(docsrs,test)' --check-cfg 'cfg(feature, values("core_only", "static", "vfs"))' -C metadata=3a08779425b1a407 -C extra-filename=-c5dc382cdc2ee4a9 --out-dir /tmp/crossdb-turso-target/release/deps -L dependency=/tmp/crossdb-turso-target/release/deps --extern chrono=/tmp/crossdb-turso-target/release/deps/libchrono-2d0232353b3d0c85.rmeta --extern getrandom=/tmp/crossdb-turso-target/release/deps/libgetrandom-065683af73d76ce4.rmeta --extern turso_macros=/tmp/crossdb-turso-target/release/deps/libturso_macros-8b1f7f4c3203af87.so -C target-cpu=native`
   Compiling parking_lot v0.12.4
     Running `/home/opc/.rustup/toolchains/stable-aarch64-unknown-linux-gnu/bin/rustc --crate-name parking_lot --edition=2021 /home/opc/.cargo/registry/src/index.crates.io-1949cf8c6b5b557f/parking_lot-0.12.4/src/lib.rs --error-format=json --json=diagnostic-rendered-ansi,artifacts,future-incompat --crate-type lib --emit=dep-info,metadata,link -C opt-level=3 -C panic=abort -C codegen-units=4 -C debuginfo=line-tables-only --cfg 'feature="arc_lock"' --cfg 'feature="default"' --cfg 'feature="send_guard"' --check-cfg 'cfg(docsrs,test)' --check-cfg 'cfg(feature, values("arc_lock", "deadlock_detection", "default", "hardware-lock-elision", "nightly", "owning_ref", "send_guard", "serde"))' -C metadata=86d24f7cb2bc994d -C extra-filename=-39dcb398d2b83012 --out-dir /tmp/crossdb-turso-target/release/deps -L dependency=/tmp/crossdb-turso-target/release/deps --extern lock_api=/tmp/crossdb-turso-target/release/deps/liblock_api-1b67747c67df7b17.rmeta --extern parking_lot_core=/tmp/crossdb-turso-target/release/deps/libparking_lot_core-9630d95fdb8a6908.rmeta --cap-lints allow -C target-cpu=native`
   Compiling intrusive-collections v0.9.7
     Running `/home/opc/.rustup/toolchains/stable-aarch64-unknown-linux-gnu/bin/rustc --crate-name intrusive_collections --edition=2018 /home/opc/.cargo/registry/src/index.crates.io-1949cf8c6b5b557f/intrusive-collections-0.9.7/src/lib.rs --error-format=json --json=diagnostic-rendered-ansi,artifacts,future-incompat --crate-type lib --emit=dep-info,metadata,link -C opt-level=3 -C panic=abort -C codegen-units=4 -C debuginfo=line-tables-only --cfg 'feature="alloc"' --cfg 'feature="default"' --check-cfg 'cfg(docsrs,test)' --check-cfg 'cfg(feature, values("alloc", "default", "nightly"))' -C metadata=214fa05cd04a194a -C extra-filename=-35ca44b35e00c6c6 --out-dir /tmp/crossdb-turso-target/release/deps -L dependency=/tmp/crossdb-turso-target/release/deps --extern memoffset=/tmp/crossdb-turso-target/release/deps/libmemoffset-97d3e31ef5d85e6a.rmeta --cap-lints allow -C target-cpu=native`
   Compiling turso_parser v0.8.0-pre.13 (/tmp/turso-crossdb/sqlite/parser)
     Running `/home/opc/.rustup/toolchains/stable-aarch64-unknown-linux-gnu/bin/rustc --crate-name turso_parser --edition=2021 /tmp/turso-crossdb/sqlite/parser/src/lib.rs --error-format=json --json=diagnostic-rendered-ansi,artifacts,future-incompat --crate-type lib --emit=dep-info,metadata,link -C opt-level=3 -C panic=abort -C codegen-units=4 -C debuginfo=line-tables-only --allow=unstable_name_collisions --warn=unexpected_cfgs '--deny=clippy::stable_sort_primitive' '--deny=clippy::redundant_clone' '--deny=clippy::or_fun_call' '--deny=clippy::naive_bytecount' '--deny=clippy::large_types_passed_by_value' '--deny=clippy::large_stack_frames' '--deny=clippy::collection_is_never_read' '--deny=clippy::clear_with_drain' '--deny=clippy::await_holding_lock' '--deny=clippy::assigning_clones' --check-cfg 'cfg(loom)' --check-cfg 'cfg(shuttle)' --check-cfg 'cfg(antithesis)' --check-cfg 'cfg(nightly)' --cfg 'feature="default"' --check-cfg 'cfg(docsrs,test)' --check-cfg 'cfg(feature, values("codspeed", "default", "serde", "simulator"))' -C metadata=5cb93fd1d71346b4 -C extra-filename=-27b7d809868d263d --out-dir /tmp/crossdb-turso-target/release/deps -L dependency=/tmp/crossdb-turso-target/release/deps --extern bitflags=/tmp/crossdb-turso-target/release/deps/libbitflags-2a3983efc3670ae1.rmeta --extern memchr=/tmp/crossdb-turso-target/release/deps/libmemchr-73a5922a5a6589ea.rmeta --extern miette=/tmp/crossdb-turso-target/release/deps/libmiette-3f29b3ffce2e586f.rmeta --extern strum=/tmp/crossdb-turso-target/release/deps/libstrum-a59ecf6dda60022a.rmeta --extern strum_macros=/tmp/crossdb-turso-target/release/deps/libstrum_macros-368f8dd9bcce4cce.so --extern thiserror=/tmp/crossdb-turso-target/release/deps/libthiserror-20c0d7e3b0cd1919.rmeta --extern turso_macros=/tmp/crossdb-turso-target/release/deps/libturso_macros-8b1f7f4c3203af87.so -C target-cpu=native`
   Compiling twox-hash v2.1.1
     Running `/home/opc/.rustup/toolchains/stable-aarch64-unknown-linux-gnu/bin/rustc --crate-name twox_hash --edition=2021 /home/opc/.cargo/registry/src/index.crates.io-1949cf8c6b5b557f/twox-hash-2.1.1/src/lib.rs --error-format=json --json=diagnostic-rendered-ansi,artifacts,future-incompat --crate-type lib --emit=dep-info,metadata,link -C opt-level=3 -C panic=abort -C codegen-units=4 -C debuginfo=line-tables-only --warn=unexpected_cfgs --check-cfg 'cfg(_internal_xxhash3_force_scalar)' --check-cfg 'cfg(_internal_xxhash3_force_neon)' --check-cfg 'cfg(_internal_xxhash3_force_sse2)' --check-cfg 'cfg(_internal_xxhash3_force_avx2)' --cfg 'feature="alloc"' --cfg 'feature="default"' --cfg 'feature="random"' --cfg 'feature="std"' --cfg 'feature="xxhash32"' --cfg 'feature="xxhash3_128"' --cfg 'feature="xxhash3_64"' --cfg 'feature="xxhash64"' --check-cfg 'cfg(docsrs,test)' --check-cfg 'cfg(feature, values("alloc", "default", "random", "serialize", "std", "xxhash32", "xxhash3_128", "xxhash3_64", "xxhash64"))' -C metadata=7a81d4af3e5d7f4e -C extra-filename=-9cdfa2b30784e46a --out-dir /tmp/crossdb-turso-target/release/deps -L dependency=/tmp/crossdb-turso-target/release/deps --extern rand=/tmp/crossdb-turso-target/release/deps/librand-b027bbbe457d49d4.rmeta --cap-lints allow -C target-cpu=native`
     Running `/home/opc/.rustup/toolchains/stable-aarch64-unknown-linux-gnu/bin/rustc --crate-name crc32c --edition=2018 /home/opc/.cargo/registry/src/index.crates.io-1949cf8c6b5b557f/crc32c-0.6.8/src/lib.rs --error-format=json --json=diagnostic-rendered-ansi,artifacts,future-incompat --crate-type lib --emit=dep-info,metadata,link -C opt-level=3 -C panic=abort -C codegen-units=4 -C debuginfo=line-tables-only --check-cfg 'cfg(docsrs,test)' --check-cfg 'cfg(feature, values())' -C metadata=44957ead64e4b6e9 -C extra-filename=-e564cf02fddd93c3 --out-dir /tmp/crossdb-turso-target/release/deps -L dependency=/tmp/crossdb-turso-target/release/deps --cap-lints allow -C target-cpu=native --cfg armsimd --check-cfg 'cfg(armsimd)'`
     Running `/home/opc/.rustup/toolchains/stable-aarch64-unknown-linux-gnu/bin/rustc --crate-name branches --edition=2018 /home/opc/.cargo/registry/src/index.crates.io-1949cf8c6b5b557f/branches-0.4.3/src/lib.rs --error-format=json --json=diagnostic-rendered-ansi,artifacts,future-incompat --crate-type lib --emit=dep-info,metadata,link -C opt-level=3 -C panic=abort -C codegen-units=4 -C debuginfo=line-tables-only --warn=unexpected_cfgs --check-cfg 'cfg(branches_stable)' --check-cfg 'cfg(branches_nightly)' --check-cfg 'cfg(rustc_ge_1_81_0)' --check-cfg 'cfg(docsrs,test)' --check-cfg 'cfg(feature, values("default", "prefetch", "std"))' -C metadata=c2b3391291292c98 -C extra-filename=-31137f6e210d921f --out-dir /tmp/crossdb-turso-target/release/deps -L dependency=/tmp/crossdb-turso-target/release/deps --cap-lints allow -C target-cpu=native --cfg branches_stable --cfg rustc_ge_1_81_0`
     Running `/home/opc/.rustup/toolchains/stable-aarch64-unknown-linux-gnu/bin/rustc --crate-name simsimd --edition=2021 /home/opc/.cargo/registry/src/index.crates.io-1949cf8c6b5b557f/simsimd-6.5.3/rust/lib.rs --error-format=json --json=diagnostic-rendered-ansi,artifacts,future-incompat --crate-type lib --emit=dep-info,metadata,link -C opt-level=3 -C panic=abort -C codegen-units=4 -C debuginfo=line-tables-only --cfg 'feature="default"' --check-cfg 'cfg(docsrs,test)' --check-cfg 'cfg(feature, values("default", "std"))' -C metadata=4256fdf595976f8e -C extra-filename=-6f7df00a27284c9e --out-dir /tmp/crossdb-turso-target/release/deps -L dependency=/tmp/crossdb-turso-target/release/deps --cap-lints allow -C target-cpu=native -L native=/tmp/crossdb-turso-target/release/build/simsimd-ba51052c7fd6fc78/out -l static=simsimd`
     Running `/home/opc/.rustup/toolchains/stable-aarch64-unknown-linux-gnu/bin/rustc --crate-name bigdecimal --edition=2015 /home/opc/.cargo/registry/src/index.crates.io-1949cf8c6b5b557f/bigdecimal-0.4.10/src/lib.rs --error-format=json --json=diagnostic-rendered-ansi,artifacts,future-incompat --crate-type lib --emit=dep-info,metadata,link -C opt-level=3 -C panic=abort -C codegen-units=4 -C debuginfo=line-tables-only --allow=unexpected_cfgs --check-cfg 'cfg(no_track_caller)' --cfg 'feature="default"' --cfg 'feature="std"' --check-cfg 'cfg(docsrs,test)' --check-cfg 'cfg(feature, values("default", "serde", "serde-json", "serde_json", "std", "string-only"))' -C metadata=d187545327b8ca8b -C extra-filename=-70333ee520152639 --out-dir /tmp/crossdb-turso-target/release/deps -L dependency=/tmp/crossdb-turso-target/release/deps --extern libm=/tmp/crossdb-turso-target/release/deps/liblibm-a7e5309f5bcb9877.rmeta --extern num_bigint=/tmp/crossdb-turso-target/release/deps/libnum_bigint-b2fc6c158ddbccf6.rmeta --extern num_integer=/tmp/crossdb-turso-target/release/deps/libnum_integer-9474301461b1f09e.rmeta --extern num_traits=/tmp/crossdb-turso-target/release/deps/libnum_traits-5a0c67f6c18575a5.rmeta --cap-lints allow -C target-cpu=native --cfg rustc_1_75 --cfg rustc_1_60 --cfg rustc_1_50 --cfg rustc_1_46 --cfg has_unsigned_abs --check-cfg 'cfg(rustc_1_75)' --check-cfg 'cfg(rustc_1_60)' --check-cfg 'cfg(rustc_1_50)' --check-cfg 'cfg(rustc_1_46)' --check-cfg 'cfg(has_unsigned_abs)'`
     Running `/home/opc/.rustup/toolchains/stable-aarch64-unknown-linux-gnu/bin/rustc --crate-name uncased --edition=2018 /home/opc/.cargo/registry/src/index.crates.io-1949cf8c6b5b557f/uncased-0.9.10/src/lib.rs --error-format=json --json=diagnostic-rendered-ansi,artifacts,future-incompat --crate-type lib --emit=dep-info,metadata,link -C opt-level=3 -C panic=abort -C codegen-units=4 -C debuginfo=line-tables-only --cfg 'feature="alloc"' --cfg 'feature="default"' --check-cfg 'cfg(docsrs,test)' --check-cfg 'cfg(feature, values("alloc", "default", "serde", "with-serde", "with-serde-alloc"))' -C metadata=ec2b3a08589e9107 -C extra-filename=-daf5d6557401957c --out-dir /tmp/crossdb-turso-target/release/deps -L dependency=/tmp/crossdb-turso-target/release/deps --cap-lints allow -C target-cpu=native --cfg const_fn_transmute`
   Compiling polling v3.7.4
     Running `/home/opc/.rustup/toolchains/stable-aarch64-unknown-linux-gnu/bin/rustc --crate-name polling --edition=2021 /home/opc/.cargo/registry/src/index.crates.io-1949cf8c6b5b557f/polling-3.7.4/src/lib.rs --error-format=json --json=diagnostic-rendered-ansi,artifacts,future-incompat --crate-type lib --emit=dep-info,metadata,link -C opt-level=3 -C panic=abort -C codegen-units=4 -C debuginfo=line-tables-only --warn=unexpected_cfgs --check-cfg 'cfg(polling_test_poll_backend)' --check-cfg 'cfg(polling_test_epoll_pipe)' --check-cfg 'cfg(docsrs,test)' --check-cfg 'cfg(feature, values())' -C metadata=683bbe211bebfdb4 -C extra-filename=-f5f2e067092d7cda --out-dir /tmp/crossdb-turso-target/release/deps -L dependency=/tmp/crossdb-turso-target/release/deps --extern cfg_if=/tmp/crossdb-turso-target/release/deps/libcfg_if-f71fb6b7fffc9a44.rmeta --extern rustix=/tmp/crossdb-turso-target/release/deps/librustix-45e1676384c46ad1.rmeta --extern tracing=/tmp/crossdb-turso-target/release/deps/libtracing-fce2d56f8a37498e.rmeta --cap-lints allow -C target-cpu=native`
     Running `/tmp/crossdb-turso-target/release/build/turso_core-74698271d71a8905/build-script-build`
     Running `/home/opc/.rustup/toolchains/stable-aarch64-unknown-linux-gnu/bin/rustc --crate-name anyhow --edition=2018 /home/opc/.cargo/registry/src/index.crates.io-1949cf8c6b5b557f/anyhow-1.0.98/src/lib.rs --error-format=json --json=diagnostic-rendered-ansi,artifacts,future-incompat --crate-type lib --emit=dep-info,metadata,link -C embed-bitcode=no -C debug-assertions=off --cfg 'feature="default"' --cfg 'feature="std"' --check-cfg 'cfg(docsrs,test)' --check-cfg 'cfg(feature, values("backtrace", "default", "std"))' -C metadata=ece819938b4a12bf -C extra-filename=-f9989a40b6c7e426 --out-dir /tmp/crossdb-turso-target/release/deps -L dependency=/tmp/crossdb-turso-target/release/deps --cap-lints allow -C target-cpu=native --cfg std_backtrace --check-cfg 'cfg(anyhow_build_probe)' --check-cfg 'cfg(anyhow_nightly_testing)' --check-cfg 'cfg(anyhow_no_core_error)' --check-cfg 'cfg(anyhow_no_core_unwind_safe)' --check-cfg 'cfg(anyhow_no_fmt_arguments_as_str)' --check-cfg 'cfg(anyhow_no_ptr_addr_of)' --check-cfg 'cfg(anyhow_no_unsafe_op_in_unsafe_fn_lint)' --check-cfg 'cfg(error_generic_member_access)' --check-cfg 'cfg(std_backtrace)'`
     Running `/home/opc/.rustup/toolchains/stable-aarch64-unknown-linux-gnu/bin/rustc --crate-name io_uring --edition=2021 /home/opc/.cargo/registry/src/index.crates.io-1949cf8c6b5b557f/io-uring-0.7.6/src/lib.rs --error-format=json --json=diagnostic-rendered-ansi,artifacts,future-incompat --crate-type lib --emit=dep-info,metadata,link -C opt-level=3 -C panic=abort -C codegen-units=4 -C debuginfo=line-tables-only --check-cfg 'cfg(docsrs,test)' --check-cfg 'cfg(feature, values("bindgen", "direct-syscall", "io_safety", "overwrite", "sc"))' -C metadata=7379c9e0b1536e24 -C extra-filename=-cf69a29282d575f7 --out-dir /tmp/crossdb-turso-target/release/deps -L dependency=/tmp/crossdb-turso-target/release/deps --extern bitflags=/tmp/crossdb-turso-target/release/deps/libbitflags-2a3983efc3670ae1.rmeta --extern cfg_if=/tmp/crossdb-turso-target/release/deps/libcfg_if-f71fb6b7fffc9a44.rmeta --extern libc=/tmp/crossdb-turso-target/release/deps/liblibc-9e79d656281227d1.rmeta --cap-lints allow -C target-cpu=native --check-cfg 'cfg(io_uring_skip_arch_check)' --check-cfg 'cfg(io_uring_use_own_sys)'`
   Compiling pack1 v1.0.0
     Running `/home/opc/.rustup/toolchains/stable-aarch64-unknown-linux-gnu/bin/rustc --crate-name pack1 --edition=2021 /home/opc/.cargo/registry/src/index.crates.io-1949cf8c6b5b557f/pack1-1.0.0/src/lib.rs --error-format=json --json=diagnostic-rendered-ansi,artifacts,future-incompat --crate-type lib --emit=dep-info,metadata,link -C opt-level=3 -C panic=abort -C codegen-units=4 -C debuginfo=line-tables-only --cfg 'feature="bytemuck"' --check-cfg 'cfg(docsrs,test)' --check-cfg 'cfg(feature, values("bytemuck"))' -C metadata=b32211c2812c9f49 -C extra-filename=-bfee2844a003931f --out-dir /tmp/crossdb-turso-target/release/deps -L dependency=/tmp/crossdb-turso-target/release/deps --extern bytemuck=/tmp/crossdb-turso-target/release/deps/libbytemuck-61496c927d5cc190.rmeta --cap-lints allow -C target-cpu=native`
   Compiling roaring v0.11.2
     Running `/home/opc/.rustup/toolchains/stable-aarch64-unknown-linux-gnu/bin/rustc --crate-name roaring --edition=2021 /home/opc/.cargo/registry/src/index.crates.io-1949cf8c6b5b557f/roaring-0.11.2/src/lib.rs --error-format=json --json=diagnostic-rendered-ansi,artifacts,future-incompat --crate-type lib --emit=dep-info,metadata,link -C opt-level=3 -C panic=abort -C codegen-units=4 -C debuginfo=line-tables-only --cfg 'feature="default"' --cfg 'feature="std"' --check-cfg 'cfg(docsrs,test)' --check-cfg 'cfg(feature, values("default", "serde", "simd", "std"))' -C metadata=400afcd8da547b55 -C extra-filename=-653fa15517684cad --out-dir /tmp/crossdb-turso-target/release/deps -L dependency=/tmp/crossdb-turso-target/release/deps --extern bytemuck=/tmp/crossdb-turso-target/release/deps/libbytemuck-61496c927d5cc190.rmeta --extern byteorder=/tmp/crossdb-turso-target/release/deps/libbyteorder-8346cd828264898a.rmeta --cap-lints allow -C target-cpu=native`
     Running `/home/opc/.rustup/toolchains/stable-aarch64-unknown-linux-gnu/bin/rustc --crate-name itertools --edition=2018 /home/opc/.cargo/registry/src/index.crates.io-1949cf8c6b5b557f/itertools-0.14.0/src/lib.rs --error-format=json --json=diagnostic-rendered-ansi,artifacts,future-incompat --crate-type lib --emit=dep-info,metadata,link -C embed-bitcode=no -C debug-assertions=off --cfg 'feature="default"' --cfg 'feature="use_alloc"' --cfg 'feature="use_std"' --check-cfg 'cfg(docsrs,test)' --check-cfg 'cfg(feature, values("default", "use_alloc", "use_std"))' -C metadata=bae1f013c236fd14 -C extra-filename=-a5b66d9a08e41a02 --out-dir /tmp/crossdb-turso-target/release/deps -L dependency=/tmp/crossdb-turso-target/release/deps --extern either=/tmp/crossdb-turso-target/release/deps/libeither-ce399df9530737d3.rmeta --cap-lints allow -C target-cpu=native`
   Compiling rapidhash v4.1.1
     Running `/home/opc/.rustup/toolchains/stable-aarch64-unknown-linux-gnu/bin/rustc --crate-name rapidhash --edition=2021 /home/opc/.cargo/registry/src/index.crates.io-1949cf8c6b5b557f/rapidhash-4.1.1/src/lib.rs --error-format=json --json=diagnostic-rendered-ansi,artifacts,future-incompat --crate-type lib --emit=dep-info,metadata,link -C opt-level=3 -C panic=abort -C codegen-units=4 -C debuginfo=line-tables-only --cfg 'feature="default"' --cfg 'feature="std"' --check-cfg 'cfg(docsrs,test)' --check-cfg 'cfg(feature, values("default", "nightly", "rand", "rng", "std", "unsafe"))' -C metadata=ab0150336d35c61b -C extra-filename=-790e9aa98d76edea --out-dir /tmp/crossdb-turso-target/release/deps -L dependency=/tmp/crossdb-turso-target/release/deps --extern rustversion=/tmp/crossdb-turso-target/release/deps/librustversion-0f4c0136ff4a3743.so --cap-lints allow -C target-cpu=native`
   Compiling thiserror-impl v1.0.69
     Running `/home/opc/.rustup/toolchains/stable-aarch64-unknown-linux-gnu/bin/rustc --crate-name thiserror_impl --edition=2021 /home/opc/.cargo/registry/src/index.crates.io-1949cf8c6b5b557f/thiserror-impl-1.0.69/src/lib.rs --error-format=json --json=diagnostic-rendered-ansi,artifacts,future-incompat --crate-type proc-macro --emit=dep-info,link -C prefer-dynamic -C embed-bitcode=no -C debug-assertions=off --check-cfg 'cfg(docsrs,test)' --check-cfg 'cfg(feature, values())' -C metadata=df38970d9d80d0b5 -C extra-filename=-e90a5169cdc608ee --out-dir /tmp/crossdb-turso-target/release/deps -L dependency=/tmp/crossdb-turso-target/release/deps --extern proc_macro2=/tmp/crossdb-turso-target/release/deps/libproc_macro2-161db97f1758d90e.rlib --extern quote=/tmp/crossdb-turso-target/release/deps/libquote-5c3f7e33372cef0a.rlib --extern syn=/tmp/crossdb-turso-target/release/deps/libsyn-73b8e456b142f972.rlib --extern proc_macro --cap-lints allow -C target-cpu=native`
     Running `/home/opc/.rustup/toolchains/stable-aarch64-unknown-linux-gnu/bin/rustc --crate-name libloading --edition=2015 /home/opc/.cargo/registry/src/index.crates.io-1949cf8c6b5b557f/libloading-0.8.6/src/lib.rs --error-format=json --json=diagnostic-rendered-ansi,artifacts,future-incompat --crate-type lib --emit=dep-info,metadata,link -C opt-level=3 -C panic=abort -C codegen-units=4 -C debuginfo=line-tables-only --warn=unexpected_cfgs --check-cfg 'cfg(docsrs,test)' --check-cfg 'cfg(feature, values())' -C metadata=4774b8a153697b06 -C extra-filename=-2fcdc910749538f9 --out-dir /tmp/crossdb-turso-target/release/deps -L dependency=/tmp/crossdb-turso-target/release/deps --extern cfg_if=/tmp/crossdb-turso-target/release/deps/libcfg_if-f71fb6b7fffc9a44.rmeta --cap-lints allow -C target-cpu=native`
   Compiling fallible-iterator v0.3.0
     Running `/home/opc/.rustup/toolchains/stable-aarch64-unknown-linux-gnu/bin/rustc --crate-name fallible_iterator --edition=2018 /home/opc/.cargo/registry/src/index.crates.io-1949cf8c6b5b557f/fallible-iterator-0.3.0/src/lib.rs --error-format=json --json=diagnostic-rendered-ansi,artifacts,future-incompat --crate-type lib --emit=dep-info,metadata,link -C opt-level=3 -C panic=abort -C codegen-units=4 -C debuginfo=line-tables-only --cfg 'feature="alloc"' --cfg 'feature="default"' --check-cfg 'cfg(docsrs,test)' --check-cfg 'cfg(feature, values("alloc", "default", "std"))' -C metadata=996802fc2b2fa7c3 -C extra-filename=-ee21640fa8b40996 --out-dir /tmp/crossdb-turso-target/release/deps -L dependency=/tmp/crossdb-turso-target/release/deps --cap-lints allow -C target-cpu=native`
   Compiling simdutf8 v0.1.5
     Running `/home/opc/.rustup/toolchains/stable-aarch64-unknown-linux-gnu/bin/rustc --crate-name simdutf8 --edition=2018 /home/opc/.cargo/registry/src/index.crates.io-1949cf8c6b5b557f/simdutf8-0.1.5/src/lib.rs --error-format=json --json=diagnostic-rendered-ansi,artifacts,future-incompat --crate-type lib --emit=dep-info,metadata,link -C opt-level=3 -C panic=abort -C codegen-units=4 -C debuginfo=line-tables-only --cfg 'feature="default"' --cfg 'feature="std"' --check-cfg 'cfg(docsrs,test)' --check-cfg 'cfg(feature, values("aarch64_neon", "aarch64_neon_prefetch", "default", "hints", "public_imp", "std"))' -C metadata=fa1680e86f1cb35a -C extra-filename=-ba7884819d58bad8 --out-dir /tmp/crossdb-turso-target/release/deps -L dependency=/tmp/crossdb-turso-target/release/deps --cap-lints allow -C target-cpu=native`
   Compiling cfg_block v0.1.1
     Running `/home/opc/.rustup/toolchains/stable-aarch64-unknown-linux-gnu/bin/rustc --crate-name cfg_block --edition=2021 /home/opc/.cargo/registry/src/index.crates.io-1949cf8c6b5b557f/cfg_block-0.1.1/src/lib.rs --error-format=json --json=diagnostic-rendered-ansi,artifacts,future-incompat --crate-type lib --emit=dep-info,metadata,link -C opt-level=3 -C panic=abort -C codegen-units=4 -C debuginfo=line-tables-only --check-cfg 'cfg(docsrs,test)' --check-cfg 'cfg(feature, values())' -C metadata=c6f9f499b2308b6d -C extra-filename=-ebb07ee79f0dc08c --out-dir /tmp/crossdb-turso-target/release/deps -L dependency=/tmp/crossdb-turso-target/release/deps --cap-lints allow -C target-cpu=native`
   Compiling allocator-api2 v0.4.0
     Running `/home/opc/.rustup/toolchains/stable-aarch64-unknown-linux-gnu/bin/rustc --crate-name allocator_api2 --edition=2018 /home/opc/.cargo/registry/src/index.crates.io-1949cf8c6b5b557f/allocator-api2-0.4.0/src/lib.rs --error-format=json --json=diagnostic-rendered-ansi,artifacts,future-incompat --crate-type lib --emit=dep-info,metadata,link -C opt-level=3 -C panic=abort -C codegen-units=4 -C debuginfo=line-tables-only --warn=unexpected_cfgs --check-cfg 'cfg(no_global_oom_handling)' --cfg 'feature="alloc"' --cfg 'feature="default"' --cfg 'feature="std"' --check-cfg 'cfg(docsrs,test)' --check-cfg 'cfg(feature, values("alloc", "default", "fresh-rust", "serde", "std"))' -C metadata=3ca1a1edc763aa93 -C extra-filename=-d4acb71f74988034 --out-dir /tmp/crossdb-turso-target/release/deps -L dependency=/tmp/crossdb-turso-target/release/deps --cap-lints allow -C target-cpu=native`
   Compiling bytes v1.11.1
     Running `/home/opc/.rustup/toolchains/stable-aarch64-unknown-linux-gnu/bin/rustc --crate-name bytes --edition=2021 /home/opc/.cargo/registry/src/index.crates.io-1949cf8c6b5b557f/bytes-1.11.1/src/lib.rs --error-format=json --json=diagnostic-rendered-ansi,artifacts,future-incompat --crate-type lib --emit=dep-info,metadata,link -C opt-level=3 -C panic=abort -C codegen-units=4 -C debuginfo=line-tables-only --warn=unexpected_cfgs --check-cfg 'cfg(loom)' --cfg 'feature="default"' --cfg 'feature="std"' --check-cfg 'cfg(docsrs,test)' --check-cfg 'cfg(feature, values("default", "extra-platforms", "serde", "std"))' -C metadata=5b4c740aa6f0348f -C extra-filename=-cc965b86e4d7e9a6 --out-dir /tmp/crossdb-turso-target/release/deps -L dependency=/tmp/crossdb-turso-target/release/deps --cap-lints allow -C target-cpu=native`
   Compiling bumpalo v3.17.0
     Running `/home/opc/.rustup/toolchains/stable-aarch64-unknown-linux-gnu/bin/rustc --crate-name bumpalo --edition=2021 /home/opc/.cargo/registry/src/index.crates.io-1949cf8c6b5b557f/bumpalo-3.17.0/src/lib.rs --error-format=json --json=diagnostic-rendered-ansi,artifacts,future-incompat --crate-type lib --emit=dep-info,metadata,link -C opt-level=3 -C panic=abort -C codegen-units=4 -C debuginfo=line-tables-only --cfg 'feature="collections"' --cfg 'feature="default"' --check-cfg 'cfg(docsrs,test)' --check-cfg 'cfg(feature, values("allocator-api2", "allocator_api", "boxed", "collections", "default", "serde", "std"))' -C metadata=6b1575222c64576b -C extra-filename=-0e1d9fce26816805 --out-dir /tmp/crossdb-turso-target/release/deps -L dependency=/tmp/crossdb-turso-target/release/deps --cap-lints allow -C target-cpu=native`
   Compiling hex v0.4.3
     Running `/home/opc/.rustup/toolchains/stable-aarch64-unknown-linux-gnu/bin/rustc --crate-name hex --edition=2018 /home/opc/.cargo/registry/src/index.crates.io-1949cf8c6b5b557f/hex-0.4.3/src/lib.rs --error-format=json --json=diagnostic-rendered-ansi,artifacts,future-incompat --crate-type lib --emit=dep-info,metadata,link -C opt-level=3 -C panic=abort -C codegen-units=4 -C debuginfo=line-tables-only --cfg 'feature="alloc"' --cfg 'feature="default"' --cfg 'feature="std"' --check-cfg 'cfg(docsrs,test)' --check-cfg 'cfg(feature, values("alloc", "default", "serde", "std"))' -C metadata=bffa1ca2bc0baa42 -C extra-filename=-c5bd6b40e0c44bf3 --out-dir /tmp/crossdb-turso-target/release/deps -L dependency=/tmp/crossdb-turso-target/release/deps --cap-lints allow -C target-cpu=native`
   Compiling pastey v0.2.1
     Running `/home/opc/.rustup/toolchains/stable-aarch64-unknown-linux-gnu/bin/rustc --crate-name pastey --edition=2018 /home/opc/.cargo/registry/src/index.crates.io-1949cf8c6b5b557f/pastey-0.2.1/src/lib.rs --error-format=json --json=diagnostic-rendered-ansi,artifacts,future-incompat --crate-type proc-macro --emit=dep-info,link -C prefer-dynamic -C embed-bitcode=no -C debug-assertions=off --check-cfg 'cfg(docsrs,test)' --check-cfg 'cfg(feature, values())' -C metadata=1ead6ccbb66d9a07 -C extra-filename=-53280bd787f4f398 --out-dir /tmp/crossdb-turso-target/release/deps -L dependency=/tmp/crossdb-turso-target/release/deps --extern proc_macro --cap-lints allow -C target-cpu=native`
     Running `/home/opc/.rustup/toolchains/stable-aarch64-unknown-linux-gnu/bin/rustc --crate-name turso_core --edition=2021 /tmp/turso-crossdb/core/lib.rs --error-format=json --json=diagnostic-rendered-ansi,artifacts,future-incompat --crate-type lib --emit=dep-info,metadata,link -C opt-level=3 -C panic=abort -C codegen-units=4 -C debuginfo=line-tables-only --allow=unstable_name_collisions --warn=unexpected_cfgs '--deny=clippy::stable_sort_primitive' '--deny=clippy::redundant_clone' '--deny=clippy::or_fun_call' '--deny=clippy::naive_bytecount' '--deny=clippy::large_types_passed_by_value' '--deny=clippy::large_stack_frames' '--deny=clippy::collection_is_never_read' '--deny=clippy::clear_with_drain' '--deny=clippy::await_holding_lock' '--deny=clippy::assigning_clones' --check-cfg 'cfg(loom)' --check-cfg 'cfg(shuttle)' --check-cfg 'cfg(antithesis)' --check-cfg 'cfg(nightly)' --cfg 'feature="autovacuum"' --cfg 'feature="conn_raw_api"' --cfg 'feature="default"' --cfg 'feature="encryption"' --cfg 'feature="experimental_win_iocp"' --cfg 'feature="fs"' --cfg 'feature="fts"' --cfg 'feature="io_uring"' --cfg 'feature="json"' --cfg 'feature="percentile"' --cfg 'feature="pure-rust-crypto"' --cfg 'feature="series"' --cfg 'feature="simd"' --cfg 'feature="time"' --cfg 'feature="uuid"' --check-cfg 'cfg(docsrs,test)' --check-cfg 'cfg(feature, values("allocation_metric", "aristo-instr", "autovacuum", "bench", "checksum", "cli_only", "codspeed", "conn_raw_api", "default", "encryption", "experimental_win_iocp", "fs", "fts", "fuzz", "io_memory_yield", "io_uring", "json", "nanosecond-bench", "optimizer_params", "percentile", "pure-rust-crypto", "serde", "series", "simd", "simulator", "stacker", "test_helper", "time", "tracing_release", "uuid"))' -C metadata=ea65b0bf0b42f335 -C extra-filename=-408737c8d61a6ed3 --out-dir /tmp/crossdb-turso-target/release/deps -L dependency=/tmp/crossdb-turso-target/release/deps --extern aegis=/tmp/crossdb-turso-target/release/deps/libaegis-26ab7cb9bb85a3fd.rmeta --extern aes=/tmp/crossdb-turso-target/release/deps/libaes-00edc71867c5c4bd.rmeta --extern aes_gcm=/tmp/crossdb-turso-target/release/deps/libaes_gcm-6a7386193d29e653.rmeta --extern allocator_api2=/tmp/crossdb-turso-target/release/deps/liballocator_api2-d4acb71f74988034.rmeta --extern arc_swap=/tmp/crossdb-turso-target/release/deps/libarc_swap-35355341ee395220.rmeta --extern aristo=/tmp/crossdb-turso-target/release/deps/libaristo-d4a024b719890a3b.rmeta --extern bigdecimal=/tmp/crossdb-turso-target/release/deps/libbigdecimal-70333ee520152639.rmeta --extern bitflags=/tmp/crossdb-turso-target/release/deps/libbitflags-2a3983efc3670ae1.rmeta --extern branches=/tmp/crossdb-turso-target/release/deps/libbranches-31137f6e210d921f.rmeta --extern bumpalo=/tmp/crossdb-turso-target/release/deps/libbumpalo-0e1d9fce26816805.rmeta --extern bytemuck=/tmp/crossdb-turso-target/release/deps/libbytemuck-61496c927d5cc190.rmeta --extern cfg_block=/tmp/crossdb-turso-target/release/deps/libcfg_block-ebb07ee79f0dc08c.rmeta --extern chrono=/tmp/crossdb-turso-target/release/deps/libchrono-2d0232353b3d0c85.rmeta --extern crc32c=/tmp/crossdb-turso-target/release/deps/libcrc32c-e564cf02fddd93c3.rmeta --extern crc32fast=/tmp/crossdb-turso-target/release/deps/libcrc32fast-5145510b9e2a6b29.rmeta --extern crossbeam_epoch=/tmp/crossdb-turso-target/release/deps/libcrossbeam_epoch-6189978c62fb27bd.rmeta --extern crossbeam_utils=/tmp/crossdb-turso-target/release/deps/libcrossbeam_utils-a9ea6a3612052c9b.rmeta --extern either=/tmp/crossdb-turso-target/release/deps/libeither-1c50b50c501203a6.rmeta --extern fallible_iterator=/tmp/crossdb-turso-target/release/deps/libfallible_iterator-ee21640fa8b40996.rmeta --extern fastbloom=/tmp/crossdb-turso-target/release/deps/libfastbloom-2db8ae16333e5739.rmeta --extern hex=/tmp/crossdb-turso-target/release/deps/libhex-c5bd6b40e0c44bf3.rmeta --extern icu_collator=/tmp/crossdb-turso-target/release/deps/libicu_collator-799f427b190cd970.rmeta --extern icu_locale=/tmp/crossdb-turso-target/release/deps/libicu_locale-7e77d7a54c180b8c.rmeta --extern intrusive_collections=/tmp/crossdb-turso-target/release/deps/libintrusive_collections-35ca44b35e00c6c6.rmeta --extern io_uring=/tmp/crossdb-turso-target/release/deps/libio_uring-cf69a29282d575f7.rmeta --extern libc=/tmp/crossdb-turso-target/release/deps/liblibc-9e79d656281227d1.rmeta --extern libloading=/tmp/crossdb-turso-target/release/deps/liblibloading-2fcdc910749538f9.rmeta --extern libm=/tmp/crossdb-turso-target/release/deps/liblibm-a7e5309f5bcb9877.rmeta --extern miette=/tmp/crossdb-turso-target/release/deps/libmiette-3f29b3ffce2e586f.rmeta --extern num_bigint=/tmp/crossdb-turso-target/release/deps/libnum_bigint-b2fc6c158ddbccf6.rmeta --extern num_traits=/tmp/crossdb-turso-target/release/deps/libnum_traits-5a0c67f6c18575a5.rmeta --extern pack1=/tmp/crossdb-turso-target/release/deps/libpack1-bfee2844a003931f.rmeta --extern parking_lot=/tmp/crossdb-turso-target/release/deps/libparking_lot-39dcb398d2b83012.rmeta --extern pastey=/tmp/crossdb-turso-target/release/deps/libpastey-53280bd787f4f398.so --extern polling=/tmp/crossdb-turso-target/release/deps/libpolling-f5f2e067092d7cda.rmeta --extern rand=/tmp/crossdb-turso-target/release/deps/librand-b027bbbe457d49d4.rmeta --extern rapidhash=/tmp/crossdb-turso-target/release/deps/librapidhash-790e9aa98d76edea.rmeta --extern regex=/tmp/crossdb-turso-target/release/deps/libregex-d4ac5ec4b5bcaf76.rmeta --extern regex_syntax=/tmp/crossdb-turso-target/release/deps/libregex_syntax-a846623b54585926.rmeta --extern roaring=/tmp/crossdb-turso-target/release/deps/libroaring-653fa15517684cad.rmeta --extern rustc_hash=/tmp/crossdb-turso-target/release/deps/librustc_hash-74b00996a13346ef.rmeta --extern rustix=/tmp/crossdb-turso-target/release/deps/librustix-305e4b922d1feba2.rmeta --extern ryu=/tmp/crossdb-turso-target/release/deps/libryu-de3de3b5637dab70.rmeta --extern serde_json=/tmp/crossdb-turso-target/release/deps/libserde_json-c53aaced51cae6c5.rmeta --extern simdutf8=/tmp/crossdb-turso-target/release/deps/libsimdutf8-ba7884819d58bad8.rmeta --extern simsimd=/tmp/crossdb-turso-target/release/deps/libsimsimd-6f7df00a27284c9e.rmeta --extern smallvec=/tmp/crossdb-turso-target/release/deps/libsmallvec-aa4f292241a651e6.rmeta --extern strum=/tmp/crossdb-turso-target/release/deps/libstrum-a59ecf6dda60022a.rmeta --extern strum_macros=/tmp/crossdb-turso-target/release/deps/libstrum_macros-368f8dd9bcce4cce.so --extern tantivy=/tmp/crossdb-turso-target/release/deps/libtantivy-330d7f41d12a42e9.rmeta --extern tempfile=/tmp/crossdb-turso-target/release/deps/libtempfile-717b6ea76c3ea289.rmeta --extern thiserror=/tmp/crossdb-turso-target/release/deps/libthiserror-20c0d7e3b0cd1919.rmeta --extern tracing=/tmp/crossdb-turso-target/release/deps/libtracing-fce2d56f8a37498e.rmeta --extern tracing_subscriber=/tmp/crossdb-turso-target/release/deps/libtracing_subscriber-fb0d20fccf86135a.rmeta --extern turso_ext=/tmp/crossdb-turso-target/release/deps/libturso_ext-c5dc382cdc2ee4a9.rmeta --extern turso_macros=/tmp/crossdb-turso-target/release/deps/libturso_macros-8b1f7f4c3203af87.so --extern turso_parser=/tmp/crossdb-turso-target/release/deps/libturso_parser-27b7d809868d263d.rmeta --extern twox_hash=/tmp/crossdb-turso-target/release/deps/libtwox_hash-9cdfa2b30784e46a.rmeta --extern uncased=/tmp/crossdb-turso-target/release/deps/libuncased-daf5d6557401957c.rmeta --extern uuid=/tmp/crossdb-turso-target/release/deps/libuuid-9811063345b79f06.rmeta -C target-cpu=native -L native=/tmp/crossdb-turso-target/release/build/simsimd-ba51052c7fd6fc78/out -L native=/tmp/crossdb-turso-target/release/build/zstd-sys-3f310674bc734c67/out --cfg host_shared_wal --check-cfg 'cfg(injected_yields)' --check-cfg 'cfg(host_shared_wal)'`
warning: function pointer comparisons do not produce meaningful results since their addresses are not guaranteed to be unique
   --> /tmp/turso-crossdb/core/types.rs:830:5
    |
825 | #[derive(Debug, Clone, PartialEq)]
    |                        --------- in this derive macro expansion
...
830 |     pub step_fn: StepFunction,
    |     ^^^^^^^^^^^^^^^^^^^^^^^^^
    |
    = note: the address of the same function can vary between different codegen units
    = note: furthermore, different functions could have the same address after being merged together
    = note: for more information visit <https://doc.rust-lang.org/nightly/core/ptr/fn.fn_addr_eq.html>
    = note: `#[warn(unpredictable_function_pointer_comparisons)]` on by default

warning: function pointer comparisons do not produce meaningful results since their addresses are not guaranteed to be unique
   --> /tmp/turso-crossdb/core/types.rs:831:5
    |
825 | #[derive(Debug, Clone, PartialEq)]
    |                        --------- in this derive macro expansion
...
831 |     pub finalize_fn: FinalizeFunction,
    |     ^^^^^^^^^^^^^^^^^^^^^^^^^^^^^^^^^
    |
    = note: the address of the same function can vary between different codegen units
    = note: furthermore, different functions could have the same address after being merged together
    = note: for more information visit <https://doc.rust-lang.org/nightly/core/ptr/fn.fn_addr_eq.html>

warning: function pointer comparisons do not produce meaningful results since their addresses are not guaranteed to be unique
   --> /tmp/turso-crossdb/core/types.rs:832:5
    |
825 | #[derive(Debug, Clone, PartialEq)]
    |                        --------- in this derive macro expansion
...
832 |     pub aggregate_destructor: Option<ContextDestructor>,
    |     ^^^^^^^^^^^^^^^^^^^^^^^^^^^^^^^^^^^^^^^^^^^^^^^^^^^
    |
    = note: the address of the same function can vary between different codegen units
    = note: furthermore, different functions could have the same address after being merged together
    = note: for more information visit <https://doc.rust-lang.org/nightly/core/ptr/fn.fn_addr_eq.html>

warning: function pointer comparisons do not produce meaningful results since their addresses are not guaranteed to be unique
   --> /tmp/turso-crossdb/core/types.rs:833:5
    |
825 | #[derive(Debug, Clone, PartialEq)]
    |                        --------- in this derive macro expansion
...
833 |     pub value_destructor: Option<ValueDestructor>,
    |     ^^^^^^^^^^^^^^^^^^^^^^^^^^^^^^^^^^^^^^^^^^^^^
    |
    = note: the address of the same function can vary between different codegen units
    = note: furthermore, different functions could have the same address after being merged together
    = note: for more information visit <https://doc.rust-lang.org/nightly/core/ptr/fn.fn_addr_eq.html>

warning: hiding a lifetime that's elided elsewhere is confusing
  --> /tmp/turso-crossdb/core/vector/operations/text.rs:69:56
   |
69 | pub fn vector_from_text(vector_type: VectorType, text: &str) -> Result<Vector> {
   |                                                        ^^^^            ^^^^^^ the same lifetime is hidden here
   |                                                        |
   |                                                        the lifetime is elided here
   |
   = help: the same lifetime is referred to in inconsistent ways, making the signature confusing
   = note: `#[warn(mismatched_lifetime_syntaxes)]` on by default
help: use `'_` for type paths
   |
69 | pub fn vector_from_text(vector_type: VectorType, text: &str) -> Result<Vector<'_>> {
   |                                                                              ++++

     Running `/home/opc/.rustup/toolchains/stable-aarch64-unknown-linux-gnu/bin/rustc --crate-name thiserror --edition=2021 /home/opc/.cargo/registry/src/index.crates.io-1949cf8c6b5b557f/thiserror-1.0.69/src/lib.rs --error-format=json --json=diagnostic-rendered-ansi,artifacts,future-incompat --crate-type lib --emit=dep-info,metadata,link -C opt-level=3 -C panic=abort -C codegen-units=4 -C debuginfo=line-tables-only --check-cfg 'cfg(docsrs,test)' --check-cfg 'cfg(feature, values())' -C metadata=2fd2c1a25e5e964b -C extra-filename=-cc7dde9b232a2093 --out-dir /tmp/crossdb-turso-target/release/deps -L dependency=/tmp/crossdb-turso-target/release/deps --extern thiserror_impl=/tmp/crossdb-turso-target/release/deps/libthiserror_impl-e90a5169cdc608ee.so --cap-lints allow -C target-cpu=native --check-cfg 'cfg(error_generic_member_access)' --check-cfg 'cfg(thiserror_nightly_testing)'`
   Compiling prost-derive v0.14.1
     Running `/home/opc/.rustup/toolchains/stable-aarch64-unknown-linux-gnu/bin/rustc --crate-name prost_derive --edition=2021 /home/opc/.cargo/registry/src/index.crates.io-1949cf8c6b5b557f/prost-derive-0.14.1/src/lib.rs --error-format=json --json=diagnostic-rendered-ansi,artifacts,future-incompat --crate-type proc-macro --emit=dep-info,link -C prefer-dynamic -C embed-bitcode=no -C debug-assertions=off --check-cfg 'cfg(docsrs,test)' --check-cfg 'cfg(feature, values())' -C metadata=5e90bc3787206434 -C extra-filename=-c4684f44a01006a7 --out-dir /tmp/crossdb-turso-target/release/deps -L dependency=/tmp/crossdb-turso-target/release/deps --extern anyhow=/tmp/crossdb-turso-target/release/deps/libanyhow-f9989a40b6c7e426.rlib --extern itertools=/tmp/crossdb-turso-target/release/deps/libitertools-a5b66d9a08e41a02.rlib --extern proc_macro2=/tmp/crossdb-turso-target/release/deps/libproc_macro2-161db97f1758d90e.rlib --extern quote=/tmp/crossdb-turso-target/release/deps/libquote-5c3f7e33372cef0a.rlib --extern syn=/tmp/crossdb-turso-target/release/deps/libsyn-73b8e456b142f972.rlib --extern proc_macro --cap-lints allow -C target-cpu=native`
   Compiling turso_sdk_kit v0.8.0-pre.13 (/tmp/turso-crossdb/sdk-kit)
     Running `/home/opc/.rustup/toolchains/stable-aarch64-unknown-linux-gnu/bin/rustc --crate-name build_script_build --edition=2021 /tmp/turso-crossdb/sdk-kit/build.rs --error-format=json --json=diagnostic-rendered-ansi,artifacts,future-incompat --crate-type bin --emit=dep-info,link -C embed-bitcode=no -C debug-assertions=off --cfg 'feature="default"' --cfg 'feature="encryption"' --cfg 'feature="fts"' --cfg 'feature="pure-rust-crypto"' --check-cfg 'cfg(docsrs,test)' --check-cfg 'cfg(feature, values("default", "encryption", "fts", "pure-rust-crypto"))' -C metadata=83e3dd8c10b5e62d -C extra-filename=-06fa1ea11c3a7e47 --out-dir /tmp/crossdb-turso-target/release/build/turso_sdk_kit-06fa1ea11c3a7e47 -L dependency=/tmp/crossdb-turso-target/release/deps --extern bindgen=/tmp/crossdb-turso-target/release/deps/libbindgen-cc74e89683e402cc.rlib -C target-cpu=native`
   Compiling env_filter v0.1.3
     Running `/home/opc/.rustup/toolchains/stable-aarch64-unknown-linux-gnu/bin/rustc --crate-name env_filter --edition=2021 /home/opc/.cargo/registry/src/index.crates.io-1949cf8c6b5b557f/env_filter-0.1.3/src/lib.rs --error-format=json --json=diagnostic-rendered-ansi,artifacts,future-incompat --crate-type lib --emit=dep-info,metadata,link -C opt-level=3 -C panic=abort -C codegen-units=4 -C debuginfo=line-tables-only --warn=rust_2018_idioms '--warn=clippy::zero_sized_map_values' '--warn=clippy::wildcard_imports' '--warn=clippy::verbose_file_reads' --warn=unused_qualifications --warn=unused_macro_rules --warn=unused_lifetimes --warn=unsafe_op_in_unsafe_fn --warn=unreachable_pub '--warn=clippy::uninlined_format_args' '--warn=clippy::trait_duplication_in_bounds' '--warn=clippy::todo' '--warn=clippy::string_to_string' '--warn=clippy::string_lit_as_bytes' '--warn=clippy::string_add_assign' '--warn=clippy::string_add' '--warn=clippy::str_to_string' '--warn=clippy::semicolon_if_nothing_returned' '--warn=clippy::self_named_module_files' '--warn=clippy::same_functions_in_if_condition' '--allow=clippy::result_large_err' '--warn=clippy::rest_pat_in_fully_bound_structs' '--warn=clippy::ref_option_ref' '--warn=clippy::redundant_feature_names' '--warn=clippy::rc_mutex' '--warn=clippy::ptr_as_ptr' '--warn=clippy::path_buf_push_overwrite' '--warn=clippy::negative_feature_names' '--warn=clippy::needless_for_each' '--warn=clippy::needless_continue' '--warn=clippy::mutex_integer' '--warn=clippy::mem_forget' '--warn=clippy::macro_use_imports' '--warn=clippy::lossy_float_literal' '--warn=clippy::linkedlist' '--allow=clippy::let_and_return' '--warn=clippy::large_types_passed_by_value' '--warn=clippy::large_stack_arrays' '--warn=clippy::large_digit_groups' '--warn=clippy::invalid_upcast_comparisons' '--warn=clippy::infinite_loop' '--warn=clippy::inefficient_to_string' '--warn=clippy::inconsistent_struct_constructor' '--warn=clippy::imprecise_flops' '--warn=clippy::implicit_clone' '--allow=clippy::if_same_then_else' '--warn=clippy::from_iter_instead_of_collect' '--warn=clippy::fn_params_excessive_bools' '--warn=clippy::float_cmp_const' '--warn=clippy::flat_map_option' '--warn=clippy::filter_map_next' '--warn=clippy::fallible_impl_from' '--warn=clippy::explicit_into_iter_loop' '--warn=clippy::explicit_deref_methods' '--warn=clippy::expl_impl_clone_on_copy' '--warn=clippy::enum_glob_use' '--warn=clippy::empty_enum' '--warn=clippy::doc_markdown' '--warn=clippy::debug_assert_with_mut_call' '--warn=clippy::dbg_macro' '--warn=clippy::create_dir' '--allow=clippy::collapsible_else_if' '--warn=clippy::checked_conversions' '--allow=clippy::branches_sharing_code' '--allow=clippy::bool_assert_comparison' --check-cfg 'cfg(docsrs,test)' --check-cfg 'cfg(feature, values("default", "regex"))' -C metadata=8959321896e50267 -C extra-filename=-8d891113bc02833c --out-dir /tmp/crossdb-turso-target/release/deps -L dependency=/tmp/crossdb-turso-target/release/deps --extern log=/tmp/crossdb-turso-target/release/deps/liblog-169bd1157f94eda1.rmeta --cap-lints allow -C target-cpu=native`
   Compiling libmimalloc-sys v0.1.43
     Running `/home/opc/.rustup/toolchains/stable-aarch64-unknown-linux-gnu/bin/rustc --crate-name build_script_build --edition=2018 /home/opc/.cargo/registry/src/index.crates.io-1949cf8c6b5b557f/libmimalloc-sys-0.1.43/build.rs --error-format=json --json=diagnostic-rendered-ansi,artifacts,future-incompat --crate-type bin --emit=dep-info,link -C embed-bitcode=no -C debug-assertions=off --check-cfg 'cfg(docsrs,test)' --check-cfg 'cfg(feature, values("arena", "cty", "debug", "debug_in_debug", "extended", "local_dynamic_tls", "no_thp", "override", "secure"))' -C metadata=1ee4872dee1ac6a1 -C extra-filename=-7961907810f56bdb --out-dir /tmp/crossdb-turso-target/release/build/libmimalloc-sys-7961907810f56bdb -L dependency=/tmp/crossdb-turso-target/release/deps --extern cc=/tmp/crossdb-turso-target/release/deps/libcc-00d7e0c0fb7385c9.rlib --cap-lints allow -C target-cpu=native`
   Compiling genawaiter-macro v0.99.1
     Running `/home/opc/.rustup/toolchains/stable-aarch64-unknown-linux-gnu/bin/rustc --crate-name genawaiter_macro --edition=2018 /home/opc/.cargo/registry/src/index.crates.io-1949cf8c6b5b557f/genawaiter-macro-0.99.1/src/lib.rs --error-format=json --json=diagnostic-rendered-ansi,artifacts,future-incompat --crate-type lib --emit=dep-info,metadata,link -C opt-level=3 -C panic=abort -C codegen-units=4 -C debuginfo=line-tables-only --check-cfg 'cfg(docsrs,test)' --check-cfg 'cfg(feature, values("proc_macro", "strict"))' -C metadata=e487b7ddbeac1196 -C extra-filename=-15dffdfc9bccbf67 --out-dir /tmp/crossdb-turso-target/release/deps -L dependency=/tmp/crossdb-turso-target/release/deps --cap-lints allow -C target-cpu=native`
   Compiling genawaiter v0.99.1
     Running `/home/opc/.rustup/toolchains/stable-aarch64-unknown-linux-gnu/bin/rustc --crate-name genawaiter --edition=2018 /home/opc/.cargo/registry/src/index.crates.io-1949cf8c6b5b557f/genawaiter-0.99.1/src/lib.rs --error-format=json --json=diagnostic-rendered-ansi,artifacts,future-incompat --crate-type lib --emit=dep-info,metadata,link -C opt-level=3 -C panic=abort -C codegen-units=4 -C debuginfo=line-tables-only --check-cfg 'cfg(docsrs,test)' --check-cfg 'cfg(feature, values("default", "futures-core", "futures03", "genawaiter-proc-macro", "nightly", "proc-macro-hack", "proc_macro", "strict"))' -C metadata=68f86bf79886b852 -C extra-filename=-bc78a54471b2da17 --out-dir /tmp/crossdb-turso-target/release/deps -L dependency=/tmp/crossdb-turso-target/release/deps --extern genawaiter_macro=/tmp/crossdb-turso-target/release/deps/libgenawaiter_macro-15dffdfc9bccbf67.rmeta --cap-lints allow -C target-cpu=native`
     Running `/tmp/crossdb-turso-target/release/build/libmimalloc-sys-7961907810f56bdb/build-script-build`
   Compiling env_logger v0.11.7
     Running `/home/opc/.rustup/toolchains/stable-aarch64-unknown-linux-gnu/bin/rustc --crate-name env_logger --edition=2021 /home/opc/.cargo/registry/src/index.crates.io-1949cf8c6b5b557f/env_logger-0.11.7/src/lib.rs --error-format=json --json=diagnostic-rendered-ansi,artifacts,future-incompat --crate-type lib --emit=dep-info,metadata,link -C opt-level=3 -C panic=abort -C codegen-units=4 -C debuginfo=line-tables-only --warn=rust_2018_idioms '--warn=clippy::zero_sized_map_values' '--warn=clippy::wildcard_imports' '--warn=clippy::verbose_file_reads' --warn=unused_qualifications --warn=unused_macro_rules --warn=unused_lifetimes --warn=unsafe_op_in_unsafe_fn --warn=unreachable_pub '--warn=clippy::uninlined_format_args' '--warn=clippy::trait_duplication_in_bounds' '--warn=clippy::todo' '--warn=clippy::string_to_string' '--warn=clippy::string_lit_as_bytes' '--warn=clippy::string_add_assign' '--warn=clippy::string_add' '--warn=clippy::str_to_string' '--warn=clippy::semicolon_if_nothing_returned' '--warn=clippy::self_named_module_files' '--warn=clippy::same_functions_in_if_condition' '--allow=clippy::result_large_err' '--warn=clippy::rest_pat_in_fully_bound_structs' '--warn=clippy::ref_option_ref' '--warn=clippy::redundant_feature_names' '--warn=clippy::rc_mutex' '--warn=clippy::ptr_as_ptr' '--warn=clippy::path_buf_push_overwrite' '--warn=clippy::negative_feature_names' '--warn=clippy::needless_for_each' '--warn=clippy::needless_continue' '--warn=clippy::mutex_integer' '--warn=clippy::mem_forget' '--warn=clippy::macro_use_imports' '--warn=clippy::lossy_float_literal' '--warn=clippy::linkedlist' '--allow=clippy::let_and_return' '--warn=clippy::large_types_passed_by_value' '--warn=clippy::large_stack_arrays' '--warn=clippy::large_digit_groups' '--warn=clippy::invalid_upcast_comparisons' '--warn=clippy::infinite_loop' '--warn=clippy::inefficient_to_string' '--warn=clippy::inconsistent_struct_constructor' '--warn=clippy::imprecise_flops' '--warn=clippy::implicit_clone' '--allow=clippy::if_same_then_else' '--warn=clippy::from_iter_instead_of_collect' '--warn=clippy::fn_params_excessive_bools' '--warn=clippy::float_cmp_const' '--warn=clippy::flat_map_option' '--warn=clippy::filter_map_next' '--warn=clippy::fallible_impl_from' '--warn=clippy::explicit_into_iter_loop' '--warn=clippy::explicit_deref_methods' '--warn=clippy::expl_impl_clone_on_copy' '--warn=clippy::enum_glob_use' '--warn=clippy::empty_enum' '--warn=clippy::doc_markdown' '--warn=clippy::debug_assert_with_mut_call' '--warn=clippy::dbg_macro' '--warn=clippy::create_dir' '--allow=clippy::collapsible_else_if' '--warn=clippy::checked_conversions' '--allow=clippy::branches_sharing_code' '--allow=clippy::bool_assert_comparison' --check-cfg 'cfg(docsrs,test)' --check-cfg 'cfg(feature, values("auto-color", "color", "default", "humantime", "regex", "unstable-kv"))' -C metadata=d7931ba5760239e7 -C extra-filename=-6c05cc9996eb8467 --out-dir /tmp/crossdb-turso-target/release/deps -L dependency=/tmp/crossdb-turso-target/release/deps --extern env_filter=/tmp/crossdb-turso-target/release/deps/libenv_filter-8d891113bc02833c.rmeta --extern log=/tmp/crossdb-turso-target/release/deps/liblog-169bd1157f94eda1.rmeta --cap-lints allow -C target-cpu=native`
     Running `/tmp/crossdb-turso-target/release/build/turso_sdk_kit-06fa1ea11c3a7e47/build-script-build`
   Compiling prost v0.14.1
     Running `/home/opc/.rustup/toolchains/stable-aarch64-unknown-linux-gnu/bin/rustc --crate-name prost --edition=2021 /home/opc/.cargo/registry/src/index.crates.io-1949cf8c6b5b557f/prost-0.14.1/src/lib.rs --error-format=json --json=diagnostic-rendered-ansi,artifacts,future-incompat --crate-type lib --emit=dep-info,metadata,link -C opt-level=3 -C panic=abort -C codegen-units=4 -C debuginfo=line-tables-only --cfg 'feature="default"' --cfg 'feature="derive"' --cfg 'feature="std"' --check-cfg 'cfg(docsrs,test)' --check-cfg 'cfg(feature, values("default", "derive", "no-recursion-limit", "std"))' -C metadata=58ce73d3affa5252 -C extra-filename=-9f21362a479806b8 --out-dir /tmp/crossdb-turso-target/release/deps -L dependency=/tmp/crossdb-turso-target/release/deps --extern bytes=/tmp/crossdb-turso-target/release/deps/libbytes-cc965b86e4d7e9a6.rmeta --extern prost_derive=/tmp/crossdb-turso-target/release/deps/libprost_derive-c4684f44a01006a7.so --cap-lints allow -C target-cpu=native`
   Compiling tracing-appender v0.2.3
     Running `/home/opc/.rustup/toolchains/stable-aarch64-unknown-linux-gnu/bin/rustc --crate-name tracing_appender --edition=2018 /home/opc/.cargo/registry/src/index.crates.io-1949cf8c6b5b557f/tracing-appender-0.2.3/src/lib.rs --error-format=json --json=diagnostic-rendered-ansi,artifacts,future-incompat --crate-type lib --emit=dep-info,metadata,link -C opt-level=3 -C panic=abort -C codegen-units=4 -C debuginfo=line-tables-only --check-cfg 'cfg(docsrs,test)' --check-cfg 'cfg(feature, values("parking_lot"))' -C metadata=6011a7e11630d5f0 -C extra-filename=-56442f683bb1d329 --out-dir /tmp/crossdb-turso-target/release/deps -L dependency=/tmp/crossdb-turso-target/release/deps --extern crossbeam_channel=/tmp/crossdb-turso-target/release/deps/libcrossbeam_channel-86b6a82fe2d3b3b1.rmeta --extern thiserror=/tmp/crossdb-turso-target/release/deps/libthiserror-cc7dde9b232a2093.rmeta --extern time=/tmp/crossdb-turso-target/release/deps/libtime-1035936a1404e707.rmeta --extern tracing_subscriber=/tmp/crossdb-turso-target/release/deps/libtracing_subscriber-fb0d20fccf86135a.rmeta --cap-lints allow -C target-cpu=native`
   Compiling http v1.3.1
     Running `/home/opc/.rustup/toolchains/stable-aarch64-unknown-linux-gnu/bin/rustc --crate-name http --edition=2018 /home/opc/.cargo/registry/src/index.crates.io-1949cf8c6b5b557f/http-1.3.1/src/lib.rs --error-format=json --json=diagnostic-rendered-ansi,artifacts,future-incompat --crate-type lib --emit=dep-info,metadata,link -C opt-level=3 -C panic=abort -C codegen-units=4 -C debuginfo=line-tables-only --cfg 'feature="default"' --cfg 'feature="std"' --check-cfg 'cfg(docsrs,test)' --check-cfg 'cfg(feature, values("default", "std"))' -C metadata=046d7b68400f4b80 -C extra-filename=-e8530c5ad2a9bad1 --out-dir /tmp/crossdb-turso-target/release/deps -L dependency=/tmp/crossdb-turso-target/release/deps --extern bytes=/tmp/crossdb-turso-target/release/deps/libbytes-cc965b86e4d7e9a6.rmeta --extern fnv=/tmp/crossdb-turso-target/release/deps/libfnv-cd5df0c4432bdf93.rmeta --extern itoa=/tmp/crossdb-turso-target/release/deps/libitoa-107de0cfbb930261.rmeta --cap-lints allow -C target-cpu=native`
   Compiling turso_sdk_kit_macros v0.8.0-pre.13 (/tmp/turso-crossdb/sdk-kit-macros)
     Running `/home/opc/.rustup/toolchains/stable-aarch64-unknown-linux-gnu/bin/rustc --crate-name turso_sdk_kit_macros --edition=2021 /tmp/turso-crossdb/sdk-kit-macros/src/lib.rs --error-format=json --json=diagnostic-rendered-ansi,artifacts,future-incompat --crate-type proc-macro --emit=dep-info,link -C prefer-dynamic -C embed-bitcode=no -C debug-assertions=off --check-cfg 'cfg(docsrs,test)' --check-cfg 'cfg(feature, values())' -C metadata=9c4b71fdf1dcd180 -C extra-filename=-548faa141a9e7eb8 --out-dir /tmp/crossdb-turso-target/release/deps -L dependency=/tmp/crossdb-turso-target/release/deps --extern proc_macro2=/tmp/crossdb-turso-target/release/deps/libproc_macro2-161db97f1758d90e.rlib --extern quote=/tmp/crossdb-turso-target/release/deps/libquote-5c3f7e33372cef0a.rlib --extern syn=/tmp/crossdb-turso-target/release/deps/libsyn-73b8e456b142f972.rlib --extern proc_macro -C target-cpu=native`
   Compiling turso_sync_engine v0.8.0-pre.13 (/tmp/turso-crossdb/sync/engine)
     Running `/home/opc/.rustup/toolchains/stable-aarch64-unknown-linux-gnu/bin/rustc --crate-name turso_sync_engine --edition=2021 /tmp/turso-crossdb/sync/engine/src/lib.rs --error-format=json --json=diagnostic-rendered-ansi,artifacts,future-incompat --crate-type lib --emit=dep-info,metadata,link -C opt-level=3 -C panic=abort -C codegen-units=4 -C debuginfo=line-tables-only --check-cfg 'cfg(docsrs,test)' --check-cfg 'cfg(feature, values())' -C metadata=b8e225a7f309f184 -C extra-filename=-1fe3938e0e59cd11 --out-dir /tmp/crossdb-turso-target/release/deps -L dependency=/tmp/crossdb-turso-target/release/deps --extern base64=/tmp/crossdb-turso-target/release/deps/libbase64-dc83a2b0458e4c00.rmeta --extern bytes=/tmp/crossdb-turso-target/release/deps/libbytes-cc965b86e4d7e9a6.rmeta --extern crc32c=/tmp/crossdb-turso-target/release/deps/libcrc32c-e564cf02fddd93c3.rmeta --extern genawaiter=/tmp/crossdb-turso-target/release/deps/libgenawaiter-bc78a54471b2da17.rmeta --extern http=/tmp/crossdb-turso-target/release/deps/libhttp-e8530c5ad2a9bad1.rmeta --extern libc=/tmp/crossdb-turso-target/release/deps/liblibc-9e79d656281227d1.rmeta --extern prost=/tmp/crossdb-turso-target/release/deps/libprost-9f21362a479806b8.rmeta --extern roaring=/tmp/crossdb-turso-target/release/deps/libroaring-653fa15517684cad.rmeta --extern serde=/tmp/crossdb-turso-target/release/deps/libserde-a35f3fcb983465f3.rmeta --extern serde_json=/tmp/crossdb-turso-target/release/deps/libserde_json-c53aaced51cae6c5.rmeta --extern thiserror=/tmp/crossdb-turso-target/release/deps/libthiserror-20c0d7e3b0cd1919.rmeta --extern tracing=/tmp/crossdb-turso-target/release/deps/libtracing-fce2d56f8a37498e.rmeta --extern turso_core=/tmp/crossdb-turso-target/release/deps/libturso_core-408737c8d61a6ed3.rmeta --extern turso_parser=/tmp/crossdb-turso-target/release/deps/libturso_parser-27b7d809868d263d.rmeta --extern uuid=/tmp/crossdb-turso-target/release/deps/libuuid-9811063345b79f06.rmeta -C target-cpu=native -L native=/tmp/crossdb-turso-target/release/build/simsimd-ba51052c7fd6fc78/out -L native=/tmp/crossdb-turso-target/release/build/zstd-sys-3f310674bc734c67/out`
     Running `/home/opc/.rustup/toolchains/stable-aarch64-unknown-linux-gnu/bin/rustc --crate-name libmimalloc_sys --edition=2018 /home/opc/.cargo/registry/src/index.crates.io-1949cf8c6b5b557f/libmimalloc-sys-0.1.43/src/lib.rs --error-format=json --json=diagnostic-rendered-ansi,artifacts,future-incompat --crate-type lib --emit=dep-info,metadata,link -C opt-level=3 -C panic=abort -C linker-plugin-lto -C codegen-units=4 -C debuginfo=line-tables-only --check-cfg 'cfg(docsrs,test)' --check-cfg 'cfg(feature, values("arena", "cty", "debug", "debug_in_debug", "extended", "local_dynamic_tls", "no_thp", "override", "secure"))' -C metadata=d61ed5833751e9c4 -C extra-filename=-582de71158adf238 --out-dir /tmp/crossdb-turso-target/release/deps -L dependency=/tmp/crossdb-turso-target/release/deps --extern libc=/tmp/crossdb-turso-target/release/deps/liblibc-9e79d656281227d1.rmeta --cap-lints allow -C target-cpu=native -L native=/tmp/crossdb-turso-target/release/build/libmimalloc-sys-0652438ced578d94/out -l static=mimalloc`
   Compiling mimalloc v0.1.47
     Running `/home/opc/.rustup/toolchains/stable-aarch64-unknown-linux-gnu/bin/rustc --crate-name mimalloc --edition=2018 /home/opc/.cargo/registry/src/index.crates.io-1949cf8c6b5b557f/mimalloc-0.1.47/src/lib.rs --error-format=json --json=diagnostic-rendered-ansi,artifacts,future-incompat --crate-type lib --emit=dep-info,metadata,link -C opt-level=3 -C panic=abort -C linker-plugin-lto -C codegen-units=4 -C debuginfo=line-tables-only --check-cfg 'cfg(docsrs,test)' --check-cfg 'cfg(feature, values("debug", "debug_in_debug", "default", "extended", "local_dynamic_tls", "no_thp", "override", "secure"))' -C metadata=0649cf1e6aaff92b -C extra-filename=-c979bd283099686e --out-dir /tmp/crossdb-turso-target/release/deps -L dependency=/tmp/crossdb-turso-target/release/deps --extern libmimalloc_sys=/tmp/crossdb-turso-target/release/deps/liblibmimalloc_sys-582de71158adf238.rmeta --cap-lints allow -C target-cpu=native -L native=/tmp/crossdb-turso-target/release/build/libmimalloc-sys-0652438ced578d94/out`
   Compiling turso-bench v0.1.0 (/tmp/crossdb-harness/turso-bench)
     Running `/home/opc/.rustup/toolchains/stable-aarch64-unknown-linux-gnu/bin/rustc --crate-name build_script_build --edition=2021 build.rs --error-format=json --json=diagnostic-rendered-ansi,artifacts,future-incompat --crate-type bin --emit=dep-info,link -C embed-bitcode=no -C debug-assertions=off --check-cfg 'cfg(docsrs,test)' --check-cfg 'cfg(feature, values())' -C metadata=01e3db0f13dacf21 -C extra-filename=-20f969f5998bd7f3 --out-dir /tmp/crossdb-turso-target/release/build/turso-bench-20f969f5998bd7f3 -L dependency=/tmp/crossdb-turso-target/release/deps -C target-cpu=native`
     Running `/tmp/crossdb-turso-target/release/build/turso-bench-20f969f5998bd7f3/build-script-build`
   Compiling tokio v1.47.0
     Running `/home/opc/.rustup/toolchains/stable-aarch64-unknown-linux-gnu/bin/rustc --crate-name tokio --edition=2021 /home/opc/.cargo/registry/src/index.crates.io-1949cf8c6b5b557f/tokio-1.47.0/src/lib.rs --error-format=json --json=diagnostic-rendered-ansi,artifacts,future-incompat --crate-type lib --emit=dep-info,metadata,link -C opt-level=3 -C panic=abort -C linker-plugin-lto -C codegen-units=4 -C debuginfo=line-tables-only --warn=unexpected_cfgs --check-cfg 'cfg(fuzzing)' --check-cfg 'cfg(loom)' --check-cfg 'cfg(mio_unsupported_force_poll_poll)' --check-cfg 'cfg(tokio_allow_from_blocking_fd)' --check-cfg 'cfg(tokio_internal_mt_counters)' --check-cfg 'cfg(tokio_no_parking_lot)' --check-cfg 'cfg(tokio_no_tuning_tests)' --check-cfg 'cfg(tokio_taskdump)' --check-cfg 'cfg(tokio_unstable)' --check-cfg 'cfg(tokio_uring)' --check-cfg 'cfg(target_os, values("cygwin"))' --cfg 'feature="default"' --cfg 'feature="rt"' --cfg 'feature="time"' --check-cfg 'cfg(docsrs,test)' --check-cfg 'cfg(feature, values("bytes", "default", "fs", "full", "io-std", "io-util", "libc", "macros", "mio", "net", "parking_lot", "process", "rt", "rt-multi-thread", "signal", "signal-hook-registry", "socket2", "sync", "test-util", "time", "tokio-macros", "tracing", "windows-sys"))' -C metadata=067417e833802a4b -C extra-filename=-8bb3d7c53aef8636 --out-dir /tmp/crossdb-turso-target/release/deps -L dependency=/tmp/crossdb-turso-target/release/deps --extern pin_project_lite=/tmp/crossdb-turso-target/release/deps/libpin_project_lite-8a3f8391f3e45f67.rmeta --cap-lints allow -C target-cpu=native`
warning: specialization is experimental
  --> /tmp/turso-crossdb/core/alloc/collections/iterator.rs:43:5
   |
43 |     default fn try_from_result_iter(iter: I) -> Result<Self, TryReserveError> {
   |     ^^^^^^^
   |
   = note: see issue #31844 <https://github.com/rust-lang/rust/issues/31844> for more information
   = warning: unstable syntax can change at any point in the future, causing a hard error!
   = note: for more information, see issue #154045 <https://github.com/rust-lang/rust/issues/154045>

warning: `turso_core` (lib) generated 6 warnings (run `cargo fix --lib -p turso_core` to apply 1 suggestion)
     Running `/home/opc/.rustup/toolchains/stable-aarch64-unknown-linux-gnu/bin/rustc --crate-name turso_sdk_kit --edition=2021 /tmp/turso-crossdb/sdk-kit/src/lib.rs --error-format=json --json=diagnostic-rendered-ansi,artifacts,future-incompat --crate-type lib --crate-type cdylib --crate-type staticlib --emit=dep-info,link -C opt-level=3 -C panic=abort -C codegen-units=4 -C debuginfo=line-tables-only --cfg 'feature="default"' --cfg 'feature="encryption"' --cfg 'feature="fts"' --cfg 'feature="pure-rust-crypto"' --check-cfg 'cfg(docsrs,test)' --check-cfg 'cfg(feature, values("default", "encryption", "fts", "pure-rust-crypto"))' -C metadata=67d3621311778b67 --out-dir /tmp/crossdb-turso-target/release/deps -L dependency=/tmp/crossdb-turso-target/release/deps --extern env_logger=/tmp/crossdb-turso-target/release/deps/libenv_logger-6c05cc9996eb8467.rlib --extern parking_lot=/tmp/crossdb-turso-target/release/deps/libparking_lot-39dcb398d2b83012.rlib --extern tracing=/tmp/crossdb-turso-target/release/deps/libtracing-fce2d56f8a37498e.rlib --extern tracing_appender=/tmp/crossdb-turso-target/release/deps/libtracing_appender-56442f683bb1d329.rlib --extern tracing_subscriber=/tmp/crossdb-turso-target/release/deps/libtracing_subscriber-fb0d20fccf86135a.rlib --extern turso_core=/tmp/crossdb-turso-target/release/deps/libturso_core-408737c8d61a6ed3.rlib --extern turso_ext=/tmp/crossdb-turso-target/release/deps/libturso_ext-c5dc382cdc2ee4a9.rlib --extern turso_sdk_kit_macros=/tmp/crossdb-turso-target/release/deps/libturso_sdk_kit_macros-548faa141a9e7eb8.so -C target-cpu=native -L native=/tmp/crossdb-turso-target/release/build/simsimd-ba51052c7fd6fc78/out -L native=/tmp/crossdb-turso-target/release/build/zstd-sys-3f310674bc734c67/out`
   Compiling turso_sync_sdk_kit v0.8.0-pre.13 (/tmp/turso-crossdb/sync/sdk-kit)
     Running `/home/opc/.rustup/toolchains/stable-aarch64-unknown-linux-gnu/bin/rustc --crate-name turso_sync_sdk_kit --edition=2021 /tmp/turso-crossdb/sync/sdk-kit/src/lib.rs --error-format=json --json=diagnostic-rendered-ansi,artifacts,future-incompat --crate-type lib --crate-type cdylib --crate-type staticlib --emit=dep-info,link -C opt-level=3 -C panic=abort -C codegen-units=4 -C debuginfo=line-tables-only --check-cfg 'cfg(docsrs,test)' --check-cfg 'cfg(feature, values("pure-rust-crypto"))' -C metadata=0f72a53c5692985d --out-dir /tmp/crossdb-turso-target/release/deps -L dependency=/tmp/crossdb-turso-target/release/deps --extern env_logger=/tmp/crossdb-turso-target/release/deps/libenv_logger-6c05cc9996eb8467.rlib --extern genawaiter=/tmp/crossdb-turso-target/release/deps/libgenawaiter-bc78a54471b2da17.rlib --extern parking_lot=/tmp/crossdb-turso-target/release/deps/libparking_lot-39dcb398d2b83012.rlib --extern tracing=/tmp/crossdb-turso-target/release/deps/libtracing-fce2d56f8a37498e.rlib --extern tracing_appender=/tmp/crossdb-turso-target/release/deps/libtracing_appender-56442f683bb1d329.rlib --extern tracing_subscriber=/tmp/crossdb-turso-target/release/deps/libtracing_subscriber-fb0d20fccf86135a.rlib --extern turso_core=/tmp/crossdb-turso-target/release/deps/libturso_core-408737c8d61a6ed3.rlib --extern turso_sdk_kit=/tmp/crossdb-turso-target/release/deps/libturso_sdk_kit.rlib --extern turso_sdk_kit_macros=/tmp/crossdb-turso-target/release/deps/libturso_sdk_kit_macros-548faa141a9e7eb8.so --extern turso_sync_engine=/tmp/crossdb-turso-target/release/deps/libturso_sync_engine-1fe3938e0e59cd11.rlib -C target-cpu=native -L native=/tmp/crossdb-turso-target/release/build/simsimd-ba51052c7fd6fc78/out -L native=/tmp/crossdb-turso-target/release/build/zstd-sys-3f310674bc734c67/out`
warning: hiding a lifetime that's elided elsewhere is confusing
   --> /tmp/turso-crossdb/sync/sdk-kit/src/sync_engine_io.rs:211:14
    |
211 |     fn inner(&self) -> turso_sync_engine::Result<MutexGuard<SyncEngineIoCompletionInner<TBytes>>> {
    |              ^^^^^ the lifetime is elided here   ^^^^^^^^^^^^^^^^^^^^^^^^^^^^^^^^^^^^^^^^^^^^^^^ the same lifetime is hidden here
    |
    = help: the same lifetime is referred to in inconsistent ways, making the signature confusing
    = note: `#[warn(mismatched_lifetime_syntaxes)]` on by default
help: use `'_` for type paths
    |
211 |     fn inner(&self) -> turso_sync_engine::Result<MutexGuard<'_, SyncEngineIoCompletionInner<TBytes>>> {
    |                                                             +++

warning: `turso_sync_sdk_kit` (lib) generated 1 warning (run `cargo fix --lib -p turso_sync_sdk_kit` to apply 1 suggestion)
   Compiling turso v0.8.0-pre.13 (/tmp/turso-crossdb/bindings/rust)
     Running `/home/opc/.rustup/toolchains/stable-aarch64-unknown-linux-gnu/bin/rustc --crate-name turso --edition=2021 /tmp/turso-crossdb/bindings/rust/src/lib.rs --error-format=json --json=diagnostic-rendered-ansi,artifacts,future-incompat --crate-type lib --emit=dep-info,metadata,link -C opt-level=3 -C panic=abort -C linker-plugin-lto -C codegen-units=4 -C debuginfo=line-tables-only --allow=unstable_name_collisions --warn=unexpected_cfgs '--deny=clippy::stable_sort_primitive' '--deny=clippy::redundant_clone' '--deny=clippy::or_fun_call' '--deny=clippy::naive_bytecount' '--deny=clippy::large_types_passed_by_value' '--deny=clippy::large_stack_frames' '--deny=clippy::collection_is_never_read' '--deny=clippy::clear_with_drain' '--deny=clippy::await_holding_lock' '--deny=clippy::assigning_clones' --check-cfg 'cfg(loom)' --check-cfg 'cfg(shuttle)' --check-cfg 'cfg(antithesis)' --check-cfg 'cfg(nightly)' --cfg 'feature="default"' --cfg 'feature="fts"' --cfg 'feature="mimalloc"' --check-cfg 'cfg(docsrs,test)' --check-cfg 'cfg(feature, values("default", "fts", "io_memory_yield", "mimalloc", "pure-rust-crypto", "stacker", "sync", "test_helper"))' -C metadata=400ffd8b774b54c0 -C extra-filename=-5321a8db6d4358f7 --out-dir /tmp/crossdb-turso-target/release/deps -L dependency=/tmp/crossdb-turso-target/release/deps --extern mimalloc=/tmp/crossdb-turso-target/release/deps/libmimalloc-c979bd283099686e.rmeta --extern thiserror=/tmp/crossdb-turso-target/release/deps/libthiserror-20c0d7e3b0cd1919.rmeta --extern tracing=/tmp/crossdb-turso-target/release/deps/libtracing-fce2d56f8a37498e.rmeta --extern tracing_subscriber=/tmp/crossdb-turso-target/release/deps/libtracing_subscriber-fb0d20fccf86135a.rmeta --extern turso_core=/tmp/crossdb-turso-target/release/deps/libturso_core-408737c8d61a6ed3.rmeta --extern turso_sdk_kit=/tmp/crossdb-turso-target/release/deps/libturso_sdk_kit.rlib --extern turso_sync_sdk_kit=/tmp/crossdb-turso-target/release/deps/libturso_sync_sdk_kit.rlib -C target-cpu=native -L native=/tmp/crossdb-turso-target/release/build/libmimalloc-sys-0652438ced578d94/out -L native=/tmp/crossdb-turso-target/release/build/simsimd-ba51052c7fd6fc78/out -L native=/tmp/crossdb-turso-target/release/build/zstd-sys-3f310674bc734c67/out`
     Running `/home/opc/.rustup/toolchains/stable-aarch64-unknown-linux-gnu/bin/rustc --crate-name turso_bench --edition=2021 src/main.rs --error-format=json --json=diagnostic-rendered-ansi,artifacts,future-incompat --crate-type bin --emit=dep-info,link -C opt-level=3 -C panic=abort -C lto=thin -C codegen-units=4 -C debuginfo=line-tables-only --check-cfg 'cfg(docsrs,test)' --check-cfg 'cfg(feature, values())' -C metadata=ecf517fa20f485a9 -C extra-filename=-a8f888f58892871c --out-dir /tmp/crossdb-turso-target/release/deps -L dependency=/tmp/crossdb-turso-target/release/deps --extern libc=/tmp/crossdb-turso-target/release/deps/liblibc-9e79d656281227d1.rlib --extern serde_json=/tmp/crossdb-turso-target/release/deps/libserde_json-c53aaced51cae6c5.rlib --extern tokio=/tmp/crossdb-turso-target/release/deps/libtokio-8bb3d7c53aef8636.rlib --extern turso=/tmp/crossdb-turso-target/release/deps/libturso-5321a8db6d4358f7.rlib -C target-cpu=native -L native=/tmp/crossdb-turso-target/release/build/libmimalloc-sys-0652438ced578d94/out -L native=/tmp/crossdb-turso-target/release/build/simsimd-ba51052c7fd6fc78/out -L native=/tmp/crossdb-turso-target/release/build/zstd-sys-3f310674bc734c67/out`
warning: constant `BASE_SEED` is never used
 --> src/../../common/workload.rs:4:11
  |
4 | pub const BASE_SEED: u64 = 979_000_000;
  |           ^^^^^^^^^
  |
  = note: `#[warn(dead_code)]` (part of `#[warn(unused)]`) on by default

warning: constant `SEED_STRIDE` is never used
 --> src/../../common/workload.rs:5:11
  |
5 | pub const SEED_STRIDE: u64 = 1_009;
  |           ^^^^^^^^^^^

warning: function `invocation_seed` is never used
   --> src/../../common/workload.rs:163:8
    |
163 | pub fn invocation_seed(scenario_index: u64, repetition_index: u64) -> u64 {
    |        ^^^^^^^^^^^^^^^

warning: `turso-bench` (bin "turso-bench") generated 3 warnings
    Finished `release` profile [optimized + debuginfo] target(s) in 9m 51s
exit=0 end=2026-09-25T12:34:32Z
